{
"type": "FeatureCollection",
"name": "connectivity_ADM2_ZWE_2026Q2",
"crs": { "type": "name", "properties": { "name": "urn:ogc:def:crs:OGC:1.3:CRS84" } },
"xy_coordinate_resolution": 1e-06,
"features": [
{ "type": "Feature", "properties": { "admin_name": "Beitbridge", "tiles": 12.0, "tests": 139.0, "devices": 26.0, "pop_weight": 270.71369218826294, "area_km2": 3.8644499711237446, "d_mean_tile": 83.233, "d_median_tile": 74.5915, "d_mean_pop": 72.709240316282518, "d_median_pop": 74.023593673100194, "d_p10_pop": 57.527867265881241, "d_p90_pop": 81.537, "u_median_pop": 36.082833429870398, "lat_median_pop": 35.151789900690908, "pct_above_bb": 100.0, "pct_above_hi": 100.0, "divide_ratio": 1.4173478676543629, "pop_total": 103346.24087615886, "pop_covered": 270.71369218826294, "pop_coverage_pct": 0.26194827203503479, "level": "ADM2" }, "geometry": { "type": "Polygon", "coordinates": [ [ [ 30.944008, -22.112793 ], [ 30.931185, -22.105334 ], [ 30.935285, -22.086198 ], [ 30.931301, -22.073834 ], [ 30.927604, -22.072489 ], [ 30.917083, -22.073567 ], [ 30.899739, -22.083512 ], [ 30.889502, -22.084319 ], [ 30.886944, -22.081091 ], [ 30.8734, -22.041814 ], [ 30.859519, -22.03435 ], [ 30.857414, -22.016666 ], [ 30.832958, -21.997475 ], [ 30.803689, -21.999073 ], [ 30.801734, -21.996597 ], [ 30.802867, -21.991528 ], [ 30.797843, -21.985549 ], [ 30.796602, -21.980819 ], [ 30.801062, -21.975268 ], [ 30.808716, -21.974841 ], [ 30.806841, -21.969763 ], [ 30.798062, -21.964229 ], [ 30.783315, -21.964609 ], [ 30.772684, -21.956631 ], [ 30.767204, -21.95481 ], [ 30.761559, -21.949185 ], [ 30.756898, -21.941446 ], [ 30.75417, -21.93263 ], [ 30.756083, -21.929566 ], [ 30.763509, -21.925511 ], [ 30.769395, -21.924224 ], [ 30.771257, -21.922213 ], [ 30.7689, -21.918841 ], [ 30.760247, -21.913477 ], [ 30.761959, -21.909361 ], [ 30.761371, -21.907024 ], [ 30.757899, -21.904951 ], [ 30.750275, -21.90353 ], [ 30.738103, -21.891257 ], [ 30.727629, -21.890305 ], [ 30.730471, -21.875066 ], [ 30.727111, -21.874118 ], [ 30.716655, -21.87527 ], [ 30.712761, -21.872118 ], [ 30.710146, -21.861828 ], [ 30.714285, -21.858669 ], [ 30.715076, -21.855964 ], [ 30.710817, -21.850275 ], [ 30.702882, -21.847251 ], [ 30.692888, -21.839657 ], [ 30.685206, -21.83156 ], [ 30.682771, -21.830495 ], [ 30.672375, -21.831538 ], [ 30.670222, -21.829454 ], [ 30.66978, -21.823736 ], [ 30.674187, -21.817444 ], [ 30.672032, -21.814816 ], [ 30.666358, -21.813288 ], [ 30.665074, -21.811245 ], [ 30.66488, -21.808171 ], [ 30.669024, -21.797187 ], [ 30.665223, -21.781622 ], [ 30.658568, -21.77994 ], [ 30.653206, -21.781378 ], [ 30.64265, -21.774377 ], [ 30.635351, -21.771348 ], [ 30.634758, -21.768871 ], [ 30.637558, -21.763995 ], [ 30.643516, -21.756724 ], [ 30.648807, -21.753128 ], [ 30.650106, -21.750319 ], [ 30.648958, -21.748854 ], [ 30.644481, -21.74811 ], [ 30.639602, -21.750921 ], [ 30.631573, -21.759392 ], [ 30.619524, -21.76325 ], [ 30.60715, -21.745822 ], [ 30.599542, -21.743053 ], [ 30.596465, -21.7519 ], [ 30.590182, -21.754044 ], [ 30.58809, -21.751953 ], [ 30.587748, -21.744874 ], [ 30.582106, -21.735955 ], [ 30.576725, -21.735063 ], [ 30.571213, -21.737445 ], [ 30.562193, -21.729828 ], [ 30.559166, -21.73192 ], [ 30.557714, -21.738433 ], [ 30.553957, -21.745332 ], [ 30.544265, -21.747917 ], [ 30.540839, -21.745 ], [ 30.543109, -21.735997 ], [ 30.535277, -21.728313 ], [ 30.534108, -21.719929 ], [ 30.524329, -21.719818 ], [ 30.521834, -21.714192 ], [ 30.51847, -21.71148 ], [ 30.509205, -21.71168 ], [ 30.503763, -21.710258 ], [ 30.499838, -21.707974 ], [ 30.498222, -21.704967 ], [ 30.497862, -21.701078 ], [ 30.501913, -21.691425 ], [ 30.499451, -21.687096 ], [ 30.499235, -21.681777 ], [ 30.499956, -21.679593 ], [ 30.505318, -21.67771 ], [ 30.507595, -21.674148 ], [ 30.50845, -21.664791 ], [ 30.506536, -21.660479 ], [ 30.503231, -21.657983 ], [ 30.492088, -21.656485 ], [ 30.488695, -21.657393 ], [ 30.485704, -21.66231 ], [ 30.482521, -21.663216 ], [ 30.47827, -21.661492 ], [ 30.476186, -21.656033 ], [ 30.470395, -21.651566 ], [ 30.461917, -21.651051 ], [ 30.450215, -21.652568 ], [ 30.44609, -21.647026 ], [ 30.446364, -21.635729 ], [ 30.443351, -21.631205 ], [ 30.426928, -21.630511 ], [ 30.407532, -21.624556 ], [ 30.402167, -21.620395 ], [ 30.397754, -21.611097 ], [ 30.395232, -21.608818 ], [ 30.387773, -21.611078 ], [ 30.381185, -21.610838 ], [ 30.37222, -21.601031 ], [ 30.361092, -21.594861 ], [ 30.355921, -21.595585 ], [ 30.344984, -21.607212 ], [ 30.33827, -21.611078 ], [ 30.332088, -21.602275 ], [ 30.328153, -21.600201 ], [ 30.306049, -21.601397 ], [ 30.294981, -21.59532 ], [ 30.275704, -21.596928 ], [ 30.263906, -21.591587 ], [ 30.257215, -21.591539 ], [ 30.250539, -21.593739 ], [ 30.233402, -21.594378 ], [ 30.230284, -21.591621 ], [ 30.229241, -21.588033 ], [ 30.230362, -21.584899 ], [ 30.239675, -21.575827 ], [ 30.241676, -21.570784 ], [ 30.243034, -21.558845 ], [ 30.240522, -21.549719 ], [ 30.235746, -21.545517 ], [ 30.230755, -21.544009 ], [ 30.221321, -21.55351 ], [ 30.218285, -21.553863 ], [ 30.214388, -21.55142 ], [ 30.211491, -21.542611 ], [ 30.20855, -21.538685 ], [ 30.193031, -21.528663 ], [ 30.185193, -21.528543 ], [ 30.178342, -21.532743 ], [ 30.172515, -21.531858 ], [ 30.168437, -21.5263 ], [ 30.16611, -21.516192 ], [ 30.170146, -21.504091 ], [ 30.165777, -21.500491 ], [ 30.146178, -21.505807 ], [ 30.141388, -21.504476 ], [ 30.133475, -21.498233 ], [ 30.126877, -21.49652 ], [ 30.096138, -21.500741 ], [ 30.095689, -21.495675 ], [ 30.09703, -21.492792 ], [ 30.107029, -21.487519 ], [ 30.108663, -21.483414 ], [ 30.093545, -21.47622 ], [ 30.088223, -21.476543 ], [ 30.081376, -21.479135 ], [ 30.072741, -21.47894 ], [ 30.069577, -21.472455 ], [ 30.068879, -21.459393 ], [ 30.054554, -21.447585 ], [ 30.04591, -21.443839 ], [ 30.041536, -21.439399 ], [ 30.039072, -21.427557 ], [ 30.040212, -21.423026 ], [ 30.035032, -21.418101 ], [ 30.033785, -21.413733 ], [ 30.027153, -21.410905 ], [ 30.024719, -21.407364 ], [ 30.01882, -21.387832 ], [ 30.007678, -21.381079 ], [ 29.999079, -21.371261 ], [ 29.953815, -21.353634 ], [ 29.948125, -21.348865 ], [ 29.936421, -21.308276 ], [ 29.921403, -21.298515 ], [ 29.919022, -21.29338 ], [ 29.918847, -21.27678 ], [ 29.906236, -21.269408 ], [ 29.854804, -21.310324 ], [ 29.890699, -21.328467 ], [ 29.896383, -21.359269 ], [ 29.850242, -21.426486 ], [ 29.803527, -21.498949 ], [ 29.495878, -21.453989 ], [ 29.519765, -21.51474 ], [ 29.467115, -21.533198 ], [ 29.452638, -21.539872 ], [ 29.429871, -21.54677 ], [ 29.359917, -21.561184 ], [ 29.298729, -21.65386 ], [ 29.247941, -21.747417 ], [ 29.237497, -21.757642 ], [ 29.232217, -21.767897 ], [ 29.234876, -21.768591 ], [ 29.232931, -21.776695 ], [ 29.22894, -21.777404 ], [ 29.228196, -21.783174 ], [ 29.223983, -21.786807 ], [ 29.226228, -21.792206 ], [ 29.225907, -21.80284 ], [ 29.223113, -21.804645 ], [ 29.221701, -21.809474 ], [ 29.217967, -21.812259 ], [ 29.217175, -21.816665 ], [ 29.208506, -21.817929 ], [ 29.206223, -21.820742 ], [ 29.208022, -21.828917 ], [ 29.215083, -21.834407 ], [ 29.215888, -21.839277 ], [ 29.212863, -21.841077 ], [ 29.207705, -21.839265 ], [ 29.204491, -21.840631 ], [ 29.198845, -21.849951 ], [ 29.200869, -21.858273 ], [ 29.1905, -21.863432 ], [ 29.185894, -21.867406 ], [ 29.183576, -21.871646 ], [ 29.180048, -21.87208 ], [ 29.178392, -21.87419 ], [ 29.181681, -21.880824 ], [ 29.182993, -21.890133 ], [ 29.187334, -21.894285 ], [ 29.188097, -21.897655 ], [ 29.03772, -21.996843 ], [ 29.05019, -22.016633 ], [ 29.071652, -22.03798 ], [ 29.093537, -22.053625 ], [ 29.106586, -22.060091 ], [ 29.123815, -22.066334 ], [ 29.158593, -22.073579 ], [ 29.185026, -22.074659 ], [ 29.204485, -22.072345 ], [ 29.248247, -22.05847 ], [ 29.250995, -22.061087 ], [ 29.257007, -22.063172 ], [ 29.263136, -22.068635 ], [ 29.273794, -22.085171 ], [ 29.284636, -22.115391 ], [ 29.29893, -22.130287 ], [ 29.336143, -22.159879 ], [ 29.352316, -22.181657 ], [ 29.362834, -22.19025 ], [ 29.372973, -22.191766 ], [ 29.380219, -22.190883 ], [ 29.391843, -22.186657 ], [ 29.398256, -22.182596 ], [ 29.404512, -22.181044 ], [ 29.412502, -22.174479 ], [ 29.425089, -22.17019 ], [ 29.465324, -22.163208 ], [ 29.48497, -22.165033 ], [ 29.515814, -22.176385 ], [ 29.5254, -22.174557 ], [ 29.535793, -22.170872 ], [ 29.545396, -22.165327 ], [ 29.559017, -22.152728 ], [ 29.569022, -22.146067 ], [ 29.569186, -22.144156 ], [ 29.578215, -22.139108 ], [ 29.583433, -22.139215 ], [ 29.593131, -22.144034 ], [ 29.602054, -22.152119 ], [ 29.609088, -22.153964 ], [ 29.61765, -22.149025 ], [ 29.622661, -22.138174 ], [ 29.62612, -22.134145 ], [ 29.655031, -22.123331 ], [ 29.662973, -22.124485 ], [ 29.670509, -22.134853 ], [ 29.674794, -22.137096 ], [ 29.695736, -22.135259 ], [ 29.716379, -22.141836 ], [ 29.73833, -22.138467 ], [ 29.773401, -22.138273 ], [ 29.783278, -22.143711 ], [ 29.785019, -22.147244 ], [ 29.811744, -22.164642 ], [ 29.833831, -22.170084 ], [ 29.85679, -22.171177 ], [ 29.864637, -22.174166 ], [ 29.870448, -22.1815 ], [ 29.886144, -22.190191 ], [ 29.930126, -22.186158 ], [ 29.987852, -22.152689 ], [ 30.022145, -22.159184 ], [ 30.031665, -22.158877 ], [ 30.051408, -22.162479 ], [ 30.054859, -22.25411 ], [ 30.062048, -22.259194 ], [ 30.074922, -22.271851 ], [ 30.100472, -22.284624 ], [ 30.110898, -22.294908 ], [ 30.117557, -22.304031 ], [ 30.125005, -22.308849 ], [ 30.132091, -22.3088 ], [ 30.147218, -22.301393 ], [ 30.15824, -22.298774 ], [ 30.173462, -22.297736 ], [ 30.185716, -22.295262 ], [ 30.197881, -22.295796 ], [ 30.222996, -22.29321 ], [ 30.233235, -22.294599 ], [ 30.236685, -22.298692 ], [ 30.23897, -22.30608 ], [ 30.255296, -22.315937 ], [ 30.274577, -22.34503 ], [ 30.2789, -22.349431 ], [ 30.289295, -22.354867 ], [ 30.295237, -22.354865 ], [ 30.312872, -22.346357 ], [ 30.317711, -22.345442 ], [ 30.335904, -22.34875 ], [ 30.356797, -22.346488 ], [ 30.377926, -22.349202 ], [ 30.390873, -22.347059 ], [ 30.455298, -22.328588 ], [ 30.47911, -22.315493 ], [ 30.485435, -22.314312 ], [ 30.496035, -22.315661 ], [ 30.503658, -22.320228 ], [ 30.529502, -22.323049 ], [ 30.54914, -22.330068 ], [ 30.55553, -22.329061 ], [ 30.564667, -22.320968 ], [ 30.571686, -22.318394 ], [ 30.601241, -22.318945 ], [ 30.608697, -22.321576 ], [ 30.620767, -22.331912 ], [ 30.630542, -22.334375 ], [ 30.638988, -22.330598 ], [ 30.650156, -22.316383 ], [ 30.661342, -22.309164 ], [ 30.671328, -22.308201 ], [ 30.70696, -22.314793 ], [ 30.715969, -22.311379 ], [ 30.728113, -22.310024 ], [ 30.730737, -22.308294 ], [ 30.741479, -22.306054 ], [ 30.750756, -22.30557 ], [ 30.758605, -22.30255 ], [ 30.786405, -22.300292 ], [ 30.833291, -22.289204 ], [ 30.840999, -22.289335 ], [ 30.854625, -22.294092 ], [ 30.865585, -22.29522 ], [ 30.883463, -22.30265 ], [ 30.899071, -22.294325 ], [ 30.932899, -22.3002 ], [ 30.939691, -22.303304 ], [ 30.945826, -22.312428 ], [ 30.9595, -22.311506 ], [ 30.97049, -22.313742 ], [ 30.973397, -22.321917 ], [ 30.982339, -22.325603 ], [ 30.989824, -22.324956 ], [ 30.993518, -22.32066 ], [ 30.99509, -22.315489 ], [ 30.999786, -22.31374 ], [ 31.036627, -22.331052 ], [ 31.051162, -22.335509 ], [ 31.070476, -22.337384 ], [ 31.087038, -22.34527 ], [ 31.098442, -22.345261 ], [ 31.099728, -22.343025 ], [ 31.113327, -22.337529 ], [ 31.113331, -22.335284 ], [ 31.100332, -22.320181 ], [ 31.098564, -22.314323 ], [ 31.086098, -22.301999 ], [ 31.084131, -22.297555 ], [ 31.084086, -22.289722 ], [ 31.0802, -22.288513 ], [ 31.072519, -22.293772 ], [ 31.068313, -22.29406 ], [ 31.061126, -22.285225 ], [ 31.055442, -22.286865 ], [ 31.051229, -22.285887 ], [ 31.04973, -22.283129 ], [ 31.052095, -22.278665 ], [ 31.049581, -22.271577 ], [ 31.053273, -22.268374 ], [ 31.053304, -22.266607 ], [ 31.034298, -22.266733 ], [ 31.030773, -22.263447 ], [ 31.027615, -22.251866 ], [ 31.024187, -22.250884 ], [ 31.017433, -22.252526 ], [ 31.013092, -22.250434 ], [ 31.016237, -22.233136 ], [ 31.02095, -22.232842 ], [ 31.026251, -22.236671 ], [ 31.031847, -22.235787 ], [ 31.036265, -22.230191 ], [ 31.034498, -22.224005 ], [ 31.030374, -22.221354 ], [ 31.020361, -22.218408 ], [ 31.010936, -22.22754 ], [ 31.005929, -22.224594 ], [ 31.013292, -22.21075 ], [ 31.013292, -22.208394 ], [ 31.002395, -22.207215 ], [ 31.006518, -22.197201 ], [ 31.009758, -22.193961 ], [ 31.00534, -22.178644 ], [ 30.987669, -22.174226 ], [ 30.989436, -22.169218 ], [ 30.985901, -22.163327 ], [ 30.982956, -22.161854 ], [ 30.962634, -22.159793 ], [ 30.954682, -22.15508 ], [ 30.947855, -22.136501 ], [ 30.94806, -22.124998 ], [ 30.944008, -22.112793 ] ] ] } },
{ "type": "Feature", "properties": { "admin_name": "Beitbridge Urban", "tiles": 12.0, "tests": 25.0, "devices": 16.0, "pop_weight": 32194.354919433594, "area_km2": 3.8462933773951939, "d_mean_tile": 69.793083333333328, "d_median_tile": 46.1705, "d_mean_pop": 66.743759817299676, "d_median_pop": 43.987366366883805, "d_p10_pop": 26.340745963397556, "d_p90_pop": 151.653485483011, "u_median_pop": 12.196195323943963, "lat_median_pop": 29.30879057371946, "pct_above_bb": 96.400903591695837, "pct_above_hi": 93.713564805489852, "divide_ratio": 5.7573724637010999, "pop_total": 64751.155410737316, "pop_covered": 32194.354919433594, "pop_coverage_pct": 49.720124243674867, "level": "ADM2" }, "geometry": { "type": "Polygon", "coordinates": [ [ [ 29.930126, -22.186158 ], [ 29.92684, -22.18835 ], [ 29.961041, -22.213568 ], [ 29.965114, -22.213843 ], [ 29.966938, -22.220305 ], [ 29.9707, -22.222645 ], [ 29.975355, -22.224655 ], [ 29.988091, -22.225784 ], [ 29.992083, -22.228329 ], [ 29.997732, -22.229482 ], [ 30.007337, -22.228085 ], [ 30.017272, -22.22871 ], [ 30.021246, -22.231671 ], [ 30.021111, -22.245275 ], [ 30.023165, -22.250597 ], [ 30.032447, -22.254156 ], [ 30.054859, -22.25411 ], [ 30.051408, -22.162479 ], [ 30.031665, -22.158877 ], [ 30.022145, -22.159184 ], [ 29.987852, -22.152689 ], [ 29.930126, -22.186158 ] ] ] } },
{ "type": "Feature", "properties": { "admin_name": "Bikita", "tiles": 5.0, "tests": 6.0, "devices": 6.0, "pop_weight": 2673.4614715576172, "area_km2": 1.6511551395778354, "d_mean_tile": 12.135, "d_median_tile": 4.192, "d_mean_pop": 4.2611425480179781, "d_median_pop": 3.6292783941695896, "d_p10_pop": 0.176, "d_p90_pop": 10.433922590226883, "u_median_pop": 3.3736138731407119, "lat_median_pop": 31.567417837888637, "pct_above_bb": 9.1723595155382522, "pct_above_hi": 3.8778857840891265, "divide_ratio": 59.283651080834566, "pop_total": 196183.56811685688, "pop_covered": 2673.4614715576172, "pop_coverage_pct": 1.362734655720589, "level": "ADM2" }, "geometry": { "type": "Polygon", "coordinates": [ [ [ 32.340591, -19.999969 ], [ 32.338504, -19.998405 ], [ 32.334373, -19.989815 ], [ 32.32936, -19.985467 ], [ 32.318379, -19.981652 ], [ 32.295636, -19.98029 ], [ 32.284837, -19.97827 ], [ 32.277048, -19.972925 ], [ 32.271677, -19.964187 ], [ 32.267423, -19.961087 ], [ 32.255045, -19.958842 ], [ 32.233607, -19.941398 ], [ 32.209571, -19.930731 ], [ 32.207321, -19.927748 ], [ 32.202198, -19.909372 ], [ 32.196579, -19.903849 ], [ 32.190078, -19.902571 ], [ 32.166211, -19.903689 ], [ 32.142137, -19.901497 ], [ 32.095557, -19.904522 ], [ 32.093116, -19.901858 ], [ 32.089999, -19.89295 ], [ 32.085974, -19.891221 ], [ 32.082934, -19.887369 ], [ 32.076179, -19.870243 ], [ 32.066879, -19.868038 ], [ 32.061897, -19.864068 ], [ 32.053058, -19.862233 ], [ 32.040276, -19.864723 ], [ 32.026952, -19.865402 ], [ 32.016606, -19.863223 ], [ 32.003733, -19.857835 ], [ 31.999622, -19.857766 ], [ 31.984817, -19.848965 ], [ 31.978886, -19.842593 ], [ 31.97267, -19.821373 ], [ 31.962617, -19.82124 ], [ 31.946971, -19.824461 ], [ 31.927229, -19.825983 ], [ 31.916573, -19.830241 ], [ 31.902246, -19.832259 ], [ 31.893323, -19.83298 ], [ 31.886626, -19.830293 ], [ 31.862896, -19.833696 ], [ 31.853153, -19.838144 ], [ 31.831655, -19.840131 ], [ 31.813079, -19.847622 ], [ 31.806607, -19.846861 ], [ 31.795326, -19.841336 ], [ 31.769461, -19.842142 ], [ 31.748996, -19.83772 ], [ 31.742727, -19.838041 ], [ 31.722059, -19.834365 ], [ 31.719187, -19.836234 ], [ 31.715927, -19.836156 ], [ 31.689601, -19.832685 ], [ 31.6806, -19.845961 ], [ 31.67361, -19.845072 ], [ 31.671811, -19.848685 ], [ 31.667436, -19.847348 ], [ 31.66718, -19.854207 ], [ 31.663665, -19.857171 ], [ 31.662551, -19.860378 ], [ 31.655907, -19.86099 ], [ 31.648959, -19.855514 ], [ 31.645184, -19.855598 ], [ 31.637808, -19.851338 ], [ 31.629273, -19.843994 ], [ 31.625286, -19.849068 ], [ 31.622756, -19.863149 ], [ 31.613754, -19.868101 ], [ 31.60333, -19.868996 ], [ 31.597583, -19.871676 ], [ 31.583516, -19.873827 ], [ 31.5815, -19.874842 ], [ 31.578579, -19.881702 ], [ 31.555034, -19.886691 ], [ 31.552419, -19.886123 ], [ 31.545732, -19.875082 ], [ 31.540544, -19.870819 ], [ 31.533685, -19.873375 ], [ 31.52948, -19.876904 ], [ 31.526392, -19.876782 ], [ 31.51824, -19.882461 ], [ 31.516654, -19.882299 ], [ 31.515582, -19.879863 ], [ 31.513524, -19.879823 ], [ 31.511334, -19.88392 ], [ 31.505627, -19.886596 ], [ 31.501252, -19.885335 ], [ 31.499501, -19.886636 ], [ 31.496739, -19.886201 ], [ 31.49324, -19.883549 ], [ 31.481289, -19.899449 ], [ 31.481227, -19.90595 ], [ 31.472369, -19.90205 ], [ 31.464284, -19.90198 ], [ 31.449281, -19.906439 ], [ 31.4423, -19.917469 ], [ 31.433439, -19.913949 ], [ 31.429567, -19.922514 ], [ 31.409269, -19.970904 ], [ 31.414734, -19.99107 ], [ 31.40317, -20.002503 ], [ 31.421973, -20.036413 ], [ 31.438298, -20.022323 ], [ 31.456544, -20.0508 ], [ 31.467927, -20.060826 ], [ 31.467892, -20.064438 ], [ 31.470561, -20.067435 ], [ 31.470687, -20.077635 ], [ 31.475848, -20.078742 ], [ 31.480372, -20.076019 ], [ 31.485523, -20.078188 ], [ 31.494218, -20.085911 ], [ 31.501072, -20.082772 ], [ 31.503922, -20.083957 ], [ 31.512082, -20.081895 ], [ 31.517687, -20.083682 ], [ 31.521555, -20.090076 ], [ 31.527683, -20.087266 ], [ 31.538835, -20.101402 ], [ 31.540203, -20.108737 ], [ 31.535219, -20.112762 ], [ 31.533962, -20.116676 ], [ 31.5384, -20.123219 ], [ 31.538015, -20.125441 ], [ 31.544687, -20.12829 ], [ 31.559368, -20.13833 ], [ 31.571389, -20.150389 ], [ 31.576888, -20.149268 ], [ 31.580906, -20.154129 ], [ 31.589604, -20.156804 ], [ 31.593115, -20.159603 ], [ 31.595622, -20.167081 ], [ 31.591076, -20.174393 ], [ 31.593775, -20.184929 ], [ 31.590615, -20.201178 ], [ 31.592364, -20.205983 ], [ 31.590859, -20.209441 ], [ 31.591763, -20.218847 ], [ 31.603099, -20.225553 ], [ 31.605489, -20.229588 ], [ 31.606216, -20.237235 ], [ 31.619327, -20.242929 ], [ 31.611946, -20.269359 ], [ 31.609517, -20.283299 ], [ 31.610341, -20.28737 ], [ 31.614656, -20.286199 ], [ 31.621332, -20.28815 ], [ 31.635807, -20.288709 ], [ 31.636042, -20.295895 ], [ 31.638169, -20.298851 ], [ 31.647858, -20.303366 ], [ 31.65235, -20.303755 ], [ 31.653412, -20.307211 ], [ 31.65613, -20.30816 ], [ 31.653115, -20.315186 ], [ 31.658139, -20.319255 ], [ 31.660384, -20.323326 ], [ 31.662564, -20.322712 ], [ 31.663628, -20.319255 ], [ 31.667174, -20.319644 ], [ 31.672138, -20.323322 ], [ 31.671546, -20.327393 ], [ 31.67332, -20.330851 ], [ 31.676629, -20.327335 ], [ 31.679643, -20.333914 ], [ 31.6865, -20.335357 ], [ 31.688451, -20.337699 ], [ 31.697316, -20.340985 ], [ 31.708311, -20.349846 ], [ 31.715761, -20.353634 ], [ 31.723086, -20.354801 ], [ 31.721964, -20.365453 ], [ 31.723679, -20.366956 ], [ 31.726931, -20.366899 ], [ 31.731632, -20.370683 ], [ 31.728539, -20.372729 ], [ 31.724793, -20.370811 ], [ 31.71541, -20.372253 ], [ 31.711167, -20.375596 ], [ 31.710743, -20.378231 ], [ 31.707081, -20.381565 ], [ 31.703502, -20.38282 ], [ 31.699445, -20.39064 ], [ 31.702548, -20.396074 ], [ 31.701673, -20.39948 ], [ 31.694326, -20.404946 ], [ 31.691615, -20.41724 ], [ 31.678357, -20.431107 ], [ 31.683181, -20.435093 ], [ 31.696901, -20.465571 ], [ 31.694927, -20.473045 ], [ 31.697894, -20.477165 ], [ 31.694341, -20.48028 ], [ 31.691732, -20.491698 ], [ 31.695487, -20.494166 ], [ 31.699764, -20.492684 ], [ 31.702802, -20.493739 ], [ 31.700742, -20.498029 ], [ 31.701209, -20.507091 ], [ 31.704624, -20.511121 ], [ 31.708794, -20.528795 ], [ 31.715649, -20.531452 ], [ 31.718134, -20.538144 ], [ 31.719725, -20.549941 ], [ 31.722166, -20.553781 ], [ 31.72587, -20.555464 ], [ 31.726771, -20.557691 ], [ 31.743859, -20.564386 ], [ 31.744096, -20.565606 ], [ 31.73991, -20.567702 ], [ 31.740093, -20.572387 ], [ 31.748929, -20.570228 ], [ 31.752614, -20.570685 ], [ 31.770267, -20.578787 ], [ 31.775006, -20.582556 ], [ 31.789707, -20.582529 ], [ 31.828349, -20.565631 ], [ 31.845872, -20.533108 ], [ 31.864737, -20.488791 ], [ 31.965413, -20.422996 ], [ 31.966756, -20.419298 ], [ 31.969396, -20.419998 ], [ 31.974046, -20.41589 ], [ 31.994665, -20.405443 ], [ 32.000543, -20.405703 ], [ 32.005094, -20.4093 ], [ 32.016447, -20.413134 ], [ 32.062679, -20.411618 ], [ 32.070793, -20.409321 ], [ 32.103236, -20.40626 ], [ 32.146227, -20.409317 ], [ 32.174622, -20.42003 ], [ 32.181927, -20.428449 ], [ 32.1941, -20.436869 ], [ 32.237917, -20.444497 ], [ 32.258208, -20.452138 ], [ 32.284376, -20.455177 ], [ 32.288072, -20.423326 ], [ 32.288915, -20.397065 ], [ 32.291177, -20.388424 ], [ 32.295709, -20.344892 ], [ 32.306271, -20.309791 ], [ 32.306748, -20.301992 ], [ 32.312039, -20.285725 ], [ 32.314598, -20.269002 ], [ 32.31971, -20.260079 ], [ 32.320782, -20.246595 ], [ 32.322216, -20.243725 ], [ 32.323574, -20.216199 ], [ 32.326935, -20.205382 ], [ 32.327164, -20.187542 ], [ 32.339057, -20.157454 ], [ 32.338107, -20.131834 ], [ 32.340759, -20.114194 ], [ 32.338981, -20.105581 ], [ 32.339569, -20.09603 ], [ 32.340412, -20.089025 ], [ 32.34505, -20.078911 ], [ 32.344478, -20.071835 ], [ 32.339095, -20.055941 ], [ 32.337276, -20.042172 ], [ 32.337722, -20.033698 ], [ 32.343395, -20.018429 ], [ 32.340591, -19.999969 ] ] ] } },
{ "type": "Feature", "properties": { "admin_name": "Bindura", "tiles": 12.0, "tests": 69.0, "devices": 14.0, "pop_weight": 2788.0867614746094, "area_km2": 4.0894882632952463, "d_mean_tile": 27.447083333333328, "d_median_tile": 12.5185, "d_mean_pop": 32.929767201994558, "d_median_pop": 10.116589122540566, "d_p10_pop": 0.745, "d_p90_pop": 94.155896226725034, "u_median_pop": 6.663518418243056, "lat_median_pop": 27.917104304695158, "pct_above_bb": 49.887018901056145, "pct_above_hi": 41.53184521278655, "divide_ratio": 126.38375332446313, "pop_total": 188642.69784437175, "pop_covered": 5099.0650024414062, "pop_coverage_pct": 2.7030280316750352, "level": "ADM2" }, "geometry": { "type": "Polygon", "coordinates": [ [ [ 31.403053, -16.840362 ], [ 31.385954, -16.838446 ], [ 31.359325, -16.882843 ], [ 31.351309, -16.857501 ], [ 31.371562, -16.83635 ], [ 31.277384, -16.823452 ], [ 31.278116, -16.831076 ], [ 31.272916, -16.83698 ], [ 31.26569, -16.839397 ], [ 31.262621, -16.837389 ], [ 31.260608, -16.832416 ], [ 31.256852, -16.849235 ], [ 31.251683, -16.851669 ], [ 31.249593, -16.85512 ], [ 31.250586, -16.859094 ], [ 31.253154, -16.859611 ], [ 31.253109, -16.864567 ], [ 31.248946, -16.869488 ], [ 31.23911, -16.873515 ], [ 31.237079, -16.878208 ], [ 31.239114, -16.884609 ], [ 31.237155, -16.886614 ], [ 31.236304, -16.890809 ], [ 31.230605, -16.894803 ], [ 31.228623, -16.898986 ], [ 31.22245, -16.902041 ], [ 31.199089, -16.925789 ], [ 31.198967, -16.929687 ], [ 31.202027, -16.932688 ], [ 31.200459, -16.935152 ], [ 31.203435, -16.947073 ], [ 31.202231, -16.965399 ], [ 31.204267, -16.967895 ], [ 31.204178, -16.977311 ], [ 31.202061, -16.98324 ], [ 31.206667, -16.986254 ], [ 31.21278, -16.984002 ], [ 31.217327, -16.991319 ], [ 31.217256, -16.998165 ], [ 31.219646, -17.003087 ], [ 31.217031, -17.003899 ], [ 31.215662, -17.010296 ], [ 31.216919, -17.014908 ], [ 31.214149, -17.016554 ], [ 31.213383, -17.020588 ], [ 31.208866, -17.02333 ], [ 31.205912, -17.028878 ], [ 31.199386, -17.029511 ], [ 31.189273, -17.04112 ], [ 31.182576, -17.044262 ], [ 31.18196, -17.047878 ], [ 31.180356, -17.048837 ], [ 31.179534, -17.058028 ], [ 31.176751, -17.061066 ], [ 31.177123, -17.066923 ], [ 31.170119, -17.071592 ], [ 31.170072, -17.076052 ], [ 31.137112, -17.100672 ], [ 31.133257, -17.148697 ], [ 31.120669, -17.173514 ], [ 31.119586, -17.179635 ], [ 31.123479, -17.181625 ], [ 31.12416, -17.185672 ], [ 31.127192, -17.18654 ], [ 31.131201, -17.23088 ], [ 31.140654, -17.228186 ], [ 31.131763, -17.319857 ], [ 31.123387, -17.318957 ], [ 31.119283, -17.315754 ], [ 31.116263, -17.319814 ], [ 31.136656, -17.364592 ], [ 31.147858, -17.379392 ], [ 31.149391, -17.404285 ], [ 31.147558, -17.406716 ], [ 31.146854, -17.412829 ], [ 31.148516, -17.416311 ], [ 31.144934, -17.423213 ], [ 31.145103, -17.427192 ], [ 31.142315, -17.429612 ], [ 31.138397, -17.438038 ], [ 31.138185, -17.444827 ], [ 31.152216, -17.449439 ], [ 31.155237, -17.451677 ], [ 31.173894, -17.455947 ], [ 31.227837, -17.473684 ], [ 31.238601, -17.470605 ], [ 31.243419, -17.473293 ], [ 31.245267, -17.472156 ], [ 31.253386, -17.476512 ], [ 31.26191, -17.475891 ], [ 31.26925, -17.47997 ], [ 31.275533, -17.478292 ], [ 31.292311, -17.485802 ], [ 31.307068, -17.486607 ], [ 31.304725, -17.503013 ], [ 31.301075, -17.507463 ], [ 31.302381, -17.510167 ], [ 31.300264, -17.512442 ], [ 31.299207, -17.517212 ], [ 31.300258, -17.520339 ], [ 31.298286, -17.522676 ], [ 31.297752, -17.528785 ], [ 31.295009, -17.535382 ], [ 31.292129, -17.539071 ], [ 31.290319, -17.549686 ], [ 31.28775, -17.554779 ], [ 31.28467, -17.569428 ], [ 31.285934, -17.572695 ], [ 31.283476, -17.573156 ], [ 31.282804, -17.575159 ], [ 31.284225, -17.577389 ], [ 31.282812, -17.581392 ], [ 31.276802, -17.590131 ], [ 31.279871, -17.600616 ], [ 31.2805, -17.60948 ], [ 31.285188, -17.617711 ], [ 31.285244, -17.621741 ], [ 31.282125, -17.626949 ], [ 31.284332, -17.629948 ], [ 31.280304, -17.63545 ], [ 31.27993, -17.643687 ], [ 31.290352, -17.641431 ], [ 31.308603, -17.643403 ], [ 31.335244, -17.608328 ], [ 31.374523, -17.628757 ], [ 31.420005, -17.594621 ], [ 31.458628, -17.562543 ], [ 31.469481, -17.582846 ], [ 31.469996, -17.578977 ], [ 31.475573, -17.57161 ], [ 31.472653, -17.565835 ], [ 31.473864, -17.558855 ], [ 31.482878, -17.550056 ], [ 31.4838, -17.546199 ], [ 31.506198, -17.517365 ], [ 31.507308, -17.514397 ], [ 31.505338, -17.508909 ], [ 31.50797, -17.505121 ], [ 31.508737, -17.500141 ], [ 31.458518, -17.50914 ], [ 31.461146, -17.494668 ], [ 31.468981, -17.475883 ], [ 31.473223, -17.453857 ], [ 31.461178, -17.446269 ], [ 31.46604, -17.432405 ], [ 31.472521, -17.424304 ], [ 31.468726, -17.413176 ], [ 31.480332, -17.407804 ], [ 31.478177, -17.399764 ], [ 31.458359, -17.404811 ], [ 31.451758, -17.381091 ], [ 31.47353, -17.375125 ], [ 31.470065, -17.358383 ], [ 31.469653, -17.360241 ], [ 31.463014, -17.360191 ], [ 31.458945, -17.358197 ], [ 31.442105, -17.356595 ], [ 31.436019, -17.351643 ], [ 31.431419, -17.352097 ], [ 31.431398, -17.35455 ], [ 31.425258, -17.355973 ], [ 31.425246, -17.357444 ], [ 31.429418, -17.35844 ], [ 31.428527, -17.364315 ], [ 31.430727, -17.367409 ], [ 31.424545, -17.373372 ], [ 31.424867, -17.383402 ], [ 31.422365, -17.383114 ], [ 31.422205, -17.38525 ], [ 31.41875, -17.382547 ], [ 31.415969, -17.382256 ], [ 31.414693, -17.384651 ], [ 31.412604, -17.384768 ], [ 31.412497, -17.381423 ], [ 31.40874, -17.381257 ], [ 31.432079, -17.327042 ], [ 31.460639, -17.323941 ], [ 31.470576, -17.272296 ], [ 31.47469, -17.274137 ], [ 31.483368, -17.274203 ], [ 31.494143, -17.267417 ], [ 31.4936, -17.271337 ], [ 31.495067, -17.27183 ], [ 31.495374, -17.204671 ], [ 31.473477, -17.203732 ], [ 31.47448, -17.176698 ], [ 31.421825, -17.177444 ], [ 31.439315, -17.136935 ], [ 31.409514, -17.124432 ], [ 31.434396, -17.093098 ], [ 31.430141, -17.087806 ], [ 31.427263, -17.0887 ], [ 31.426748, -17.085278 ], [ 31.424699, -17.085261 ], [ 31.424053, -17.081181 ], [ 31.420641, -17.08089 ], [ 31.419162, -17.078116 ], [ 31.416835, -17.078492 ], [ 31.414541, -17.075579 ], [ 31.410186, -17.07357 ], [ 31.408814, -17.074217 ], [ 31.406647, -17.072225 ], [ 31.40762, -17.070526 ], [ 31.405852, -17.06959 ], [ 31.405486, -17.064987 ], [ 31.403851, -17.064446 ], [ 31.399186, -17.066509 ], [ 31.395102, -17.064766 ], [ 31.393365, -17.060807 ], [ 31.391587, -17.060923 ], [ 31.390336, -17.063277 ], [ 31.38572, -17.060084 ], [ 31.383252, -17.060983 ], [ 31.38185, -17.064783 ], [ 31.379817, -17.063056 ], [ 31.375476, -17.063937 ], [ 31.374818, -17.061435 ], [ 31.373022, -17.063521 ], [ 31.369905, -17.060866 ], [ 31.365244, -17.062533 ], [ 31.354101, -17.056126 ], [ 31.345722, -17.046718 ], [ 31.344387, -17.043421 ], [ 31.345823, -17.036217 ], [ 31.3517, -17.035874 ], [ 31.379477, -17.006812 ], [ 31.370363, -16.981247 ], [ 31.403053, -16.840362 ] ], [ [ 31.318472, -17.31754 ], [ 31.318696, -17.285276 ], [ 31.34617, -17.27719 ], [ 31.347392, -17.311157 ], [ 31.364307, -17.316679 ], [ 31.369384, -17.338383 ], [ 31.35808, -17.341492 ], [ 31.347974, -17.321748 ], [ 31.318379, -17.330973 ], [ 31.318472, -17.31754 ] ] ] } },
{ "type": "Feature", "properties": { "admin_name": "Bindura Urban", "tiles": 14.0, "tests": 71.0, "devices": 26.0, "pop_weight": 35161.123321533203, "area_km2": 4.7712075917881887, "d_mean_tile": 38.149571428571427, "d_median_tile": 7.8275, "d_mean_pop": 17.239485565421479, "d_median_pop": 6.6712626862138267, "d_p10_pop": 0.30043150913901417, "d_p90_pop": 40.057020385051608, "u_median_pop": 1.4477743455050383, "lat_median_pop": 20.174333092656813, "pct_above_bb": 47.809894258503263, "pct_above_hi": 32.276386038359306, "divide_ratio": 133.33162190559921, "pop_total": 55599.705964565277, "pop_covered": 32850.145080566406, "pop_coverage_pct": 59.083307205801432, "level": "ADM2" }, "geometry": { "type": "Polygon", "coordinates": [ [ [ 31.318472, -17.31754 ], [ 31.318379, -17.330973 ], [ 31.347974, -17.321748 ], [ 31.35808, -17.341492 ], [ 31.369384, -17.338383 ], [ 31.364307, -17.316679 ], [ 31.347392, -17.311157 ], [ 31.34617, -17.27719 ], [ 31.318696, -17.285276 ], [ 31.318472, -17.31754 ] ] ] } },
{ "type": "Feature", "properties": { "admin_name": "Binga", "tiles": 4.0, "tests": 9.0, "devices": 4.0, "pop_weight": 1049.5358821749687, "area_km2": 1.3558978334920633, "d_mean_tile": 51.78475, "d_median_tile": 56.954, "d_mean_pop": 67.901337394421603, "d_median_pop": 69.519116814927301, "d_p10_pop": 45.894696435335426, "d_p90_pop": 83.900879467840923, "u_median_pop": 13.953544851633293, "lat_median_pop": 31.70140154085712, "pct_above_bb": 95.453583334131324, "pct_above_hi": 95.453583334131324, "divide_ratio": 1.8281171025078102, "pop_total": 176833.50704498819, "pop_covered": 1049.5358821749687, "pop_coverage_pct": 0.59351640970845898, "level": "ADM2" }, "geometry": { "type": "Polygon", "coordinates": [ [ [ 28.250369, -17.400964 ], [ 28.248441, -17.399328 ], [ 28.24266, -17.399698 ], [ 28.241859, -17.394937 ], [ 28.239399, -17.391951 ], [ 28.239233, -17.384419 ], [ 28.242392, -17.372937 ], [ 28.240772, -17.366982 ], [ 28.23382, -17.355056 ], [ 28.221052, -17.35004 ], [ 28.209906, -17.350383 ], [ 28.204587, -17.34223 ], [ 28.196336, -17.341793 ], [ 28.193873, -17.339205 ], [ 28.193273, -17.336031 ], [ 28.198258, -17.330307 ], [ 28.197852, -17.329114 ], [ 28.189626, -17.324119 ], [ 28.18204, -17.315756 ], [ 28.17977, -17.315744 ], [ 28.175826, -17.319888 ], [ 28.174771, -17.323846 ], [ 28.173123, -17.323441 ], [ 28.171767, -17.307974 ], [ 28.163521, -17.307138 ], [ 28.16544, -17.296643 ], [ 28.171464, -17.289339 ], [ 28.172103, -17.285774 ], [ 28.172124, -17.282205 ], [ 28.169644, -17.282987 ], [ 28.168009, -17.280401 ], [ 28.165945, -17.28059 ], [ 28.164511, -17.278995 ], [ 28.165985, -17.273652 ], [ 28.171973, -17.272691 ], [ 28.170558, -17.267728 ], [ 28.165621, -17.265323 ], [ 28.153036, -17.265855 ], [ 28.149963, -17.26227 ], [ 28.145422, -17.262644 ], [ 28.142134, -17.260841 ], [ 28.142181, -17.252715 ], [ 28.14715, -17.24957 ], [ 28.14962, -17.250374 ], [ 28.147532, -17.254923 ], [ 28.150814, -17.257913 ], [ 28.154114, -17.25793 ], [ 28.156611, -17.254375 ], [ 28.160105, -17.256376 ], [ 28.164669, -17.254417 ], [ 28.164066, -17.2496 ], [ 28.143702, -17.242533 ], [ 28.143623, -17.24043 ], [ 28.15003, -17.234144 ], [ 28.150518, -17.231765 ], [ 28.138359, -17.228311 ], [ 28.136007, -17.221407 ], [ 28.137621, -17.218072 ], [ 28.152451, -17.218182 ], [ 28.155964, -17.212865 ], [ 28.153881, -17.201949 ], [ 28.14584, -17.20458 ], [ 28.137985, -17.19974 ], [ 28.1355, -17.195343 ], [ 28.136169, -17.18346 ], [ 28.131037, -17.167614 ], [ 28.140192, -17.160428 ], [ 28.143421, -17.154706 ], [ 28.144672, -17.148453 ], [ 28.143038, -17.145342 ], [ 28.134691, -17.139759 ], [ 28.124242, -17.136699 ], [ 28.11803, -17.136398 ], [ 28.108155, -17.139038 ], [ 28.099128, -17.147476 ], [ 28.095113, -17.147883 ], [ 28.091814, -17.144995 ], [ 28.090504, -17.136361 ], [ 28.087385, -17.134118 ], [ 28.08791, -17.130822 ], [ 28.092552, -17.126384 ], [ 28.09287, -17.124003 ], [ 28.070919, -17.101045 ], [ 28.067312, -17.098757 ], [ 28.062727, -17.099054 ], [ 28.046252, -17.111369 ], [ 28.032109, -17.101743 ], [ 28.032453, -17.09753 ], [ 28.047733, -17.090744 ], [ 28.052306, -17.08438 ], [ 28.05273, -17.061267 ], [ 28.046794, -17.049443 ], [ 28.046947, -17.045315 ], [ 28.051789, -17.040239 ], [ 28.063883, -17.031781 ], [ 28.067749, -17.026328 ], [ 28.065313, -17.022879 ], [ 28.047551, -17.02302 ], [ 28.032537, -17.019151 ], [ 28.040137, -17.007872 ], [ 28.02913, -16.997621 ], [ 28.021222, -16.984753 ], [ 28.020364, -16.980475 ], [ 28.033006, -16.948922 ], [ 28.033075, -16.938665 ], [ 28.03087, -16.936515 ], [ 28.02878, -16.925922 ], [ 28.029842, -16.896178 ], [ 28.023192, -16.885974 ], [ 28.013959, -16.87658 ], [ 27.91925, -16.923877 ], [ 27.878522, -16.940324 ], [ 27.82683, -16.963821 ], [ 27.786102, -17.024129 ], [ 27.749291, -17.082087 ], [ 27.744592, -17.08522 ], [ 27.696815, -17.149444 ], [ 27.681934, -17.172157 ], [ 27.642773, -17.225416 ], [ 27.634089, -17.248563 ], [ 27.629854, -17.253259 ], [ 27.622206, -17.328386 ], [ 27.620724, -17.331932 ], [ 27.558924, -17.401305 ], [ 27.552854, -17.41017 ], [ 27.546347, -17.415775 ], [ 27.319623, -17.587858 ], [ 27.144131, -17.804916 ], [ 27.153419, -17.834898 ], [ 27.082303, -17.900628 ], [ 27.04076, -17.960171 ], [ 27.019893, -17.952205 ], [ 26.99836, -17.958704 ], [ 26.98407, -17.967706 ], [ 26.96772, -17.962584 ], [ 26.953041, -17.968931 ], [ 26.935763, -17.971134 ], [ 26.923447, -17.97499 ], [ 26.927411, -17.981633 ], [ 26.924048, -17.987313 ], [ 26.923619, -17.992691 ], [ 26.921328, -17.994945 ], [ 26.912362, -17.996074 ], [ 26.906477, -18.000732 ], [ 26.881679, -18.009143 ], [ 26.881992, -18.012339 ], [ 26.886526, -18.019062 ], [ 26.886555, -18.031069 ], [ 26.891262, -18.035374 ], [ 26.884069, -18.040339 ], [ 26.88812, -18.045812 ], [ 26.887174, -18.05695 ], [ 26.890165, -18.062808 ], [ 26.890133, -18.069982 ], [ 26.887346, -18.07387 ], [ 26.871007, -18.082621 ], [ 26.866824, -18.088141 ], [ 26.867595, -18.09828 ], [ 26.863566, -18.10575 ], [ 26.864484, -18.119391 ], [ 26.862412, -18.1264 ], [ 26.852727, -18.14071 ], [ 26.853108, -18.146324 ], [ 26.864182, -18.149954 ], [ 26.869027, -18.160537 ], [ 26.971138, -18.158489 ], [ 26.97221, -18.169818 ], [ 26.957636, -18.186294 ], [ 26.964971, -18.206044 ], [ 26.984194, -18.213668 ], [ 26.988168, -18.219449 ], [ 27.000148, -18.217002 ], [ 27.019416, -18.218677 ], [ 27.041914, -18.215211 ], [ 27.04375, -18.225872 ], [ 27.052763, -18.2242 ], [ 27.057102, -18.233742 ], [ 27.063071, -18.231392 ], [ 27.074168, -18.23342 ], [ 27.084134, -18.231574 ], [ 27.110445, -18.235617 ], [ 27.11934, -18.234683 ], [ 27.122066, -18.244886 ], [ 27.125101, -18.248327 ], [ 27.120883, -18.262866 ], [ 27.124469, -18.275028 ], [ 27.123554, -18.278086 ], [ 27.117717, -18.284882 ], [ 27.116878, -18.29931 ], [ 27.12154, -18.302531 ], [ 27.126564, -18.301426 ], [ 27.129516, -18.302991 ], [ 27.130992, -18.300865 ], [ 27.147835, -18.299612 ], [ 27.150313, -18.303574 ], [ 27.151179, -18.310586 ], [ 27.156199, -18.322883 ], [ 27.159426, -18.324302 ], [ 27.166596, -18.322527 ], [ 27.170134, -18.327728 ], [ 27.188604, -18.334308 ], [ 27.191087, -18.336196 ], [ 27.193429, -18.343082 ], [ 27.200351, -18.351631 ], [ 27.209195, -18.353397 ], [ 27.217858, -18.350382 ], [ 27.233416, -18.34988 ], [ 27.241316, -18.346445 ], [ 27.246265, -18.349001 ], [ 27.251094, -18.345964 ], [ 27.269077, -18.341906 ], [ 27.269691, -18.362649 ], [ 27.262222, -18.375456 ], [ 27.270288, -18.377964 ], [ 27.27658, -18.382447 ], [ 27.287703, -18.382869 ], [ 27.293644, -18.384656 ], [ 27.294455, -18.391959 ], [ 27.292118, -18.398825 ], [ 27.292174, -18.409087 ], [ 27.29694, -18.424223 ], [ 27.296177, -18.427773 ], [ 27.298197, -18.43395 ], [ 27.277376, -18.433759 ], [ 27.270397, -18.437572 ], [ 27.261106, -18.439037 ], [ 27.252704, -18.442149 ], [ 27.239081, -18.451639 ], [ 27.237608, -18.474001 ], [ 27.235535, -18.483528 ], [ 27.22188, -18.498978 ], [ 27.223079, -18.501125 ], [ 27.230802, -18.499744 ], [ 27.243729, -18.494071 ], [ 27.247322, -18.494067 ], [ 27.25883, -18.501594 ], [ 27.260453, -18.505534 ], [ 27.265127, -18.507756 ], [ 27.277523, -18.507567 ], [ 27.279309, -18.50105 ], [ 27.287029, -18.49761 ], [ 27.296162, -18.498525 ], [ 27.298338, -18.495674 ], [ 27.296593, -18.490267 ], [ 27.298548, -18.489925 ], [ 27.310569, -18.500466 ], [ 27.352267, -18.497351 ], [ 27.389194, -18.497266 ], [ 27.465549, -18.438695 ], [ 27.343358, -18.436657 ], [ 27.332925, -18.410627 ], [ 27.517712, -18.36637 ], [ 27.540061, -18.387122 ], [ 27.575249, -18.426674 ], [ 27.750956, -18.399989 ], [ 27.854085, -18.385904 ], [ 27.857819, -18.336918 ], [ 27.862138, -18.327462 ], [ 27.877033, -18.31329 ], [ 27.876606, -18.30233 ], [ 27.879926, -18.299034 ], [ 27.888464, -18.295375 ], [ 27.89758, -18.286345 ], [ 27.902287, -18.272572 ], [ 27.905339, -18.270728 ], [ 27.907088, -18.273946 ], [ 27.907177, -18.270955 ], [ 27.90902, -18.272177 ], [ 27.912892, -18.27035 ], [ 27.919012, -18.273496 ], [ 27.924018, -18.268906 ], [ 27.927745, -18.269167 ], [ 27.931013, -18.26516 ], [ 27.938154, -18.261982 ], [ 27.944148, -18.255771 ], [ 27.951101, -18.254257 ], [ 27.953671, -18.244782 ], [ 27.957739, -18.242304 ], [ 27.973788, -18.239775 ], [ 27.980259, -18.241978 ], [ 27.986719, -18.236857 ], [ 27.993968, -18.23923 ], [ 27.997499, -18.23721 ], [ 28.001954, -18.223229 ], [ 28.027267, -18.205617 ], [ 28.059861, -18.202399 ], [ 28.090115, -18.206791 ], [ 28.09806, -18.205225 ], [ 28.106752, -18.196052 ], [ 28.109895, -18.189951 ], [ 28.106713, -18.18997 ], [ 28.101917, -18.186196 ], [ 28.073258, -18.181796 ], [ 28.050979, -18.180399 ], [ 28.054088, -18.168217 ], [ 28.046885, -18.160653 ], [ 28.049207, -18.149996 ], [ 28.069808, -18.137717 ], [ 28.068837, -18.108831 ], [ 28.07199, -18.104251 ], [ 28.06875, -18.094385 ], [ 28.067817, -18.071581 ], [ 28.070922, -18.059399 ], [ 28.050218, -18.05267 ], [ 28.037564, -18.063382 ], [ 28.030398, -18.06114 ], [ 28.025559, -18.049 ], [ 28.017563, -18.040679 ], [ 28.008279, -18.018145 ], [ 28.012704, -17.999526 ], [ 28.023041, -17.983175 ], [ 28.043251, -17.960359 ], [ 28.049863, -17.940517 ], [ 28.052207, -17.938905 ], [ 28.068536, -17.936551 ], [ 28.065908, -17.928455 ], [ 28.068748, -17.919689 ], [ 28.06935, -17.910716 ], [ 28.073465, -17.903794 ], [ 28.073474, -17.899664 ], [ 28.079614, -17.891211 ], [ 28.076829, -17.872442 ], [ 28.080882, -17.869236 ], [ 28.081745, -17.862971 ], [ 28.086388, -17.857574 ], [ 28.086182, -17.853749 ], [ 28.088572, -17.85051 ], [ 28.091225, -17.838254 ], [ 28.088844, -17.83418 ], [ 28.085001, -17.831944 ], [ 28.080788, -17.824444 ], [ 28.074275, -17.792219 ], [ 28.069909, -17.789547 ], [ 28.093451, -17.757962 ], [ 28.097098, -17.750292 ], [ 28.096195, -17.746219 ], [ 28.093781, -17.744306 ], [ 28.096749, -17.742588 ], [ 28.101578, -17.733557 ], [ 28.104717, -17.732014 ], [ 28.108751, -17.732583 ], [ 28.116712, -17.727171 ], [ 28.129205, -17.730069 ], [ 28.138761, -17.737712 ], [ 28.143273, -17.737371 ], [ 28.165222, -17.71441 ], [ 28.171709, -17.700562 ], [ 28.182293, -17.694642 ], [ 28.184257, -17.685467 ], [ 28.181049, -17.679426 ], [ 28.190085, -17.673558 ], [ 28.191394, -17.668941 ], [ 28.194842, -17.666492 ], [ 28.193059, -17.662843 ], [ 28.196984, -17.657658 ], [ 28.19568, -17.647405 ], [ 28.19794, -17.615834 ], [ 28.201566, -17.610648 ], [ 28.203942, -17.610192 ], [ 28.20543, -17.606209 ], [ 28.208936, -17.602562 ], [ 28.212682, -17.591107 ], [ 28.216721, -17.586661 ], [ 28.218801, -17.580278 ], [ 28.218506, -17.57629 ], [ 28.216307, -17.574751 ], [ 28.213338, -17.575834 ], [ 28.207219, -17.574581 ], [ 28.203179, -17.577202 ], [ 28.20223, -17.576519 ], [ 28.209777, -17.561517 ], [ 28.207763, -17.557825 ], [ 28.208659, -17.553121 ], [ 28.204564, -17.544253 ], [ 28.209441, -17.540725 ], [ 28.207822, -17.534005 ], [ 28.208657, -17.525858 ], [ 28.214418, -17.519314 ], [ 28.216608, -17.512246 ], [ 28.226904, -17.504039 ], [ 28.2227, -17.488122 ], [ 28.227724, -17.46933 ], [ 28.231743, -17.46406 ], [ 28.239561, -17.458189 ], [ 28.251197, -17.44622 ], [ 28.251168, -17.439055 ], [ 28.243484, -17.425096 ], [ 28.24504, -17.422181 ], [ 28.247435, -17.403558 ], [ 28.250369, -17.400964 ] ] ] } },
{ "type": "Feature", "properties": { "admin_name": "Bubi", "tiles": null, "tests": null, "devices": null, "pop_weight": null, "area_km2": null, "d_mean_tile": null, "d_median_tile": null, "d_mean_pop": null, "d_median_pop": null, "d_p10_pop": null, "d_p90_pop": null, "u_median_pop": null, "lat_median_pop": null, "pct_above_bb": null, "pct_above_hi": null, "divide_ratio": null, "pop_total": 82016.886416679423, "pop_covered": 0.0, "pop_coverage_pct": 0.0, "level": "ADM2" }, "geometry": { "type": "Polygon", "coordinates": [ [ [ 28.436912, -19.158193 ], [ 28.293329, -19.134254 ], [ 28.284998, -19.177429 ], [ 28.284647, -19.219663 ], [ 28.258029, -19.214855 ], [ 28.260079, -19.201954 ], [ 28.213703, -19.188927 ], [ 27.939866, -19.407369 ], [ 28.066341, -19.466737 ], [ 28.071934, -19.357937 ], [ 28.288372, -19.458347 ], [ 28.401645, -19.508693 ], [ 28.498762, -19.569172 ], [ 28.536194, -19.590727 ], [ 28.50007, -19.646586 ], [ 28.492938, -19.654857 ], [ 28.493142, -19.666575 ], [ 28.500103, -19.678487 ], [ 28.537306, -19.715156 ], [ 28.534916, -19.715222 ], [ 28.55133, -19.723027 ], [ 28.526487, -19.803958 ], [ 28.54974, -19.832615 ], [ 28.567328, -19.83371 ], [ 28.568352, -19.84762 ], [ 28.571637, -19.847903 ], [ 28.574159, -19.850096 ], [ 28.578506, -19.847906 ], [ 28.589258, -19.855537 ], [ 28.585073, -19.859491 ], [ 28.592836, -19.869097 ], [ 28.598215, -19.868815 ], [ 28.59881, -19.873053 ], [ 28.594627, -19.874745 ], [ 28.597015, -19.881525 ], [ 28.600004, -19.878136 ], [ 28.609563, -19.880399 ], [ 28.611056, -19.884635 ], [ 28.609861, -19.888872 ], [ 28.606573, -19.892827 ], [ 28.611949, -19.898476 ], [ 28.617625, -19.897347 ], [ 28.617924, -19.901583 ], [ 28.62151, -19.901021 ], [ 28.620612, -19.903279 ], [ 28.611647, -19.907232 ], [ 28.612544, -19.910904 ], [ 28.621209, -19.909776 ], [ 28.621209, -19.913448 ], [ 28.624795, -19.914295 ], [ 28.626288, -19.92051 ], [ 28.623597, -19.924464 ], [ 28.626586, -19.926722 ], [ 28.634953, -19.923052 ], [ 28.642729, -19.92459 ], [ 28.64324, -19.926535 ], [ 28.639592, -19.927397 ], [ 28.638333, -19.933811 ], [ 28.636233, -19.934795 ], [ 28.647034, -19.946957 ], [ 28.650014, -19.945724 ], [ 28.655784, -19.963346 ], [ 28.671813, -19.955598 ], [ 28.702927, -19.99877 ], [ 28.717654, -19.994013 ], [ 28.728462, -19.981856 ], [ 28.742439, -19.97516 ], [ 28.754546, -19.97203 ], [ 28.77681, -19.99946 ], [ 28.780538, -19.999645 ], [ 28.788035, -19.972574 ], [ 28.814665, -19.967827 ], [ 28.821275, -19.927196 ], [ 28.871594, -19.915567 ], [ 28.870543, -19.910354 ], [ 28.952479, -19.902226 ], [ 28.983322, -19.956797 ], [ 28.988829, -19.945318 ], [ 28.991438, -19.942693 ], [ 28.955005, -19.82168 ], [ 29.046581, -19.853188 ], [ 29.07202, -19.829987 ], [ 29.097853, -19.814027 ], [ 29.085816, -19.807209 ], [ 29.1035, -19.775384 ], [ 29.102941, -19.709347 ], [ 29.041663, -19.65728 ], [ 29.06917, -19.654356 ], [ 29.115732, -19.601273 ], [ 29.195085, -19.564659 ], [ 29.127096, -19.534737 ], [ 29.094368, -19.53425 ], [ 29.083472, -19.519297 ], [ 29.082127, -19.509744 ], [ 29.09034, -19.506459 ], [ 29.092111, -19.501509 ], [ 29.09638, -19.50059 ], [ 29.102688, -19.491818 ], [ 29.107254, -19.490315 ], [ 29.171861, -19.49767 ], [ 29.215484, -19.5296 ], [ 29.233795, -19.482403 ], [ 29.231908, -19.480533 ], [ 29.226714, -19.479831 ], [ 29.219161, -19.476037 ], [ 29.216677, -19.470247 ], [ 29.207289, -19.459529 ], [ 29.20074, -19.461347 ], [ 29.19624, -19.458581 ], [ 29.193447, -19.447851 ], [ 29.181951, -19.43717 ], [ 29.175018, -19.433978 ], [ 29.163238, -19.422723 ], [ 29.156611, -19.407889 ], [ 29.155385, -19.401633 ], [ 29.148656, -19.395068 ], [ 29.128981, -19.388689 ], [ 29.121174, -19.3894 ], [ 29.104744, -19.378615 ], [ 29.092138, -19.373206 ], [ 29.089962, -19.366283 ], [ 29.085503, -19.359914 ], [ 29.072759, -19.350518 ], [ 29.071177, -19.347214 ], [ 29.072127, -19.339677 ], [ 29.05799, -19.331031 ], [ 29.053624, -19.319266 ], [ 29.047815, -19.311941 ], [ 29.034204, -19.310373 ], [ 29.033606, -19.303302 ], [ 29.028879, -19.295006 ], [ 29.021687, -19.289393 ], [ 29.01971, -19.284908 ], [ 29.02095, -19.274418 ], [ 29.017015, -19.267887 ], [ 29.018888, -19.258792 ], [ 29.032791, -19.242376 ], [ 29.021381, -19.224263 ], [ 29.016607, -19.219543 ], [ 29.015367, -19.207816 ], [ 29.002814, -19.195616 ], [ 28.914136, -19.249997 ], [ 28.834545, -19.296248 ], [ 28.705716, -19.247594 ], [ 28.64886, -19.227607 ], [ 28.521275, -19.172608 ], [ 28.436912, -19.158193 ] ] ] } },
{ "type": "Feature", "properties": { "admin_name": "Buhera", "tiles": 11.0, "tests": 25.0, "devices": 11.0, "pop_weight": 2348.3996348381042, "area_km2": 3.6616281265256556, "d_mean_tile": 48.148090909090904, "d_median_tile": 56.189, "d_mean_pop": 48.355703931686691, "d_median_pop": 33.869304396010271, "d_p10_pop": 0.112, "d_p90_pop": 108.119, "u_median_pop": 9.6350521565867453, "lat_median_pop": 24.227258627964186, "pct_above_bb": 59.88754625964561, "pct_above_hi": 59.88754625964561, "divide_ratio": 965.34821428571422, "pop_total": 299360.43543523469, "pop_covered": 2348.3996348381042, "pop_coverage_pct": 0.78447228052157558, "level": "ADM2" }, "geometry": { "type": "Polygon", "coordinates": [ [ [ 32.340591, -19.999969 ], [ 32.345748, -19.969475 ], [ 32.340747, -19.955558 ], [ 32.34053, -19.948969 ], [ 32.348194, -19.940881 ], [ 32.363452, -19.931424 ], [ 32.367052, -19.925349 ], [ 32.366209, -19.919069 ], [ 32.370119, -19.906235 ], [ 32.375029, -19.893365 ], [ 32.384695, -19.875607 ], [ 32.391791, -19.854206 ], [ 32.393515, -19.843032 ], [ 32.39284, -19.830222 ], [ 32.394995, -19.817162 ], [ 32.393469, -19.810491 ], [ 32.396235, -19.801117 ], [ 32.394572, -19.790978 ], [ 32.396593, -19.785327 ], [ 32.390887, -19.777934 ], [ 32.389708, -19.772657 ], [ 32.387335, -19.755271 ], [ 32.383044, -19.74843 ], [ 32.353301, -19.740061 ], [ 32.325295, -19.736249 ], [ 32.323273, -19.732667 ], [ 32.300389, -19.721279 ], [ 32.293126, -19.716089 ], [ 32.270811, -19.682326 ], [ 32.26412, -19.668993 ], [ 32.262178, -19.6538 ], [ 32.249842, -19.625817 ], [ 32.234892, -19.609657 ], [ 32.234366, -19.593563 ], [ 32.227297, -19.573797 ], [ 32.22568, -19.550026 ], [ 32.222373, -19.538901 ], [ 32.205005, -19.529618 ], [ 32.200637, -19.524934 ], [ 32.190975, -19.504769 ], [ 32.18676, -19.501208 ], [ 32.182595, -19.492823 ], [ 32.174073, -19.481822 ], [ 32.160916, -19.448054 ], [ 32.146562, -19.434307 ], [ 32.140573, -19.421971 ], [ 32.136549, -19.418274 ], [ 32.130388, -19.41559 ], [ 32.12544, -19.407558 ], [ 32.111315, -19.401129 ], [ 32.10319, -19.385627 ], [ 32.101626, -19.370928 ], [ 32.093093, -19.358453 ], [ 32.088942, -19.332897 ], [ 32.084122, -19.328931 ], [ 32.079666, -19.311733 ], [ 32.073145, -19.309262 ], [ 32.065241, -19.30357 ], [ 32.059765, -19.302102 ], [ 32.049377, -19.291712 ], [ 32.045838, -19.278174 ], [ 32.035223, -19.269172 ], [ 32.03447, -19.264704 ], [ 32.028224, -19.255585 ], [ 32.025357, -19.240841 ], [ 32.022553, -19.235548 ], [ 32.019605, -19.22296 ], [ 32.014932, -19.214022 ], [ 32.017709, -19.209246 ], [ 32.020131, -19.194571 ], [ 32.029771, -19.18606 ], [ 32.033074, -19.173394 ], [ 32.027739, -19.165623 ], [ 32.02104, -19.164049 ], [ 32.008139, -19.155407 ], [ 32.000273, -19.155804 ], [ 31.997362, -19.139961 ], [ 31.989094, -19.130464 ], [ 31.982807, -19.118116 ], [ 31.972191, -19.123297 ], [ 31.966145, -19.116215 ], [ 31.963305, -19.115172 ], [ 31.957574, -19.115737 ], [ 31.953866, -19.117795 ], [ 31.940722, -19.115927 ], [ 31.928522, -19.122153 ], [ 31.919687, -19.123023 ], [ 31.910065, -19.122143 ], [ 31.897686, -19.114523 ], [ 31.895532, -19.114576 ], [ 31.892901, -19.117581 ], [ 31.886277, -19.114747 ], [ 31.880282, -19.116757 ], [ 31.878181, -19.113462 ], [ 31.860725, -19.101688 ], [ 31.854899, -19.103666 ], [ 31.839785, -19.099944 ], [ 31.836214, -19.09585 ], [ 31.832483, -19.086481 ], [ 31.820308, -19.085153 ], [ 31.814689, -19.081911 ], [ 31.811629, -19.078498 ], [ 31.81311, -19.071247 ], [ 31.806375, -19.066555 ], [ 31.802266, -19.05924 ], [ 31.797134, -19.059703 ], [ 31.795117, -19.051931 ], [ 31.790925, -19.049137 ], [ 31.784458, -19.047793 ], [ 31.774254, -19.034702 ], [ 31.74727, -19.027917 ], [ 31.738847, -19.027705 ], [ 31.729381, -19.021837 ], [ 31.726674, -19.021473 ], [ 31.722764, -19.024795 ], [ 31.719975, -19.02477 ], [ 31.720234, -19.03098 ], [ 31.712216, -19.034049 ], [ 31.713043, -19.037503 ], [ 31.712013, -19.038256 ], [ 31.696619, -19.037932 ], [ 31.690781, -19.043351 ], [ 31.687878, -19.042357 ], [ 31.681281, -19.043228 ], [ 31.675067, -19.041571 ], [ 31.668132, -19.043007 ], [ 31.66629, -19.041298 ], [ 31.661889, -19.042836 ], [ 31.660043, -19.040881 ], [ 31.654315, -19.040455 ], [ 31.649598, -19.037546 ], [ 31.636853, -19.040669 ], [ 31.634274, -19.039837 ], [ 31.632405, -19.036692 ], [ 31.628823, -19.038884 ], [ 31.624188, -19.038151 ], [ 31.626931, -19.03411 ], [ 31.625843, -19.030662 ], [ 31.622708, -19.029464 ], [ 31.620543, -19.023059 ], [ 31.616085, -19.020146 ], [ 31.607238, -19.019509 ], [ 31.603309, -19.01733 ], [ 31.595771, -19.01742 ], [ 31.589712, -19.011311 ], [ 31.598785, -19.049043 ], [ 31.591577, -19.074602 ], [ 31.571814, -19.100315 ], [ 31.527179, -19.164882 ], [ 31.521503, -19.168658 ], [ 31.516544, -19.167477 ], [ 31.511772, -19.16036 ], [ 31.504981, -19.158212 ], [ 31.50239, -19.150361 ], [ 31.493426, -19.150628 ], [ 31.48783, -19.147565 ], [ 31.483027, -19.156482 ], [ 31.479529, -19.155536 ], [ 31.468187, -19.143391 ], [ 31.466285, -19.138229 ], [ 31.467163, -19.132997 ], [ 31.465599, -19.12907 ], [ 31.460121, -19.122882 ], [ 31.453983, -19.111866 ], [ 31.442691, -19.10148 ], [ 31.441572, -19.093504 ], [ 31.436347, -19.094616 ], [ 31.435755, -19.097218 ], [ 31.432894, -19.098504 ], [ 31.430514, -19.103906 ], [ 31.425929, -19.107984 ], [ 31.417416, -19.109834 ], [ 31.411889, -19.115363 ], [ 31.407992, -19.116116 ], [ 31.402647, -19.112003 ], [ 31.398609, -19.111066 ], [ 31.393545, -19.104282 ], [ 31.391153, -19.104335 ], [ 31.391229, -19.107565 ], [ 31.388366, -19.107261 ], [ 31.380544, -19.098393 ], [ 31.376741, -19.096705 ], [ 31.375585, -19.089552 ], [ 31.373445, -19.087096 ], [ 31.368056, -19.089663 ], [ 31.363524, -19.089692 ], [ 31.35592, -19.087012 ], [ 31.34784, -19.081674 ], [ 31.344641, -19.081314 ], [ 31.339314, -19.086035 ], [ 31.315218, -19.08915 ], [ 31.318903, -19.127676 ], [ 31.329574, -19.150149 ], [ 31.297496, -19.157366 ], [ 31.303123, -19.194402 ], [ 31.304788, -19.220492 ], [ 31.188503, -19.233831 ], [ 31.19323, -19.240696 ], [ 31.203645, -19.239767 ], [ 31.209289, -19.244403 ], [ 31.217793, -19.24479 ], [ 31.230573, -19.25476 ], [ 31.241424, -19.258576 ], [ 31.250164, -19.267342 ], [ 31.25881, -19.272929 ], [ 31.283833, -19.280833 ], [ 31.293853, -19.291094 ], [ 31.311245, -19.299455 ], [ 31.318139, -19.309384 ], [ 31.325231, -19.311457 ], [ 31.33832, -19.318812 ], [ 31.353991, -19.329152 ], [ 31.358817, -19.335122 ], [ 31.364909, -19.336922 ], [ 31.382129, -19.352153 ], [ 31.396005, -19.368779 ], [ 31.402136, -19.37045 ], [ 31.40677, -19.374293 ], [ 31.411107, -19.374779 ], [ 31.425139, -19.370007 ], [ 31.431014, -19.376915 ], [ 31.43377, -19.377481 ], [ 31.440165, -19.362708 ], [ 31.443832, -19.360132 ], [ 31.448354, -19.362425 ], [ 31.451887, -19.369227 ], [ 31.461296, -19.381263 ], [ 31.46409, -19.381008 ], [ 31.477298, -19.37267 ], [ 31.480015, -19.372664 ], [ 31.489258, -19.376768 ], [ 31.490292, -19.383569 ], [ 31.492304, -19.385164 ], [ 31.503209, -19.385446 ], [ 31.512152, -19.388876 ], [ 31.521567, -19.390498 ], [ 31.526441, -19.394679 ], [ 31.524963, -19.405733 ], [ 31.527502, -19.411834 ], [ 31.548645, -19.417332 ], [ 31.560608, -19.437193 ], [ 31.563569, -19.444947 ], [ 31.566901, -19.447566 ], [ 31.573014, -19.456892 ], [ 31.58317, -19.453875 ], [ 31.58628, -19.456005 ], [ 31.589645, -19.455877 ], [ 31.593666, -19.450673 ], [ 31.599803, -19.450286 ], [ 31.610359, -19.447055 ], [ 31.614589, -19.451934 ], [ 31.617053, -19.458139 ], [ 31.621985, -19.463354 ], [ 31.63237, -19.460871 ], [ 31.639614, -19.457508 ], [ 31.641781, -19.45821 ], [ 31.645607, -19.464168 ], [ 31.649344, -19.466492 ], [ 31.65674, -19.466162 ], [ 31.668916, -19.460861 ], [ 31.67535, -19.461902 ], [ 31.67781, -19.470153 ], [ 31.675222, -19.474265 ], [ 31.67642, -19.47803 ], [ 31.675941, -19.486612 ], [ 31.679319, -19.492695 ], [ 31.678392, -19.497247 ], [ 31.681819, -19.506011 ], [ 31.683173, -19.52233 ], [ 31.703133, -19.524325 ], [ 31.709538, -19.528638 ], [ 31.714342, -19.540537 ], [ 31.726475, -19.542399 ], [ 31.733541, -19.56018 ], [ 31.736097, -19.579706 ], [ 31.739345, -19.583982 ], [ 31.756278, -19.585838 ], [ 31.760854, -19.58328 ], [ 31.770138, -19.583694 ], [ 31.772043, -19.584674 ], [ 31.774723, -19.590124 ], [ 31.785681, -19.591746 ], [ 31.790974, -19.59396 ], [ 31.791296, -19.599894 ], [ 31.795508, -19.605096 ], [ 31.802215, -19.60695 ], [ 31.81623, -19.617539 ], [ 31.825494, -19.620306 ], [ 31.827708, -19.630357 ], [ 31.823514, -19.655193 ], [ 31.832944, -19.656948 ], [ 31.834627, -19.658939 ], [ 31.835306, -19.664919 ], [ 31.842979, -19.667934 ], [ 31.843489, -19.678517 ], [ 31.848919, -19.681793 ], [ 31.855915, -19.68297 ], [ 31.858402, -19.684955 ], [ 31.858912, -19.683811 ], [ 31.877019, -19.701993 ], [ 31.895896, -19.708544 ], [ 31.899377, -19.711849 ], [ 31.919104, -19.7548 ], [ 31.92668, -19.767954 ], [ 31.967406, -19.799059 ], [ 31.969489, -19.803577 ], [ 31.97267, -19.821373 ], [ 31.978886, -19.842593 ], [ 31.984817, -19.848965 ], [ 31.999622, -19.857766 ], [ 32.003733, -19.857835 ], [ 32.016606, -19.863223 ], [ 32.026952, -19.865402 ], [ 32.040276, -19.864723 ], [ 32.053058, -19.862233 ], [ 32.061897, -19.864068 ], [ 32.066879, -19.868038 ], [ 32.076179, -19.870243 ], [ 32.082934, -19.887369 ], [ 32.085974, -19.891221 ], [ 32.089999, -19.89295 ], [ 32.093116, -19.901858 ], [ 32.095557, -19.904522 ], [ 32.142137, -19.901497 ], [ 32.166211, -19.903689 ], [ 32.190078, -19.902571 ], [ 32.196579, -19.903849 ], [ 32.202198, -19.909372 ], [ 32.207321, -19.927748 ], [ 32.209571, -19.930731 ], [ 32.233607, -19.941398 ], [ 32.255045, -19.958842 ], [ 32.267423, -19.961087 ], [ 32.271677, -19.964187 ], [ 32.277048, -19.972925 ], [ 32.284837, -19.97827 ], [ 32.295636, -19.98029 ], [ 32.318379, -19.981652 ], [ 32.32936, -19.985467 ], [ 32.334373, -19.989815 ], [ 32.338504, -19.998405 ], [ 32.340591, -19.999969 ] ] ] } },
{ "type": "Feature", "properties": { "admin_name": "Bulawayo", "tiles": 222.0, "tests": 2092.0, "devices": 487.0, "pop_weight": 410933.40589523315, "area_km2": 73.152943475835286, "d_mean_tile": 54.716031531531527, "d_median_tile": 39.484, "d_mean_pop": 48.17466185779795, "d_median_pop": 31.872724090398112, "d_p10_pop": 0.8672839132496758, "d_p90_pop": 122.41329131626054, "u_median_pop": 14.118660982823336, "lat_median_pop": 27.0, "pct_above_bb": 68.766968247220404, "pct_above_hi": 59.968600242782543, "divide_ratio": 141.14558041043696, "pop_total": 736268.80148933362, "pop_covered": 412885.92697143555, "pop_coverage_pct": 56.078150552657505, "level": "ADM2" }, "geometry": { "type": "Polygon", "coordinates": [ [ [ 28.60532, -20.227443 ], [ 28.608349, -20.230732 ], [ 28.62704, -20.232057 ], [ 28.627121, -20.230566 ], [ 28.635007, -20.228757 ], [ 28.638015, -20.229884 ], [ 28.64091, -20.226421 ], [ 28.650554, -20.226605 ], [ 28.662494, -20.236403 ], [ 28.66507, -20.233308 ], [ 28.663153, -20.221873 ], [ 28.672339, -20.219862 ], [ 28.673586, -20.215219 ], [ 28.684567, -20.220809 ], [ 28.685844, -20.21413 ], [ 28.690722, -20.208006 ], [ 28.69317, -20.202053 ], [ 28.696783, -20.202477 ], [ 28.696496, -20.19099 ], [ 28.67563, -20.181978 ], [ 28.674385, -20.179983 ], [ 28.676954, -20.176339 ], [ 28.670327, -20.17234 ], [ 28.675176, -20.168228 ], [ 28.669356, -20.169044 ], [ 28.664465, -20.166353 ], [ 28.663262, -20.16527 ], [ 28.663924, -20.163323 ], [ 28.651256, -20.152951 ], [ 28.676542, -20.114334 ], [ 28.675338, -20.113156 ], [ 28.669006, -20.11351 ], [ 28.659218, -20.111621 ], [ 28.655419, -20.111528 ], [ 28.652434, -20.113966 ], [ 28.6512, -20.113271 ], [ 28.65748, -20.100105 ], [ 28.656631, -20.089304 ], [ 28.660447, -20.08898 ], [ 28.662001, -20.085034 ], [ 28.660988, -20.084179 ], [ 28.667915, -20.067606 ], [ 28.643576, -20.068652 ], [ 28.649844, -20.058121 ], [ 28.650639, -20.049132 ], [ 28.661785, -20.027965 ], [ 28.667992, -20.024039 ], [ 28.671169, -20.016309 ], [ 28.643598, -20.004159 ], [ 28.60724, -19.961475 ], [ 28.573762, -20.028094 ], [ 28.554159, -20.044337 ], [ 28.553713, -20.056504 ], [ 28.546931, -20.049322 ], [ 28.54851, -20.046126 ], [ 28.547701, -20.044435 ], [ 28.541566, -20.041082 ], [ 28.538873, -20.035812 ], [ 28.536548, -20.035782 ], [ 28.533576, -20.031546 ], [ 28.530765, -20.030471 ], [ 28.512647, -20.04297 ], [ 28.513024, -20.059239 ], [ 28.468702, -20.070582 ], [ 28.458904, -20.055145 ], [ 28.445838, -20.040628 ], [ 28.431199, -20.030176 ], [ 28.420264, -20.026044 ], [ 28.408708, -20.01803 ], [ 28.41514, -20.11845 ], [ 28.404116, -20.118745 ], [ 28.396673, -20.134589 ], [ 28.415375, -20.132491 ], [ 28.428139, -20.153621 ], [ 28.387415, -20.153895 ], [ 28.397756, -20.170218 ], [ 28.442547, -20.177742 ], [ 28.44006, -20.170406 ], [ 28.436913, -20.167127 ], [ 28.437815, -20.162525 ], [ 28.432514, -20.161394 ], [ 28.430915, -20.159858 ], [ 28.431497, -20.157736 ], [ 28.49144, -20.170739 ], [ 28.480982, -20.190795 ], [ 28.483339, -20.191395 ], [ 28.488236, -20.188824 ], [ 28.492732, -20.19018 ], [ 28.499942, -20.189292 ], [ 28.51311, -20.200938 ], [ 28.496569, -20.235452 ], [ 28.538782, -20.258672 ], [ 28.552623, -20.222 ], [ 28.577302, -20.227625 ], [ 28.60532, -20.227443 ] ] ] } },
{ "type": "Feature", "properties": { "admin_name": "Bulilima", "tiles": 15.0, "tests": 185.0, "devices": 34.0, "pop_weight": 976.5621485710144, "area_km2": 4.9336445748380138, "d_mean_tile": 56.1496, "d_median_tile": 48.591, "d_mean_pop": 45.570466348981789, "d_median_pop": 48.123753189352293, "d_p10_pop": 0.301, "d_p90_pop": 71.825146278876204, "u_median_pop": 33.559051644245386, "lat_median_pop": 29.821100642030423, "pct_above_bb": 76.802551027089891, "pct_above_hi": 76.802551027089891, "divide_ratio": 238.62174843480469, "pop_total": 94448.891401283967, "pop_covered": 976.5621485710144, "pop_coverage_pct": 1.033958296473704, "level": "ADM2" }, "geometry": { "type": "Polygon", "coordinates": [ [ [ 28.134667, -20.086171 ], [ 28.091941, -20.097352 ], [ 28.033441, -20.102624 ], [ 27.992644, -20.122506 ], [ 27.944193, -20.058882 ], [ 27.897168, -20.184151 ], [ 27.890273, -20.188203 ], [ 27.886376, -20.186048 ], [ 27.883355, -20.186325 ], [ 27.880125, -20.183612 ], [ 27.86833, -20.186597 ], [ 27.864669, -20.179641 ], [ 27.86107, -20.176997 ], [ 27.857082, -20.180265 ], [ 27.853775, -20.17776 ], [ 27.848617, -20.178592 ], [ 27.837227, -20.171074 ], [ 27.830365, -20.175244 ], [ 27.823476, -20.173987 ], [ 27.818684, -20.174889 ], [ 27.816483, -20.172591 ], [ 27.81251, -20.171414 ], [ 27.805072, -20.151378 ], [ 27.795803, -20.148936 ], [ 27.793012, -20.146847 ], [ 27.785721, -20.147257 ], [ 27.780136, -20.144331 ], [ 27.766642, -20.130409 ], [ 27.75882, -20.134504 ], [ 27.75702, -20.124628 ], [ 27.753207, -20.12024 ], [ 27.752204, -20.113423 ], [ 27.746016, -20.109727 ], [ 27.746066, -20.105678 ], [ 27.740744, -20.098787 ], [ 27.736851, -20.096449 ], [ 27.731737, -20.097041 ], [ 27.728237, -20.092541 ], [ 27.726164, -20.086651 ], [ 27.71866, -20.082818 ], [ 27.709434, -20.074638 ], [ 27.699487, -20.071206 ], [ 27.695559, -20.065582 ], [ 27.689095, -20.061688 ], [ 27.682811, -20.050637 ], [ 27.661692, -20.042322 ], [ 27.652128, -20.032038 ], [ 27.648941, -20.020824 ], [ 27.644279, -20.01498 ], [ 27.634041, -20.011543 ], [ 27.622096, -20.002638 ], [ 27.609876, -19.998063 ], [ 27.594459, -19.980896 ], [ 27.590284, -19.979509 ], [ 27.586704, -19.96983 ], [ 27.575857, -19.954132 ], [ 27.573027, -19.938412 ], [ 27.566065, -19.926779 ], [ 27.564379, -19.916968 ], [ 27.565474, -19.90307 ], [ 27.564354, -19.896364 ], [ 27.558538, -19.889903 ], [ 27.54856, -19.888135 ], [ 27.540854, -19.881871 ], [ 27.538541, -19.870193 ], [ 27.52855, -19.864403 ], [ 27.525624, -19.859978 ], [ 27.517083, -19.854746 ], [ 27.503162, -19.856011 ], [ 27.476564, -19.851196 ], [ 27.461076, -19.845481 ], [ 27.447978, -19.845985 ], [ 27.438669, -19.834479 ], [ 27.431565, -19.831559 ], [ 27.423168, -19.822286 ], [ 27.409169, -19.816068 ], [ 27.406543, -19.81247 ], [ 27.397475, -19.80867 ], [ 27.385036, -19.799149 ], [ 27.377809, -19.799732 ], [ 27.370106, -19.803993 ], [ 27.362841, -19.802576 ], [ 27.356638, -19.797172 ], [ 27.353056, -19.796863 ], [ 27.346306, -19.799736 ], [ 27.338308, -19.800511 ], [ 27.305822, -19.793016 ], [ 27.297335, -19.795596 ], [ 27.29336, -19.802243 ], [ 27.289454, -19.804873 ], [ 27.271361, -19.812194 ], [ 27.268806, -19.820514 ], [ 27.267431, -19.822704 ], [ 27.265163, -19.822946 ], [ 27.241765, -19.818521 ], [ 27.2316, -19.813217 ], [ 27.220477, -19.81166 ], [ 27.211026, -19.811942 ], [ 27.204306, -19.815179 ], [ 27.194297, -19.816745 ], [ 27.190927, -19.813894 ], [ 27.183599, -19.812343 ], [ 27.181272, -19.80568 ], [ 27.17645, -19.803671 ], [ 27.164602, -19.805357 ], [ 27.159413, -19.804489 ], [ 27.136401, -19.79575 ], [ 27.12438, -19.797789 ], [ 27.108081, -19.805441 ], [ 27.094644, -19.804758 ], [ 27.075337, -19.80828 ], [ 27.064698, -19.814275 ], [ 27.049085, -19.808486 ], [ 27.037489, -19.811136 ], [ 27.02359, -19.810798 ], [ 27.001773, -19.814561 ], [ 26.995866, -19.817499 ], [ 26.982189, -19.814367 ], [ 26.975683, -19.808099 ], [ 26.965051, -19.808133 ], [ 26.953161, -19.810203 ], [ 26.947101, -19.813867 ], [ 26.924744, -19.810836 ], [ 26.914799, -19.813039 ], [ 26.904394, -19.813203 ], [ 26.899683, -19.816453 ], [ 26.896183, -19.815635 ], [ 26.884083, -19.819376 ], [ 26.861094, -19.820034 ], [ 26.852458, -19.826094 ], [ 26.84021, -19.831659 ], [ 26.815901, -19.83731 ], [ 26.805728, -19.841571 ], [ 26.79975, -19.84627 ], [ 26.788615, -19.850058 ], [ 26.781491, -19.85546 ], [ 26.756764, -19.858097 ], [ 26.754017, -19.860523 ], [ 26.749275, -19.861791 ], [ 26.733421, -19.883304 ], [ 26.703022, -19.890064 ], [ 26.702292, -19.894062 ], [ 26.708938, -19.905011 ], [ 26.719865, -19.92886 ], [ 26.726701, -19.937736 ], [ 26.745709, -19.935193 ], [ 26.760025, -19.936004 ], [ 26.780479, -19.942467 ], [ 26.791421, -19.943182 ], [ 26.807468, -19.949274 ], [ 26.811284, -19.953233 ], [ 26.818811, -19.953364 ], [ 26.82699, -19.961528 ], [ 26.839264, -19.958897 ], [ 26.851935, -19.959182 ], [ 26.878762, -19.972715 ], [ 26.903177, -19.978921 ], [ 26.916029, -19.988416 ], [ 26.950694, -20.002487 ], [ 26.959403, -20.007926 ], [ 26.971132, -20.011798 ], [ 26.988151, -20.013049 ], [ 26.998738, -20.009351 ], [ 27.015683, -20.00718 ], [ 27.040422, -20.007793 ], [ 27.046236, -20.009452 ], [ 27.07882, -20.027725 ], [ 27.087102, -20.034562 ], [ 27.099074, -20.054308 ], [ 27.113062, -20.06521 ], [ 27.129713, -20.073934 ], [ 27.147269, -20.080509 ], [ 27.15363, -20.080422 ], [ 27.163203, -20.077217 ], [ 27.175521, -20.07865 ], [ 27.193191, -20.078402 ], [ 27.206827, -20.083155 ], [ 27.213395, -20.088139 ], [ 27.222542, -20.106581 ], [ 27.228148, -20.113436 ], [ 27.235699, -20.117738 ], [ 27.236186, -20.122407 ], [ 27.24564, -20.142313 ], [ 27.249015, -20.162306 ], [ 27.260164, -20.181106 ], [ 27.265411, -20.195456 ], [ 27.266889, -20.211446 ], [ 27.273384, -20.219432 ], [ 27.279676, -20.220864 ], [ 27.285659, -20.23077 ], [ 27.288905, -20.248801 ], [ 27.288306, -20.256021 ], [ 27.292063, -20.263325 ], [ 27.290154, -20.270431 ], [ 27.290572, -20.276023 ], [ 27.293866, -20.285151 ], [ 27.301079, -20.296172 ], [ 27.299935, -20.304642 ], [ 27.304238, -20.318147 ], [ 27.304966, -20.325805 ], [ 27.300255, -20.338068 ], [ 27.300465, -20.346458 ], [ 27.296538, -20.356899 ], [ 27.299109, -20.424235 ], [ 27.289468, -20.463226 ], [ 27.289409, -20.47318 ], [ 27.286146, -20.479856 ], [ 27.289947, -20.491537 ], [ 27.289655, -20.497006 ], [ 27.362823, -20.466695 ], [ 27.377472, -20.476334 ], [ 27.434015, -20.480717 ], [ 27.471871, -20.465965 ], [ 27.553123, -20.483757 ], [ 27.577516, -20.492512 ], [ 27.604273, -20.477912 ], [ 27.622319, -20.477116 ], [ 27.647382, -20.497619 ], [ 27.675638, -20.492275 ], [ 27.683695, -20.485069 ], [ 27.695495, -20.488802 ], [ 27.720707, -20.50882 ], [ 27.723793, -20.512766 ], [ 27.727505, -20.512093 ], [ 27.731178, -20.465697 ], [ 27.774826, -20.471703 ], [ 27.791505, -20.451991 ], [ 27.798495, -20.448988 ], [ 27.827454, -20.428384 ], [ 27.831679, -20.422785 ], [ 27.866844, -20.45932 ], [ 27.870053, -20.477338 ], [ 27.864797, -20.493425 ], [ 27.928546, -20.488248 ], [ 27.976974, -20.516906 ], [ 27.991639, -20.500637 ], [ 28.000343, -20.495275 ], [ 28.051681, -20.490979 ], [ 28.069906, -20.485169 ], [ 28.149535, -20.411575 ], [ 28.187599, -20.439927 ], [ 28.204367, -20.414511 ], [ 28.218604, -20.433141 ], [ 28.222688, -20.452112 ], [ 28.245494, -20.417584 ], [ 28.250968, -20.420435 ], [ 28.276817, -20.427023 ], [ 28.308307, -20.406023 ], [ 28.331587, -20.354618 ], [ 28.314414, -20.272569 ], [ 28.306614, -20.282364 ], [ 28.302927, -20.271807 ], [ 28.290675, -20.253993 ], [ 28.276212, -20.247739 ], [ 28.274203, -20.245672 ], [ 28.2742, -20.239973 ], [ 28.271027, -20.237113 ], [ 28.251045, -20.226368 ], [ 28.249726, -20.214613 ], [ 28.237105, -20.204502 ], [ 28.235271, -20.194031 ], [ 28.232985, -20.191844 ], [ 28.222404, -20.187643 ], [ 28.221402, -20.182637 ], [ 28.214665, -20.1761 ], [ 28.199205, -20.145716 ], [ 28.190069, -20.139911 ], [ 28.192328, -20.130754 ], [ 28.191071, -20.122542 ], [ 28.185679, -20.118836 ], [ 28.179947, -20.118496 ], [ 28.166186, -20.11329 ], [ 28.161329, -20.114877 ], [ 28.154554, -20.110359 ], [ 28.148866, -20.111537 ], [ 28.141015, -20.100592 ], [ 28.137155, -20.086094 ], [ 28.134667, -20.086171 ] ] ] } },
{ "type": "Feature", "properties": { "admin_name": "Centenary/ Muzarabani", "tiles": 1.0, "tests": 1.0, "devices": 1.0, "pop_weight": 161.74150085449219, "area_km2": 0.34415012211642892, "d_mean_tile": 0.926, "d_median_tile": 0.926, "d_mean_pop": 0.926, "d_median_pop": 0.926, "d_p10_pop": 0.926, "d_p90_pop": 0.926, "u_median_pop": 0.853, "lat_median_pop": 35.0, "pct_above_bb": 0.0, "pct_above_hi": 0.0, "divide_ratio": 1.0, "pop_total": 148632.22095031478, "pop_covered": 161.74150085449219, "pop_coverage_pct": 0.10881994484127343, "level": "ADM2" }, "geometry": { "type": "Polygon", "coordinates": [ [ [ 31.426786, -16.159131 ], [ 31.424167, -16.156272 ], [ 31.424421, -16.154085 ], [ 31.431167, -16.152789 ], [ 31.434573, -16.150251 ], [ 31.435969, -16.14513 ], [ 31.434512, -16.140358 ], [ 31.42868, -16.135088 ], [ 31.423826, -16.133289 ], [ 31.41756, -16.135886 ], [ 31.413139, -16.140335 ], [ 31.404308, -16.135559 ], [ 31.402265, -16.131524 ], [ 31.403503, -16.118988 ], [ 31.397272, -16.109067 ], [ 31.388165, -16.105315 ], [ 31.384869, -16.098977 ], [ 31.371943, -16.092531 ], [ 31.355644, -16.073798 ], [ 31.338642, -16.066557 ], [ 31.336645, -16.057429 ], [ 31.344637, -16.051166 ], [ 31.343921, -16.045795 ], [ 31.341921, -16.043651 ], [ 31.333297, -16.041344 ], [ 31.328573, -16.038378 ], [ 31.32318, -16.032224 ], [ 31.320595, -16.023688 ], [ 31.316418, -16.025369 ], [ 31.312655, -16.018019 ], [ 31.308779, -16.019693 ], [ 31.307467, -16.01448 ], [ 31.300006, -16.010111 ], [ 31.297782, -16.011608 ], [ 31.296994, -16.017151 ], [ 31.293994, -16.017498 ], [ 31.282617, -16.005637 ], [ 31.275476, -16.002133 ], [ 31.270691, -16.003388 ], [ 31.263273, -16.008326 ], [ 31.256906, -16.005973 ], [ 31.249463, -16.009605 ], [ 31.238128, -16.000588 ], [ 31.225051, -16.007115 ], [ 31.218665, -16.006972 ], [ 31.207359, -16.003516 ], [ 31.202778, -16.004475 ], [ 31.194097, -16.002913 ], [ 31.189682, -16.004983 ], [ 31.186571, -16.004672 ], [ 31.184763, -16.002301 ], [ 31.18474, -15.993748 ], [ 31.180469, -15.988691 ], [ 31.172118, -15.987601 ], [ 31.166554, -15.988563 ], [ 31.158038, -15.98684 ], [ 31.150025, -15.989866 ], [ 31.148225, -15.989553 ], [ 31.143954, -15.984653 ], [ 31.106664, -15.995813 ], [ 31.104711, -16.000886 ], [ 31.098821, -16.002164 ], [ 31.094417, -16.008665 ], [ 31.087869, -16.008835 ], [ 31.088111, -16.016418 ], [ 31.092296, -16.011577 ], [ 31.103503, -16.014068 ], [ 31.115334, -16.009796 ], [ 31.116297, -16.012972 ], [ 31.110662, -16.022141 ], [ 31.112928, -16.026698 ], [ 31.114998, -16.027978 ], [ 31.119703, -16.027156 ], [ 31.125376, -16.028664 ], [ 31.13172, -16.028169 ], [ 31.134247, -16.026069 ], [ 31.138075, -16.025559 ], [ 31.137844, -16.027566 ], [ 31.12738, -16.039978 ], [ 31.122217, -16.043968 ], [ 31.121746, -16.049041 ], [ 31.124235, -16.052966 ], [ 31.127075, -16.053296 ], [ 31.138952, -16.042362 ], [ 31.143425, -16.043547 ], [ 31.145266, -16.046096 ], [ 31.144379, -16.048417 ], [ 31.13648, -16.052606 ], [ 31.130079, -16.062088 ], [ 31.133867, -16.068132 ], [ 31.132303, -16.073199 ], [ 31.132709, -16.07817 ], [ 31.136518, -16.080939 ], [ 31.134066, -16.088327 ], [ 31.139797, -16.098189 ], [ 31.137239, -16.104837 ], [ 31.140711, -16.109188 ], [ 31.140903, -16.113102 ], [ 31.13719, -16.112448 ], [ 31.136087, -16.113817 ], [ 31.13913, -16.117005 ], [ 31.136496, -16.11826 ], [ 31.133118, -16.116551 ], [ 31.131577, -16.118023 ], [ 31.124491, -16.114603 ], [ 31.11628, -16.116251 ], [ 31.116669, -16.12375 ], [ 31.119701, -16.128206 ], [ 31.11903, -16.130529 ], [ 31.117395, -16.129674 ], [ 31.116827, -16.132947 ], [ 31.115295, -16.133046 ], [ 31.116358, -16.137598 ], [ 31.105781, -16.138071 ], [ 31.104943, -16.132251 ], [ 31.09892, -16.133702 ], [ 31.085485, -16.131303 ], [ 31.083385, -16.134781 ], [ 31.083377, -16.135838 ], [ 31.085128, -16.135636 ], [ 31.083564, -16.140597 ], [ 31.080613, -16.140158 ], [ 31.078519, -16.142788 ], [ 31.07723, -16.139187 ], [ 31.075269, -16.138014 ], [ 31.069475, -16.137877 ], [ 31.067144, -16.142939 ], [ 31.066778, -16.148645 ], [ 31.061718, -16.15274 ], [ 31.058006, -16.151981 ], [ 31.053379, -16.156818 ], [ 31.045483, -16.160052 ], [ 31.041517, -16.164046 ], [ 31.033637, -16.164849 ], [ 31.030454, -16.166521 ], [ 31.016574, -16.165175 ], [ 31.010755, -16.168417 ], [ 30.999321, -16.184571 ], [ 30.981405, -16.194411 ], [ 30.981461, -16.205816 ], [ 30.97168, -16.226919 ], [ 30.973068, -16.231895 ], [ 30.971504, -16.234734 ], [ 30.972178, -16.236128 ], [ 30.975258, -16.236544 ], [ 30.977644, -16.242909 ], [ 30.973955, -16.244534 ], [ 30.97303, -16.246895 ], [ 30.965308, -16.248901 ], [ 30.963271, -16.250925 ], [ 30.96355, -16.25493 ], [ 30.966754, -16.253114 ], [ 30.971348, -16.255188 ], [ 30.970545, -16.260873 ], [ 30.964956, -16.259698 ], [ 30.957919, -16.262263 ], [ 30.954934, -16.264954 ], [ 30.956716, -16.273531 ], [ 30.952171, -16.279377 ], [ 30.952028, -16.28251 ], [ 30.959316, -16.282483 ], [ 30.95984, -16.283452 ], [ 30.955001, -16.284512 ], [ 30.952459, -16.28925 ], [ 30.948838, -16.290484 ], [ 30.946958, -16.292765 ], [ 30.947391, -16.288945 ], [ 30.944932, -16.287421 ], [ 30.942725, -16.288438 ], [ 30.942491, -16.292157 ], [ 30.937209, -16.291171 ], [ 30.93472, -16.293464 ], [ 30.92969, -16.295015 ], [ 30.929751, -16.298242 ], [ 30.92733, -16.293393 ], [ 30.925762, -16.296148 ], [ 30.9205, -16.296238 ], [ 30.923456, -16.302738 ], [ 30.918473, -16.301552 ], [ 30.922589, -16.305002 ], [ 30.922127, -16.307456 ], [ 30.91975, -16.304855 ], [ 30.917044, -16.306271 ], [ 30.917088, -16.308618 ], [ 30.913813, -16.306814 ], [ 30.914971, -16.309142 ], [ 30.909563, -16.306885 ], [ 30.911064, -16.311358 ], [ 30.906994, -16.310254 ], [ 30.905943, -16.313596 ], [ 30.902607, -16.313945 ], [ 30.901377, -16.313086 ], [ 30.901739, -16.31083 ], [ 30.897434, -16.311686 ], [ 30.895057, -16.314561 ], [ 30.894712, -16.317794 ], [ 30.89294, -16.315085 ], [ 30.887477, -16.315274 ], [ 30.882812, -16.320341 ], [ 30.884057, -16.316506 ], [ 30.878904, -16.31708 ], [ 30.877731, -16.319251 ], [ 30.874515, -16.315101 ], [ 30.872394, -16.315429 ], [ 30.870626, -16.312917 ], [ 30.86732, -16.31483 ], [ 30.866079, -16.313384 ], [ 30.862577, -16.315593 ], [ 30.857916, -16.315377 ], [ 30.856362, -16.318923 ], [ 30.854847, -16.319142 ], [ 30.854903, -16.316697 ], [ 30.852751, -16.315267 ], [ 30.850684, -16.318431 ], [ 30.852471, -16.32202 ], [ 30.849705, -16.320305 ], [ 30.847103, -16.32201 ], [ 30.847947, -16.323755 ], [ 30.845852, -16.32555 ], [ 30.847786, -16.326105 ], [ 30.847624, -16.328259 ], [ 30.843586, -16.328913 ], [ 30.842516, -16.331278 ], [ 30.838057, -16.331057 ], [ 30.839417, -16.33348 ], [ 30.843932, -16.331156 ], [ 30.841792, -16.335982 ], [ 30.835303, -16.335504 ], [ 30.838131, -16.340638 ], [ 30.836205, -16.34605 ], [ 30.831442, -16.345835 ], [ 30.833432, -16.349419 ], [ 30.830702, -16.349659 ], [ 30.83029, -16.354752 ], [ 30.824848, -16.356112 ], [ 30.824794, -16.358754 ], [ 30.822662, -16.358398 ], [ 30.82365, -16.362683 ], [ 30.820917, -16.362727 ], [ 30.818118, -16.36473 ], [ 30.815614, -16.371811 ], [ 30.813091, -16.372244 ], [ 30.811452, -16.376856 ], [ 30.808982, -16.374647 ], [ 30.806558, -16.374981 ], [ 30.808488, -16.380913 ], [ 30.806434, -16.379284 ], [ 30.803922, -16.380402 ], [ 30.805997, -16.383106 ], [ 30.801881, -16.385129 ], [ 30.802545, -16.388246 ], [ 30.799816, -16.388486 ], [ 30.800777, -16.391305 ], [ 30.796869, -16.393619 ], [ 30.794826, -16.398247 ], [ 30.798416, -16.411878 ], [ 30.796541, -16.414647 ], [ 30.792692, -16.414611 ], [ 30.79253, -16.416862 ], [ 30.793813, -16.420657 ], [ 30.798433, -16.424004 ], [ 30.79511, -16.425133 ], [ 30.795343, -16.426791 ], [ 30.797574, -16.426951 ], [ 30.797605, -16.428612 ], [ 30.799528, -16.42858 ], [ 30.802308, -16.431078 ], [ 30.799917, -16.433269 ], [ 30.801456, -16.434318 ], [ 30.806812, -16.433645 ], [ 30.804779, -16.438859 ], [ 30.809232, -16.438592 ], [ 30.808584, -16.441926 ], [ 30.811193, -16.440614 ], [ 30.813964, -16.442621 ], [ 30.80961, -16.448266 ], [ 30.807952, -16.44624 ], [ 30.806949, -16.446745 ], [ 30.8064, -16.44998 ], [ 30.80874, -16.450617 ], [ 30.808971, -16.45208 ], [ 30.806127, -16.451735 ], [ 30.807273, -16.453476 ], [ 30.805564, -16.45419 ], [ 30.807115, -16.455924 ], [ 30.803174, -16.456574 ], [ 30.804216, -16.458124 ], [ 30.806129, -16.457408 ], [ 30.806075, -16.460048 ], [ 30.803575, -16.461849 ], [ 30.801801, -16.459043 ], [ 30.799327, -16.462308 ], [ 30.804597, -16.467992 ], [ 30.807216, -16.467069 ], [ 30.807882, -16.470286 ], [ 30.80565, -16.470128 ], [ 30.806196, -16.47227 ], [ 30.80338, -16.473488 ], [ 30.803516, -16.475442 ], [ 30.807302, -16.477433 ], [ 30.807451, -16.480071 ], [ 30.810844, -16.482753 ], [ 30.812091, -16.490163 ], [ 30.815948, -16.490493 ], [ 30.8157, -16.493528 ], [ 30.81775, -16.494864 ], [ 30.816165, -16.496846 ], [ 30.817745, -16.502295 ], [ 30.815195, -16.505391 ], [ 30.816894, -16.506621 ], [ 30.816381, -16.509145 ], [ 30.819953, -16.511062 ], [ 30.821908, -16.516241 ], [ 30.826335, -16.513834 ], [ 30.827424, -16.52262 ], [ 30.831547, -16.52534 ], [ 30.830485, -16.531564 ], [ 30.82591, -16.541288 ], [ 30.824981, -16.55185 ], [ 30.847651, -16.559481 ], [ 30.801259, -16.610344 ], [ 30.817249, -16.608467 ], [ 30.835017, -16.602071 ], [ 30.869191, -16.637085 ], [ 30.882301, -16.640642 ], [ 30.946191, -16.639399 ], [ 30.955316, -16.648948 ], [ 30.968126, -16.656278 ], [ 30.979878, -16.676563 ], [ 30.97445, -16.69516 ], [ 30.964252, -16.70791 ], [ 30.960908, -16.72845 ], [ 30.955516, -16.748254 ], [ 30.957702, -16.759393 ], [ 30.936421, -16.77915 ], [ 30.869772, -16.812428 ], [ 30.917038, -16.834747 ], [ 30.97627, -16.852085 ], [ 30.979652, -16.852035 ], [ 31.072667, -16.839115 ], [ 31.271363, -16.784836 ], [ 31.285057, -16.788347 ], [ 31.324822, -16.751703 ], [ 31.316163, -16.745118 ], [ 31.3154, -16.742139 ], [ 31.317771, -16.740452 ], [ 31.314503, -16.737519 ], [ 31.311843, -16.730035 ], [ 31.29884, -16.726411 ], [ 31.298634, -16.7212 ], [ 31.295934, -16.721442 ], [ 31.287031, -16.727113 ], [ 31.282875, -16.719944 ], [ 31.289854, -16.713248 ], [ 31.291292, -16.71013 ], [ 31.290994, -16.705404 ], [ 31.286094, -16.705881 ], [ 31.284073, -16.708429 ], [ 31.279491, -16.709865 ], [ 31.278648, -16.712681 ], [ 31.275923, -16.711766 ], [ 31.273861, -16.708906 ], [ 31.27198, -16.700248 ], [ 31.268772, -16.700115 ], [ 31.266344, -16.703926 ], [ 31.262453, -16.699844 ], [ 31.263236, -16.694406 ], [ 31.262168, -16.693008 ], [ 31.254971, -16.692253 ], [ 31.253568, -16.688075 ], [ 31.251764, -16.688407 ], [ 31.252162, -16.684244 ], [ 31.253976, -16.682871 ], [ 31.248975, -16.678315 ], [ 31.246094, -16.678291 ], [ 31.242603, -16.66611 ], [ 31.278779, -16.648013 ], [ 31.280333, -16.647716 ], [ 31.27929, -16.647971 ], [ 31.300251, -16.680432 ], [ 31.311147, -16.670106 ], [ 31.296556, -16.650197 ], [ 31.316153, -16.632997 ], [ 31.315805, -16.631605 ], [ 31.320531, -16.626436 ], [ 31.323096, -16.617455 ], [ 31.315222, -16.61451 ], [ 31.315182, -16.612579 ], [ 31.301558, -16.612446 ], [ 31.297654, -16.607688 ], [ 31.291471, -16.608962 ], [ 31.289135, -16.602437 ], [ 31.289655, -16.598565 ], [ 31.286621, -16.597076 ], [ 31.324824, -16.562189 ], [ 31.313465, -16.547646 ], [ 31.349687, -16.516143 ], [ 31.349317, -16.51309 ], [ 31.345247, -16.509882 ], [ 31.339758, -16.510662 ], [ 31.335828, -16.509478 ], [ 31.334982, -16.507273 ], [ 31.33056, -16.506488 ], [ 31.325339, -16.500886 ], [ 31.3177, -16.497939 ], [ 31.314908, -16.498496 ], [ 31.310359, -16.492956 ], [ 31.303458, -16.490272 ], [ 31.299411, -16.490591 ], [ 31.297511, -16.484512 ], [ 31.287864, -16.478017 ], [ 31.352166, -16.452239 ], [ 31.373378, -16.466463 ], [ 31.392809, -16.467738 ], [ 31.398483, -16.464807 ], [ 31.402078, -16.464835 ], [ 31.407194, -16.467352 ], [ 31.413369, -16.465912 ], [ 31.425671, -16.468979 ], [ 31.439555, -16.4671 ], [ 31.461119, -16.468251 ], [ 31.47136, -16.472292 ], [ 31.48678, -16.470917 ], [ 31.498578, -16.472493 ], [ 31.511803, -16.480221 ], [ 31.499685, -16.456036 ], [ 31.499319, -16.45053 ], [ 31.501155, -16.450415 ], [ 31.431448, -16.294146 ], [ 31.464154, -16.24982 ], [ 31.459157, -16.243315 ], [ 31.454726, -16.233362 ], [ 31.453425, -16.214909 ], [ 31.445185, -16.202861 ], [ 31.442666, -16.190688 ], [ 31.436921, -16.182506 ], [ 31.435191, -16.172064 ], [ 31.43202, -16.164559 ], [ 31.426786, -16.159131 ] ] ] } },
{ "type": "Feature", "properties": { "admin_name": "Chegutu", "tiles": 5.0, "tests": 5.0, "devices": 5.0, "pop_weight": 852.9096508026123, "area_km2": 1.6893902707877124, "d_mean_tile": 61.5668, "d_median_tile": 46.434, "d_mean_pop": 96.739767046547684, "d_median_pop": 82.611449117280756, "d_p10_pop": 0.52031672808804341, "d_p90_pop": 201.912, "u_median_pop": 24.592170227005298, "lat_median_pop": 19.304920444602065, "pct_above_bb": 81.337892312368382, "pct_above_hi": 81.337892312368382, "divide_ratio": 388.0559457351028, "pop_total": 198276.26806427137, "pop_covered": 852.9096508026123, "pop_coverage_pct": 0.4301622474184057, "level": "ADM2" }, "geometry": { "type": "Polygon", "coordinates": [ [ [ 30.667713, -17.845881 ], [ 30.665879, -17.842272 ], [ 30.659421, -17.841087 ], [ 30.655373, -17.834952 ], [ 30.650086, -17.834994 ], [ 30.648045, -17.837604 ], [ 30.645695, -17.834163 ], [ 30.633281, -17.829938 ], [ 30.630781, -17.839468 ], [ 30.633026, -17.845997 ], [ 30.632168, -17.851426 ], [ 30.63071, -17.846619 ], [ 30.626148, -17.840601 ], [ 30.625835, -17.833941 ], [ 30.623489, -17.830872 ], [ 30.614237, -17.828227 ], [ 30.612571, -17.82972 ], [ 30.607511, -17.825806 ], [ 30.603261, -17.826211 ], [ 30.597905, -17.833909 ], [ 30.597808, -17.83774 ], [ 30.603459, -17.851148 ], [ 30.603766, -17.857322 ], [ 30.598815, -17.850936 ], [ 30.59598, -17.851451 ], [ 30.594657, -17.847137 ], [ 30.59089, -17.843584 ], [ 30.587699, -17.847808 ], [ 30.584193, -17.844869 ], [ 30.585965, -17.840532 ], [ 30.582101, -17.841057 ], [ 30.578206, -17.83777 ], [ 30.570588, -17.836468 ], [ 30.569672, -17.834745 ], [ 30.571177, -17.829423 ], [ 30.566135, -17.827607 ], [ 30.563434, -17.828614 ], [ 30.559032, -17.826176 ], [ 30.550564, -17.831855 ], [ 30.549944, -17.835195 ], [ 30.552681, -17.83888 ], [ 30.553251, -17.845917 ], [ 30.563261, -17.856097 ], [ 30.569533, -17.866798 ], [ 30.569949, -17.870377 ], [ 30.559412, -17.858844 ], [ 30.551157, -17.858781 ], [ 30.548202, -17.860285 ], [ 30.54509, -17.858207 ], [ 30.540344, -17.844776 ], [ 30.538526, -17.843061 ], [ 30.536365, -17.847154 ], [ 30.535417, -17.858155 ], [ 30.531249, -17.869799 ], [ 30.527291, -17.875016 ], [ 30.524455, -17.875407 ], [ 30.516913, -17.867308 ], [ 30.512999, -17.844356 ], [ 30.485287, -17.841356 ], [ 30.488285, -17.835415 ], [ 30.484739, -17.833651 ], [ 30.474724, -17.832688 ], [ 30.464046, -17.835113 ], [ 30.46226, -17.832305 ], [ 30.456937, -17.828957 ], [ 30.449489, -17.83023 ], [ 30.4428, -17.827925 ], [ 30.427754, -17.832164 ], [ 30.419899, -17.847283 ], [ 30.408951, -17.822408 ], [ 30.391313, -17.840383 ], [ 30.380082, -17.848447 ], [ 30.367166, -17.854171 ], [ 30.36209, -17.858434 ], [ 30.351709, -17.86179 ], [ 30.34384, -17.869171 ], [ 30.332529, -17.865482 ], [ 30.318191, -17.864256 ], [ 30.310844, -17.866558 ], [ 30.303521, -17.872807 ], [ 30.298503, -17.870863 ], [ 30.296651, -17.873036 ], [ 30.287496, -17.868956 ], [ 30.280535, -17.87022 ], [ 30.275702, -17.866301 ], [ 30.26911, -17.8638 ], [ 30.267151, -17.864565 ], [ 30.265209, -17.868053 ], [ 30.259503, -17.86602 ], [ 30.253735, -17.869814 ], [ 30.242217, -17.862839 ], [ 30.235914, -17.862534 ], [ 30.22803, -17.865299 ], [ 30.224014, -17.861582 ], [ 30.214423, -17.860956 ], [ 30.209431, -17.857327 ], [ 30.202238, -17.856942 ], [ 30.202317, -17.854844 ], [ 30.18483, -17.854062 ], [ 30.169811, -17.856915 ], [ 30.166499, -17.853485 ], [ 30.162322, -17.852319 ], [ 30.157628, -17.854043 ], [ 30.155778, -17.856858 ], [ 30.153108, -17.855342 ], [ 30.14867, -17.855281 ], [ 30.147975, -17.858431 ], [ 30.142064, -17.864839 ], [ 30.139052, -17.866045 ], [ 30.138441, -17.868174 ], [ 30.134617, -17.866663 ], [ 30.133662, -17.870835 ], [ 30.129856, -17.872981 ], [ 30.125033, -17.867479 ], [ 30.121394, -17.867413 ], [ 30.118967, -17.86224 ], [ 30.115052, -17.860218 ], [ 30.113099, -17.860229 ], [ 30.113552, -17.862266 ], [ 30.106637, -17.863663 ], [ 30.102605, -17.85654 ], [ 30.100221, -17.859274 ], [ 30.095516, -17.858957 ], [ 30.086477, -17.862404 ], [ 30.08328, -17.861994 ], [ 30.076467, -17.866789 ], [ 30.076309, -17.870618 ], [ 30.072858, -17.872674 ], [ 30.067902, -17.869383 ], [ 30.057259, -17.871646 ], [ 30.055279, -17.866127 ], [ 30.048981, -17.867433 ], [ 30.045416, -17.864304 ], [ 30.042309, -17.864658 ], [ 30.040986, -17.866365 ], [ 30.042252, -17.870952 ], [ 30.038344, -17.870715 ], [ 30.036579, -17.87251 ], [ 30.030946, -17.864798 ], [ 30.019935, -17.864084 ], [ 30.017458, -17.865797 ], [ 29.998417, -17.862513 ], [ 29.981604, -17.86348 ], [ 29.978211, -17.860905 ], [ 29.971461, -17.863361 ], [ 29.967473, -17.859817 ], [ 29.962846, -17.864532 ], [ 29.957817, -17.866741 ], [ 29.951967, -17.862476 ], [ 29.948583, -17.861843 ], [ 29.945552, -17.864769 ], [ 29.945064, -17.869143 ], [ 29.941246, -17.865759 ], [ 29.937782, -17.865854 ], [ 29.921752, -17.872479 ], [ 29.911023, -17.874305 ], [ 29.904706, -17.879502 ], [ 29.904717, -17.882418 ], [ 29.902955, -17.883196 ], [ 29.902764, -17.885675 ], [ 29.904971, -17.88929 ], [ 29.903666, -17.893924 ], [ 29.898596, -17.894836 ], [ 29.892198, -17.901013 ], [ 29.893491, -17.90708 ], [ 29.895096, -17.90667 ], [ 29.896794, -17.908524 ], [ 29.897168, -17.917427 ], [ 29.894233, -17.923429 ], [ 29.899018, -17.935553 ], [ 29.895235, -17.940748 ], [ 29.894073, -17.945936 ], [ 29.906127, -17.95705 ], [ 29.91072, -17.983421 ], [ 29.912423, -17.986247 ], [ 29.919116, -17.98881 ], [ 29.915921, -17.993355 ], [ 29.915688, -17.998296 ], [ 29.919184, -18.001937 ], [ 29.920977, -17.999408 ], [ 29.925666, -18.002382 ], [ 29.927954, -18.005823 ], [ 29.922118, -18.021452 ], [ 29.918761, -18.023067 ], [ 29.922038, -18.035922 ], [ 29.919196, -18.049938 ], [ 29.921851, -18.054868 ], [ 29.92413, -18.054865 ], [ 29.925343, -18.059454 ], [ 29.923917, -18.064269 ], [ 29.928485, -18.066325 ], [ 29.928734, -18.070344 ], [ 29.93524, -18.078253 ], [ 29.934777, -18.084339 ], [ 29.939125, -18.093859 ], [ 29.939027, -18.101095 ], [ 29.940717, -18.104765 ], [ 29.934619, -18.112702 ], [ 29.934272, -18.117183 ], [ 29.935599, -18.119246 ], [ 29.934415, -18.124989 ], [ 29.935872, -18.130268 ], [ 29.933844, -18.135096 ], [ 29.934106, -18.142446 ], [ 29.946422, -18.16537 ], [ 29.952913, -18.167304 ], [ 29.957393, -18.179121 ], [ 29.961496, -18.185196 ], [ 29.967744, -18.186098 ], [ 30.00577, -18.177386 ], [ 30.007676, -18.186545 ], [ 29.996431, -18.197576 ], [ 30.027362, -18.234943 ], [ 30.036363, -18.227455 ], [ 30.065184, -18.258842 ], [ 30.080069, -18.24337 ], [ 30.08675, -18.283485 ], [ 30.097135, -18.272872 ], [ 30.116078, -18.299013 ], [ 30.121433, -18.296943 ], [ 30.125651, -18.309548 ], [ 30.110827, -18.327277 ], [ 30.095102, -18.350793 ], [ 30.190944, -18.345097 ], [ 30.19211, -18.390408 ], [ 30.199488, -18.388432 ], [ 30.196699, -18.384479 ], [ 30.199307, -18.383793 ], [ 30.202816, -18.379326 ], [ 30.203446, -18.384825 ], [ 30.205157, -18.383793 ], [ 30.208306, -18.384481 ], [ 30.209923, -18.381473 ], [ 30.213522, -18.380443 ], [ 30.215502, -18.380615 ], [ 30.219912, -18.385168 ], [ 30.221442, -18.38491 ], [ 30.22036, -18.382246 ], [ 30.22477, -18.384308 ], [ 30.226299, -18.38302 ], [ 30.229358, -18.385683 ], [ 30.228547, -18.381473 ], [ 30.234395, -18.380957 ], [ 30.240064, -18.383877 ], [ 30.242494, -18.382158 ], [ 30.243215, -18.384478 ], [ 30.241145, -18.384651 ], [ 30.239976, -18.388087 ], [ 30.243125, -18.388001 ], [ 30.244117, -18.391438 ], [ 30.245647, -18.391351 ], [ 30.246186, -18.389375 ], [ 30.249875, -18.390149 ], [ 30.25073, -18.399343 ], [ 30.252862, -18.402761 ], [ 30.255102, -18.403576 ], [ 30.255329, -18.40221 ], [ 30.289565, -18.413065 ], [ 30.334248, -18.416467 ], [ 30.354943, -18.415974 ], [ 30.380702, -18.422002 ], [ 30.398089, -18.409026 ], [ 30.432282, -18.437455 ], [ 30.475848, -18.442322 ], [ 30.446461, -18.503708 ], [ 30.455774, -18.51146 ], [ 30.464161, -18.51255 ], [ 30.466121, -18.518638 ], [ 30.471656, -18.518599 ], [ 30.476121, -18.521592 ], [ 30.483877, -18.517877 ], [ 30.489204, -18.513092 ], [ 30.490459, -18.522064 ], [ 30.494064, -18.525653 ], [ 30.496885, -18.521915 ], [ 30.500175, -18.521467 ], [ 30.510538, -18.524789 ], [ 30.520156, -18.531857 ], [ 30.524356, -18.531014 ], [ 30.530217, -18.533967 ], [ 30.532647, -18.531014 ], [ 30.540944, -18.540612 ], [ 30.541829, -18.545146 ], [ 30.546695, -18.546306 ], [ 30.550344, -18.54968 ], [ 30.552776, -18.549787 ], [ 30.555649, -18.547044 ], [ 30.567369, -18.547992 ], [ 30.568252, -18.545776 ], [ 30.570131, -18.545881 ], [ 30.568804, -18.542296 ], [ 30.572115, -18.535334 ], [ 30.581182, -18.53702 ], [ 30.583171, -18.53607 ], [ 30.584384, -18.533011 ], [ 30.586596, -18.534487 ], [ 30.591792, -18.533009 ], [ 30.599091, -18.537858 ], [ 30.601744, -18.536065 ], [ 30.601851, -18.533217 ], [ 30.603511, -18.532898 ], [ 30.608044, -18.535744 ], [ 30.612246, -18.535849 ], [ 30.613681, -18.532999 ], [ 30.620819, -18.530149 ], [ 30.630548, -18.530672 ], [ 30.640503, -18.534886 ], [ 30.644815, -18.535094 ], [ 30.649461, -18.539099 ], [ 30.655877, -18.541943 ], [ 30.659854, -18.539198 ], [ 30.66317, -18.539301 ], [ 30.672131, -18.542986 ], [ 30.675227, -18.542668 ], [ 30.686509, -18.546035 ], [ 30.690935, -18.548772 ], [ 30.704649, -18.551292 ], [ 30.712608, -18.549915 ], [ 30.721897, -18.550855 ], [ 30.727036, -18.554752 ], [ 30.733784, -18.555799 ], [ 30.737319, -18.553686 ], [ 30.747021, -18.535887 ], [ 30.748198, -18.530944 ], [ 30.753773, -18.526802 ], [ 30.765171, -18.506009 ], [ 30.76968, -18.454171 ], [ 30.770887, -18.413069 ], [ 30.774348, -18.411489 ], [ 30.779338, -18.405937 ], [ 30.785764, -18.403454 ], [ 30.788818, -18.398555 ], [ 30.788116, -18.394181 ], [ 30.790533, -18.390141 ], [ 30.787145, -18.386019 ], [ 30.786987, -18.382604 ], [ 30.781528, -18.377766 ], [ 30.783302, -18.373729 ], [ 30.775946, -18.366597 ], [ 30.77274, -18.361083 ], [ 30.767016, -18.360233 ], [ 30.767066, -18.356322 ], [ 30.764649, -18.353165 ], [ 30.763886, -18.348853 ], [ 30.758542, -18.350355 ], [ 30.758218, -18.343701 ], [ 30.753744, -18.341301 ], [ 30.746347, -18.34317 ], [ 30.740296, -18.336057 ], [ 30.740342, -18.332537 ], [ 30.734204, -18.332073 ], [ 30.734235, -18.329727 ], [ 30.7273, -18.327688 ], [ 30.725303, -18.323753 ], [ 30.722857, -18.322941 ], [ 30.722084, -18.319412 ], [ 30.723369, -18.315124 ], [ 30.719694, -18.314298 ], [ 30.718133, -18.308412 ], [ 30.709151, -18.306349 ], [ 30.708886, -18.295393 ], [ 30.704859, -18.29026 ], [ 30.699164, -18.287453 ], [ 30.699267, -18.279631 ], [ 30.695686, -18.271765 ], [ 30.699023, -18.267111 ], [ 30.695344, -18.266676 ], [ 30.697877, -18.260839 ], [ 30.701154, -18.25813 ], [ 30.69955, -18.250213 ], [ 30.697261, -18.247007 ], [ 30.69696, -18.240904 ], [ 30.697904, -18.236552 ], [ 30.700729, -18.23641 ], [ 30.711605, -18.230094 ], [ 30.717485, -18.228282 ], [ 30.721835, -18.220379 ], [ 30.727728, -18.21714 ], [ 30.73664, -18.207887 ], [ 30.743634, -18.205192 ], [ 30.748864, -18.198756 ], [ 30.747691, -18.195242 ], [ 30.749365, -18.190634 ], [ 30.754293, -18.187431 ], [ 30.759729, -18.176871 ], [ 30.764579, -18.172263 ], [ 30.764808, -18.170343 ], [ 30.762647, -18.16761 ], [ 30.757417, -18.167919 ], [ 30.757356, -18.161337 ], [ 30.746554, -18.154321 ], [ 30.751498, -18.152963 ], [ 30.75476, -18.148458 ], [ 30.752532, -18.146343 ], [ 30.753662, -18.142008 ], [ 30.7562, -18.138815 ], [ 30.756555, -18.133961 ], [ 30.761713, -18.126016 ], [ 30.761405, -18.105477 ], [ 30.765129, -18.103995 ], [ 30.770206, -18.096825 ], [ 30.775182, -18.094038 ], [ 30.790221, -18.093111 ], [ 30.793797, -18.090631 ], [ 30.796996, -18.090498 ], [ 30.800129, -18.086664 ], [ 30.799317, -18.084741 ], [ 30.793524, -18.081952 ], [ 30.793084, -18.079461 ], [ 30.790413, -18.077178 ], [ 30.790667, -18.066723 ], [ 30.783277, -18.050992 ], [ 30.784263, -18.044238 ], [ 30.774658, -18.032358 ], [ 30.772319, -18.022181 ], [ 30.816554, -17.981195 ], [ 30.808514, -17.946945 ], [ 30.831251, -17.920913 ], [ 30.817761, -17.919672 ], [ 30.801537, -17.943444 ], [ 30.751251, -17.923689 ], [ 30.751422, -17.921166 ], [ 30.737412, -17.904615 ], [ 30.767839, -17.878293 ], [ 30.760408, -17.865414 ], [ 30.753986, -17.868198 ], [ 30.747591, -17.864271 ], [ 30.716581, -17.893953 ], [ 30.699408, -17.892744 ], [ 30.659019, -17.928834 ], [ 30.636148, -17.91198 ], [ 30.624396, -17.896715 ], [ 30.646478, -17.860432 ], [ 30.667713, -17.845881 ] ], [ [ 30.144478, -18.079919 ], [ 30.146728, -18.081458 ], [ 30.148177, -18.09463 ], [ 30.139004, -18.097918 ], [ 30.139219, -18.102195 ], [ 30.141539, -18.104755 ], [ 30.145803, -18.106156 ], [ 30.150709, -18.105727 ], [ 30.156977, -18.10766 ], [ 30.163507, -18.106661 ], [ 30.161519, -18.109545 ], [ 30.161964, -18.116917 ], [ 30.165939, -18.130864 ], [ 30.165155, -18.136039 ], [ 30.155002, -18.158407 ], [ 30.13772, -18.170225 ], [ 30.109332, -18.139224 ], [ 30.117691, -18.130984 ], [ 30.096396, -18.107962 ], [ 30.128317, -18.080916 ], [ 30.132645, -18.086855 ], [ 30.138089, -18.085597 ], [ 30.144478, -18.079919 ] ] ] } },
{ "type": "Feature", "properties": { "admin_name": "Chegutu Urban", "tiles": 20.0, "tests": 62.0, "devices": 24.0, "pop_weight": 53368.720329284668, "area_km2": 6.7548782466806756, "d_mean_tile": 34.49345, "d_median_tile": 3.1485, "d_mean_pop": 30.257187123004407, "d_median_pop": 3.1721751842486445, "d_p10_pop": 0.72278412148556148, "d_p90_pop": 133.47625141151886, "u_median_pop": 12.748535580340997, "lat_median_pop": 19.0, "pct_above_bb": 19.208861804807292, "pct_above_hi": 19.000129359864808, "divide_ratio": 184.66959558710397, "pop_total": 73148.93997643888, "pop_covered": 53368.720329284668, "pop_coverage_pct": 72.95897978354111, "level": "ADM2" }, "geometry": { "type": "Polygon", "coordinates": [ [ [ 30.144478, -18.079919 ], [ 30.138089, -18.085597 ], [ 30.132645, -18.086855 ], [ 30.128317, -18.080916 ], [ 30.096396, -18.107962 ], [ 30.117691, -18.130984 ], [ 30.109332, -18.139224 ], [ 30.13772, -18.170225 ], [ 30.155002, -18.158407 ], [ 30.165155, -18.136039 ], [ 30.165939, -18.130864 ], [ 30.161964, -18.116917 ], [ 30.161519, -18.109545 ], [ 30.163507, -18.106661 ], [ 30.156977, -18.10766 ], [ 30.150709, -18.105727 ], [ 30.145803, -18.106156 ], [ 30.141539, -18.104755 ], [ 30.139219, -18.102195 ], [ 30.139004, -18.097918 ], [ 30.148177, -18.09463 ], [ 30.146728, -18.081458 ], [ 30.144478, -18.079919 ] ] ] } },
{ "type": "Feature", "properties": { "admin_name": "Chikomba", "tiles": 4.0, "tests": 4.0, "devices": 4.0, "pop_weight": 1324.2391948699951, "area_km2": 1.3368827558693499, "d_mean_tile": 14.54475, "d_median_tile": 15.265, "d_mean_pop": 13.502858535838049, "d_median_pop": 13.666283408979407, "d_p10_pop": 8.7636281520946966, "d_p90_pop": 16.171151609292657, "u_median_pop": 30.423827967884844, "lat_median_pop": 19.784095624315903, "pct_above_bb": 88.29963561285183, "pct_above_hi": 0.0, "divide_ratio": 1.8452576180365894, "pop_total": 137550.1760878911, "pop_covered": 1324.2391948699951, "pop_coverage_pct": 0.96273173363576037, "level": "ADM2" }, "geometry": { "type": "Polygon", "coordinates": [ [ [ 31.719975, -19.02477 ], [ 31.705256, -19.007215 ], [ 31.706171, -19.000781 ], [ 31.702749, -18.999667 ], [ 31.701191, -18.992806 ], [ 31.701777, -18.980563 ], [ 31.698267, -18.975926 ], [ 31.690279, -18.955152 ], [ 31.681318, -18.941053 ], [ 31.679565, -18.928998 ], [ 31.670409, -18.918052 ], [ 31.668853, -18.906553 ], [ 31.656587, -18.879488 ], [ 31.64997, -18.856485 ], [ 31.642382, -18.840161 ], [ 31.636153, -18.832183 ], [ 31.619871, -18.787398 ], [ 31.608968, -18.781137 ], [ 31.603403, -18.782241 ], [ 31.597953, -18.778623 ], [ 31.592744, -18.777448 ], [ 31.584243, -18.78277 ], [ 31.578607, -18.79522 ], [ 31.574261, -18.795012 ], [ 31.562392, -18.789622 ], [ 31.558329, -18.789324 ], [ 31.54937, -18.792313 ], [ 31.543095, -18.796751 ], [ 31.534042, -18.799262 ], [ 31.528097, -18.79789 ], [ 31.523145, -18.793805 ], [ 31.519359, -18.783952 ], [ 31.518589, -18.776719 ], [ 31.520639, -18.770787 ], [ 31.514507, -18.770594 ], [ 31.503893, -18.7742 ], [ 31.500031, -18.772528 ], [ 31.495657, -18.774614 ], [ 31.478957, -18.768753 ], [ 31.475339, -18.763693 ], [ 31.470807, -18.749406 ], [ 31.467046, -18.745146 ], [ 31.468135, -18.737362 ], [ 31.459028, -18.737957 ], [ 31.454464, -18.736716 ], [ 31.449125, -18.732947 ], [ 31.431651, -18.731416 ], [ 31.427838, -18.728543 ], [ 31.416434, -18.726255 ], [ 31.416957, -18.718655 ], [ 31.413088, -18.706809 ], [ 31.407939, -18.702497 ], [ 31.39882, -18.701098 ], [ 31.379795, -18.69306 ], [ 31.378423, -18.685831 ], [ 31.374393, -18.678256 ], [ 31.374548, -18.672286 ], [ 31.370531, -18.666698 ], [ 31.368976, -18.660559 ], [ 31.354151, -18.656113 ], [ 31.351451, -18.648349 ], [ 31.348981, -18.647502 ], [ 31.345952, -18.648694 ], [ 31.338254, -18.646382 ], [ 31.33167, -18.63945 ], [ 31.324409, -18.647084 ], [ 31.322496, -18.644381 ], [ 31.31463, -18.645505 ], [ 31.307035, -18.644368 ], [ 31.301325, -18.640777 ], [ 31.296772, -18.641071 ], [ 31.289826, -18.636946 ], [ 31.288573, -18.633152 ], [ 31.285064, -18.633261 ], [ 31.283143, -18.628658 ], [ 31.276847, -18.622084 ], [ 31.271905, -18.620209 ], [ 31.266064, -18.609655 ], [ 31.259524, -18.610319 ], [ 31.254581, -18.6079 ], [ 31.246624, -18.613329 ], [ 31.245632, -18.611356 ], [ 31.246548, -18.606456 ], [ 31.242634, -18.603588 ], [ 31.239859, -18.60322 ], [ 31.232147, -18.607794 ], [ 31.228821, -18.607826 ], [ 31.21934, -18.602636 ], [ 31.215732, -18.602143 ], [ 31.20662, -18.592852 ], [ 31.203322, -18.557477 ], [ 31.221168, -18.530139 ], [ 31.201875, -18.511887 ], [ 31.165609, -18.492277 ], [ 31.130111, -18.484601 ], [ 31.13276, -18.450715 ], [ 31.092165, -18.448682 ], [ 31.057368, -18.460749 ], [ 31.054633, -18.460484 ], [ 31.05787, -18.450309 ], [ 31.038237, -18.430493 ], [ 31.007639, -18.437296 ], [ 31.015248, -18.454326 ], [ 31.025284, -18.537507 ], [ 30.97981, -18.542374 ], [ 30.951954, -18.524454 ], [ 30.915992, -18.556646 ], [ 30.879401, -18.559616 ], [ 30.875599, -18.56547 ], [ 30.888565, -18.584852 ], [ 30.880554, -18.590368 ], [ 30.871443, -18.577959 ], [ 30.869692, -18.578102 ], [ 30.868943, -18.584987 ], [ 30.864543, -18.585016 ], [ 30.859296, -18.588326 ], [ 30.856527, -18.586052 ], [ 30.856182, -18.590169 ], [ 30.85745, -18.591994 ], [ 30.855735, -18.594306 ], [ 30.845922, -18.595486 ], [ 30.843963, -18.602577 ], [ 30.837337, -18.604742 ], [ 30.838708, -18.607486 ], [ 30.837957, -18.609606 ], [ 30.830334, -18.614863 ], [ 30.8252, -18.611463 ], [ 30.810862, -18.608444 ], [ 30.807303, -18.613816 ], [ 30.802208, -18.615285 ], [ 30.800311, -18.61889 ], [ 30.798047, -18.618424 ], [ 30.796639, -18.620669 ], [ 30.794704, -18.619324 ], [ 30.784833, -18.620265 ], [ 30.7735, -18.627361 ], [ 30.770849, -18.63105 ], [ 30.766489, -18.630119 ], [ 30.761751, -18.634859 ], [ 30.758074, -18.635759 ], [ 30.754365, -18.643525 ], [ 30.747666, -18.642081 ], [ 30.745999, -18.660149 ], [ 30.772293, -18.655941 ], [ 30.774292, -18.676904 ], [ 30.791515, -18.672984 ], [ 30.792758, -18.682236 ], [ 30.743479, -18.686068 ], [ 30.706651, -18.643321 ], [ 30.682355, -18.670983 ], [ 30.649088, -18.732941 ], [ 30.639534, -18.695397 ], [ 30.630375, -18.724195 ], [ 30.602797, -18.696782 ], [ 30.598426, -18.699689 ], [ 30.611439, -18.746909 ], [ 30.602523, -18.760128 ], [ 30.599808, -18.80902 ], [ 30.558212, -18.819559 ], [ 30.557525, -18.87675 ], [ 30.581373, -18.905611 ], [ 30.554942, -18.925611 ], [ 30.554404, -18.927961 ], [ 30.563385, -18.935553 ], [ 30.575002, -18.940539 ], [ 30.595311, -18.923085 ], [ 30.630432, -18.900486 ], [ 30.635557, -18.907825 ], [ 30.654167, -18.884485 ], [ 30.678668, -18.93218 ], [ 30.692383, -18.952145 ], [ 30.695634, -18.954318 ], [ 30.693099, -18.957806 ], [ 30.688332, -18.95812 ], [ 30.686606, -18.95681 ], [ 30.677119, -18.963876 ], [ 30.712442, -18.976561 ], [ 30.693488, -18.996118 ], [ 30.674679, -19.020818 ], [ 30.718542, -19.087943 ], [ 30.74992, -19.132127 ], [ 30.745095, -19.129547 ], [ 30.740334, -19.130109 ], [ 30.736155, -19.133932 ], [ 30.723421, -19.132053 ], [ 30.734977, -19.178972 ], [ 30.731502, -19.180502 ], [ 30.737649, -19.180221 ], [ 30.744385, -19.193713 ], [ 30.751917, -19.199836 ], [ 30.752192, -19.203579 ], [ 30.756667, -19.206251 ], [ 30.763272, -19.20754 ], [ 30.763768, -19.212795 ], [ 30.76591, -19.215552 ], [ 30.771906, -19.214793 ], [ 30.774543, -19.219886 ], [ 30.780494, -19.224004 ], [ 30.784675, -19.224185 ], [ 30.78556, -19.229204 ], [ 30.789577, -19.232243 ], [ 30.791248, -19.231403 ], [ 30.792547, -19.234768 ], [ 30.803916, -19.243005 ], [ 30.808865, -19.249909 ], [ 30.831002, -19.244163 ], [ 30.84596, -19.25278 ], [ 30.870544, -19.260546 ], [ 30.893908, -19.244462 ], [ 30.908453, -19.243901 ], [ 30.906973, -19.222268 ], [ 30.895213, -19.202032 ], [ 30.88978, -19.197339 ], [ 30.892378, -19.192017 ], [ 30.921405, -19.192277 ], [ 30.91999, -19.180178 ], [ 30.937621, -19.148562 ], [ 30.969492, -19.155664 ], [ 30.999063, -19.155643 ], [ 30.989503, -19.19529 ], [ 30.989093, -19.22502 ], [ 31.000137, -19.24874 ], [ 30.996028, -19.253768 ], [ 30.996003, -19.25787 ], [ 31.014867, -19.256184 ], [ 31.082132, -19.244014 ], [ 31.145007, -19.238924 ], [ 31.188503, -19.233831 ], [ 31.304788, -19.220492 ], [ 31.303123, -19.194402 ], [ 31.297496, -19.157366 ], [ 31.329574, -19.150149 ], [ 31.318903, -19.127676 ], [ 31.315218, -19.08915 ], [ 31.339314, -19.086035 ], [ 31.344641, -19.081314 ], [ 31.34784, -19.081674 ], [ 31.35592, -19.087012 ], [ 31.363524, -19.089692 ], [ 31.368056, -19.089663 ], [ 31.373445, -19.087096 ], [ 31.375585, -19.089552 ], [ 31.376741, -19.096705 ], [ 31.380544, -19.098393 ], [ 31.388366, -19.107261 ], [ 31.391229, -19.107565 ], [ 31.391153, -19.104335 ], [ 31.393545, -19.104282 ], [ 31.398609, -19.111066 ], [ 31.402647, -19.112003 ], [ 31.407992, -19.116116 ], [ 31.411889, -19.115363 ], [ 31.417416, -19.109834 ], [ 31.425929, -19.107984 ], [ 31.430514, -19.103906 ], [ 31.432894, -19.098504 ], [ 31.435755, -19.097218 ], [ 31.436347, -19.094616 ], [ 31.441572, -19.093504 ], [ 31.442691, -19.10148 ], [ 31.453983, -19.111866 ], [ 31.460121, -19.122882 ], [ 31.465599, -19.12907 ], [ 31.467163, -19.132997 ], [ 31.466285, -19.138229 ], [ 31.468187, -19.143391 ], [ 31.479529, -19.155536 ], [ 31.483027, -19.156482 ], [ 31.48783, -19.147565 ], [ 31.493426, -19.150628 ], [ 31.50239, -19.150361 ], [ 31.504981, -19.158212 ], [ 31.511772, -19.16036 ], [ 31.516544, -19.167477 ], [ 31.521503, -19.168658 ], [ 31.527179, -19.164882 ], [ 31.571814, -19.100315 ], [ 31.591577, -19.074602 ], [ 31.598785, -19.049043 ], [ 31.589712, -19.011311 ], [ 31.595771, -19.01742 ], [ 31.603309, -19.01733 ], [ 31.607238, -19.019509 ], [ 31.616085, -19.020146 ], [ 31.620543, -19.023059 ], [ 31.622708, -19.029464 ], [ 31.625843, -19.030662 ], [ 31.626931, -19.03411 ], [ 31.624188, -19.038151 ], [ 31.628823, -19.038884 ], [ 31.632405, -19.036692 ], [ 31.634274, -19.039837 ], [ 31.636853, -19.040669 ], [ 31.649598, -19.037546 ], [ 31.654315, -19.040455 ], [ 31.660043, -19.040881 ], [ 31.661889, -19.042836 ], [ 31.66629, -19.041298 ], [ 31.668132, -19.043007 ], [ 31.675067, -19.041571 ], [ 31.681281, -19.043228 ], [ 31.687878, -19.042357 ], [ 31.690781, -19.043351 ], [ 31.696619, -19.037932 ], [ 31.712013, -19.038256 ], [ 31.713043, -19.037503 ], [ 31.712216, -19.034049 ], [ 31.720234, -19.03098 ], [ 31.719975, -19.02477 ] ] ] } },
{ "type": "Feature", "properties": { "admin_name": "Chimanimani", "tiles": 4.0, "tests": 5.0, "devices": 4.0, "pop_weight": 4305.9349365234375, "area_km2": 1.3250363568436163, "d_mean_tile": 34.07175, "d_median_tile": 10.638, "d_mean_pop": 30.777530365534105, "d_median_pop": 8.7554060184299001, "d_p10_pop": 5.804, "d_p90_pop": 109.207, "u_median_pop": 1.0474395871579021, "lat_median_pop": 28.88867770251748, "pct_above_bb": 41.519223997560374, "pct_above_hi": 22.408147434816346, "divide_ratio": 18.815816678152995, "pop_total": 168887.56599521189, "pop_covered": 4305.9349365234375, "pop_coverage_pct": 2.5495867094475826, "level": "ADM2" }, "geometry": { "type": "Polygon", "coordinates": [ [ [ 32.348194, -19.940881 ], [ 32.352447, -19.943733 ], [ 32.358791, -19.940103 ], [ 32.363612, -19.940345 ], [ 32.371012, -19.944194 ], [ 32.376269, -19.949653 ], [ 32.38534, -19.953688 ], [ 32.38745, -19.958039 ], [ 32.392668, -19.962144 ], [ 32.398711, -19.964496 ], [ 32.404146, -19.962283 ], [ 32.405988, -19.964748 ], [ 32.409978, -19.965116 ], [ 32.413553, -19.964388 ], [ 32.415796, -19.960887 ], [ 32.421964, -19.961398 ], [ 32.421983, -19.957625 ], [ 32.42352, -19.956053 ], [ 32.428026, -19.954844 ], [ 32.432473, -19.955741 ], [ 32.44228, -19.951573 ], [ 32.468574, -19.928776 ], [ 32.486236, -19.918556 ], [ 32.501605, -19.919166 ], [ 32.503473, -19.921081 ], [ 32.514067, -19.923789 ], [ 32.519346, -19.922777 ], [ 32.530718, -19.916191 ], [ 32.533938, -19.915842 ], [ 32.550672, -19.923637 ], [ 32.563287, -19.926175 ], [ 32.572511, -19.925269 ], [ 32.585018, -19.912952 ], [ 32.596711, -19.916317 ], [ 32.601303, -19.91596 ], [ 32.585351, -19.938501 ], [ 32.579703, -19.949193 ], [ 32.603138, -19.969551 ], [ 32.641458, -19.999047 ], [ 32.59589, -20.075537 ], [ 32.672106, -20.044928 ], [ 32.731678, -20.035848 ], [ 32.732303, -20.037482 ], [ 32.730144, -20.039298 ], [ 32.730457, -20.041345 ], [ 32.73505, -20.043591 ], [ 32.735378, -20.046343 ], [ 32.739052, -20.04929 ], [ 32.740425, -20.056458 ], [ 32.744438, -20.058833 ], [ 32.738167, -20.088121 ], [ 32.793062, -20.074738 ], [ 32.848534, -20.055904 ], [ 32.85839, -20.056009 ], [ 32.861732, -20.059335 ], [ 32.863678, -20.064349 ], [ 32.863674, -20.070403 ], [ 32.860328, -20.075491 ], [ 32.85559, -20.076538 ], [ 32.852154, -20.080923 ], [ 32.858078, -20.110239 ], [ 32.870166, -20.103556 ], [ 32.883537, -20.092096 ], [ 32.892546, -20.091138 ], [ 32.894209, -20.106495 ], [ 32.909533, -20.108963 ], [ 32.923468, -20.09809 ], [ 32.940557, -20.097749 ], [ 32.937028, -20.093799 ], [ 32.918471, -20.049822 ], [ 32.921069, -20.042983 ], [ 32.92719, -20.039666 ], [ 32.934843, -20.038598 ], [ 32.94499, -20.04021 ], [ 32.955877, -20.034053 ], [ 32.963837, -20.038718 ], [ 32.975346, -20.037221 ], [ 32.981751, -20.034545 ], [ 32.988553, -20.027473 ], [ 32.997055, -20.027367 ], [ 32.99847, -20.026081 ], [ 33.009979, -20.029137 ], [ 33.014541, -20.031816 ], [ 33.029959, -20.033692 ], [ 33.028709, -20.02491 ], [ 33.025421, -20.01698 ], [ 33.026554, -20.014836 ], [ 33.025135, -20.012372 ], [ 33.026607, -20.010335 ], [ 33.023651, -19.989806 ], [ 33.025276, -19.955645 ], [ 33.040594, -19.869552 ], [ 33.048006, -19.842622 ], [ 33.047278, -19.809106 ], [ 33.061781, -19.77462 ], [ 33.014533, -19.747623 ], [ 33.00772, -19.750152 ], [ 33.002555, -19.745861 ], [ 32.983758, -19.740194 ], [ 32.973897, -19.72886 ], [ 32.967354, -19.728743 ], [ 32.960156, -19.719188 ], [ 32.955877, -19.716127 ], [ 32.956129, -19.710606 ], [ 32.985234, -19.688066 ], [ 32.986062, -19.679785 ], [ 32.97514, -19.649199 ], [ 32.956701, -19.655106 ], [ 32.93617, -19.672048 ], [ 32.915202, -19.675378 ], [ 32.907439, -19.681332 ], [ 32.904391, -19.678637 ], [ 32.895461, -19.682017 ], [ 32.884456, -19.683127 ], [ 32.876651, -19.678042 ], [ 32.860859, -19.67989 ], [ 32.853737, -19.683573 ], [ 32.841084, -19.678258 ], [ 32.832303, -19.669904 ], [ 32.831265, -19.666477 ], [ 32.840062, -19.655493 ], [ 32.846535, -19.653039 ], [ 32.844773, -19.633596 ], [ 32.853573, -19.628378 ], [ 32.856994, -19.616792 ], [ 32.850194, -19.61201 ], [ 32.845727, -19.604653 ], [ 32.850121, -19.60005 ], [ 32.850377, -19.59036 ], [ 32.853088, -19.584165 ], [ 32.858558, -19.543627 ], [ 32.851764, -19.540133 ], [ 32.848328, -19.528298 ], [ 32.845742, -19.528237 ], [ 32.840489, -19.511439 ], [ 32.843522, -19.498804 ], [ 32.84536, -19.474595 ], [ 32.793264, -19.474627 ], [ 32.776339, -19.456042 ], [ 32.780092, -19.431786 ], [ 32.777945, -19.40864 ], [ 32.78953, -19.393268 ], [ 32.787943, -19.391433 ], [ 32.791155, -19.387441 ], [ 32.787386, -19.383989 ], [ 32.787184, -19.375136 ], [ 32.785623, -19.371441 ], [ 32.777259, -19.373158 ], [ 32.75236, -19.382476 ], [ 32.752642, -19.387525 ], [ 32.755004, -19.392139 ], [ 32.756732, -19.40962 ], [ 32.756263, -19.412277 ], [ 32.751109, -19.419191 ], [ 32.728382, -19.436058 ], [ 32.697713, -19.443805 ], [ 32.690068, -19.448376 ], [ 32.688847, -19.455561 ], [ 32.683286, -19.458369 ], [ 32.684716, -19.462705 ], [ 32.682683, -19.464189 ], [ 32.684148, -19.469444 ], [ 32.682065, -19.471638 ], [ 32.682153, -19.473893 ], [ 32.672079, -19.479752 ], [ 32.666868, -19.47993 ], [ 32.663331, -19.482027 ], [ 32.658922, -19.493015 ], [ 32.654531, -19.494567 ], [ 32.650933, -19.497958 ], [ 32.640201, -19.503078 ], [ 32.629363, -19.504051 ], [ 32.627961, -19.505705 ], [ 32.615559, -19.502364 ], [ 32.609965, -19.502684 ], [ 32.601389, -19.507472 ], [ 32.589155, -19.507113 ], [ 32.587927, -19.508768 ], [ 32.586998, -19.503959 ], [ 32.580129, -19.499136 ], [ 32.576106, -19.500287 ], [ 32.563701, -19.498766 ], [ 32.561076, -19.49992 ], [ 32.560719, -19.502571 ], [ 32.556339, -19.506373 ], [ 32.554773, -19.504048 ], [ 32.550929, -19.503376 ], [ 32.551116, -19.499232 ], [ 32.549022, -19.497735 ], [ 32.533467, -19.497862 ], [ 32.530666, -19.499512 ], [ 32.526646, -19.499501 ], [ 32.52558, -19.505466 ], [ 32.519115, -19.504951 ], [ 32.513692, -19.506594 ], [ 32.514213, -19.507756 ], [ 32.510531, -19.511559 ], [ 32.507486, -19.512846 ], [ 32.505529, -19.534274 ], [ 32.501511, -19.550628 ], [ 32.498897, -19.552234 ], [ 32.496875, -19.563144 ], [ 32.491759, -19.568403 ], [ 32.489791, -19.582446 ], [ 32.48537, -19.591365 ], [ 32.483493, -19.600191 ], [ 32.476207, -19.607696 ], [ 32.474133, -19.623828 ], [ 32.464608, -19.635785 ], [ 32.463407, -19.639723 ], [ 32.465431, -19.6446 ], [ 32.460846, -19.647944 ], [ 32.45763, -19.653529 ], [ 32.454922, -19.662811 ], [ 32.458454, -19.667156 ], [ 32.457428, -19.672738 ], [ 32.454201, -19.676266 ], [ 32.433651, -19.684721 ], [ 32.431442, -19.699937 ], [ 32.410234, -19.723556 ], [ 32.410329, -19.735982 ], [ 32.40788, -19.737881 ], [ 32.409986, -19.742914 ], [ 32.415471, -19.748487 ], [ 32.40841, -19.770954 ], [ 32.401235, -19.770088 ], [ 32.389708, -19.772657 ], [ 32.390887, -19.777934 ], [ 32.396593, -19.785327 ], [ 32.394572, -19.790978 ], [ 32.396235, -19.801117 ], [ 32.393469, -19.810491 ], [ 32.394995, -19.817162 ], [ 32.39284, -19.830222 ], [ 32.393515, -19.843032 ], [ 32.391791, -19.854206 ], [ 32.384695, -19.875607 ], [ 32.375029, -19.893365 ], [ 32.370119, -19.906235 ], [ 32.366209, -19.919069 ], [ 32.367052, -19.925349 ], [ 32.363452, -19.931424 ], [ 32.348194, -19.940881 ] ] ] } },
{ "type": "Feature", "properties": { "admin_name": "Chinhoyi", "tiles": 30.0, "tests": 157.0, "devices": 45.0, "pop_weight": 54829.975524902336, "area_km2": 10.217605605211471, "d_mean_tile": 55.3226, "d_median_tile": 17.727, "d_mean_pop": 53.926948683112165, "d_median_pop": 16.31827077341007, "d_p10_pop": 0.66510653712902368, "d_p90_pop": 187.46372025935204, "u_median_pop": 13.234259538843391, "lat_median_pop": 18.0, "pct_above_bb": 67.359917956112298, "pct_above_hi": 41.162695753954985, "divide_ratio": 281.85517626777744, "pop_total": 114815.49284438824, "pop_covered": 54829.975524902344, "pop_coverage_pct": 47.754857960862928, "level": "ADM2" }, "geometry": { "type": "Polygon", "coordinates": [ [ [ 30.233962, -17.311501 ], [ 30.192853, -17.304907 ], [ 30.176827, -17.322461 ], [ 30.165681, -17.325148 ], [ 30.149316, -17.343079 ], [ 30.160781, -17.354113 ], [ 30.147234, -17.362149 ], [ 30.132556, -17.347615 ], [ 30.125785, -17.354527 ], [ 30.09871, -17.357996 ], [ 30.092677, -17.371623 ], [ 30.069939, -17.357983 ], [ 30.046575, -17.283751 ], [ 30.003908, -17.305432 ], [ 30.003773, -17.307259 ], [ 30.006611, -17.309371 ], [ 30.009971, -17.309577 ], [ 30.015186, -17.312737 ], [ 30.022165, -17.321434 ], [ 30.023637, -17.326279 ], [ 30.02289, -17.350199 ], [ 30.024936, -17.347893 ], [ 30.029059, -17.348056 ], [ 30.030601, -17.350821 ], [ 30.03573, -17.354148 ], [ 30.037592, -17.356716 ], [ 30.037973, -17.359362 ], [ 30.03625, -17.361267 ], [ 30.039562, -17.372367 ], [ 30.049685, -17.380948 ], [ 30.04822, -17.386514 ], [ 30.052974, -17.396529 ], [ 30.057482, -17.399135 ], [ 30.05939, -17.398858 ], [ 30.061748, -17.403566 ], [ 30.065329, -17.404634 ], [ 30.068312, -17.409961 ], [ 30.07343, -17.407496 ], [ 30.07598, -17.410688 ], [ 30.080039, -17.404422 ], [ 30.077144, -17.400214 ], [ 30.082501, -17.389332 ], [ 30.09217, -17.393334 ], [ 30.126494, -17.378389 ], [ 30.139278, -17.391667 ], [ 30.149486, -17.408768 ], [ 30.147892, -17.41606 ], [ 30.182242, -17.415635 ], [ 30.208539, -17.418344 ], [ 30.205013, -17.409767 ], [ 30.206964, -17.399494 ], [ 30.210408, -17.396421 ], [ 30.207666, -17.390615 ], [ 30.216382, -17.373974 ], [ 30.22249, -17.368747 ], [ 30.218066, -17.355753 ], [ 30.213693, -17.34968 ], [ 30.216981, -17.345082 ], [ 30.215787, -17.339404 ], [ 30.220746, -17.326198 ], [ 30.226505, -17.323803 ], [ 30.233962, -17.311501 ] ] ] } },
{ "type": "Feature", "properties": { "admin_name": "Chipinge", "tiles": 14.0, "tests": 43.0, "devices": 15.0, "pop_weight": 7233.8335146903992, "area_km2": 4.5800507729950484, "d_mean_tile": 30.186214285714282, "d_median_tile": 22.8495, "d_mean_pop": 12.879469782450546, "d_median_pop": 2.0054047869808591, "d_p10_pop": 0.50105233581889008, "d_p90_pop": 53.677187425591626, "u_median_pop": 1.4691439527491619, "lat_median_pop": 47.020745163439088, "pct_above_bb": 18.93531628666215, "pct_above_hi": 18.849941836027163, "divide_ratio": 107.12890368600883, "pop_total": 417986.25716683426, "pop_covered": 7233.8335146903992, "pop_coverage_pct": 1.7306390797923052, "level": "ADM2" }, "geometry": { "type": "Polygon", "coordinates": [ [ [ 32.284376, -20.455177 ], [ 32.288415, -20.476511 ], [ 32.289129, -20.489642 ], [ 32.286436, -20.504194 ], [ 32.282804, -20.511791 ], [ 32.282724, -20.517255 ], [ 32.287752, -20.531931 ], [ 32.288808, -20.558105 ], [ 32.285268, -20.56878 ], [ 32.28034, -20.575875 ], [ 32.274587, -20.589169 ], [ 32.271219, -20.599851 ], [ 32.256854, -20.616732 ], [ 32.260851, -20.645752 ], [ 32.256014, -20.669482 ], [ 32.247546, -20.68144 ], [ 32.234648, -20.686469 ], [ 32.227741, -20.692147 ], [ 32.225265, -20.699736 ], [ 32.227684, -20.711807 ], [ 32.217289, -20.729671 ], [ 32.213798, -20.740255 ], [ 32.212692, -20.750836 ], [ 32.208931, -20.752678 ], [ 32.209129, -20.768987 ], [ 32.215236, -20.776396 ], [ 32.219112, -20.777815 ], [ 32.219703, -20.780657 ], [ 32.215107, -20.791408 ], [ 32.210838, -20.797093 ], [ 32.204467, -20.801844 ], [ 32.196587, -20.804318 ], [ 32.189461, -20.820751 ], [ 32.18821, -20.828473 ], [ 32.183282, -20.840456 ], [ 32.165932, -20.867323 ], [ 32.159296, -20.873377 ], [ 32.156862, -20.877577 ], [ 32.158506, -20.8819 ], [ 32.156267, -20.890918 ], [ 32.154031, -20.893019 ], [ 32.149625, -20.90407 ], [ 32.139826, -20.91426 ], [ 32.135549, -20.926615 ], [ 32.140081, -20.938043 ], [ 32.14731, -20.940082 ], [ 32.157102, -20.948971 ], [ 32.158678, -20.96083 ], [ 32.152029, -20.978373 ], [ 32.152948, -20.987638 ], [ 32.154924, -20.989292 ], [ 32.157728, -20.997772 ], [ 32.164888, -21.005343 ], [ 32.174878, -21.007908 ], [ 32.190541, -21.016376 ], [ 32.196065, -21.024042 ], [ 32.196744, -21.028343 ], [ 32.195267, -21.0355 ], [ 32.186577, -21.042577 ], [ 32.186024, -21.04553 ], [ 32.187997, -21.052581 ], [ 32.194665, -21.064255 ], [ 32.199872, -21.066853 ], [ 32.216487, -21.06856 ], [ 32.224712, -21.076978 ], [ 32.233806, -21.079521 ], [ 32.236637, -21.08433 ], [ 32.240447, -21.097547 ], [ 32.246558, -21.098352 ], [ 32.257735, -21.096881 ], [ 32.265528, -21.099428 ], [ 32.270724, -21.104517 ], [ 32.285779, -21.159641 ], [ 32.289224, -21.184349 ], [ 32.294359, -21.192686 ], [ 32.305883, -21.202247 ], [ 32.304662, -21.2102 ], [ 32.312443, -21.222148 ], [ 32.321965, -21.229079 ], [ 32.329419, -21.239022 ], [ 32.337899, -21.246079 ], [ 32.354419, -21.248317 ], [ 32.362373, -21.252418 ], [ 32.376548, -21.254737 ], [ 32.392359, -21.262501 ], [ 32.411505, -21.288053 ], [ 32.417489, -21.293297 ], [ 32.427827, -21.298161 ], [ 32.435853, -21.304826 ], [ 32.448076, -21.307498 ], [ 32.44497, -21.308874 ], [ 32.45261, -21.309667 ], [ 32.480229, -21.327248 ], [ 32.476143, -21.310398 ], [ 32.450794, -21.273421 ], [ 32.436437, -21.256074 ], [ 32.433648, -21.250326 ], [ 32.424817, -21.242276 ], [ 32.424703, -21.240687 ], [ 32.428766, -21.237397 ], [ 32.42695, -21.232627 ], [ 32.429437, -21.231672 ], [ 32.424005, -21.226905 ], [ 32.420614, -21.227226 ], [ 32.418577, -21.225955 ], [ 32.41699, -21.222564 ], [ 32.413369, -21.220553 ], [ 32.410876, -21.215889 ], [ 32.408388, -21.214514 ], [ 32.408835, -21.211651 ], [ 32.40069, -21.20731 ], [ 32.396384, -21.198619 ], [ 32.397169, -21.192894 ], [ 32.39411, -21.188868 ], [ 32.396933, -21.185898 ], [ 32.398848, -21.180502 ], [ 32.407542, -21.175939 ], [ 32.41353, -21.175088 ], [ 32.413186, -21.173816 ], [ 32.406401, -21.169156 ], [ 32.396342, -21.165663 ], [ 32.393736, -21.16206 ], [ 32.392268, -21.162167 ], [ 32.390692, -21.165348 ], [ 32.38436, -21.162594 ], [ 32.383112, -21.159521 ], [ 32.390341, -21.156975 ], [ 32.380724, -21.145953 ], [ 32.378348, -21.143941 ], [ 32.375301, -21.14532 ], [ 32.362979, -21.1396 ], [ 32.37009, -21.133768 ], [ 32.377871, -21.123269 ], [ 32.383177, -21.121995 ], [ 32.380118, -21.114259 ], [ 32.380225, -21.109594 ], [ 32.387446, -21.103866 ], [ 32.480251, -21.000194 ], [ 32.487529, -20.989736 ], [ 32.52434, -20.907041 ], [ 32.513514, -20.857068 ], [ 32.502227, -20.813627 ], [ 32.498069, -20.751553 ], [ 32.496341, -20.749518 ], [ 32.494193, -20.716986 ], [ 32.50302, -20.710693 ], [ 32.494418, -20.699452 ], [ 32.494579, -20.692929 ], [ 32.491611, -20.681934 ], [ 32.492465, -20.677203 ], [ 32.485782, -20.670525 ], [ 32.493316, -20.669537 ], [ 32.492706, -20.667498 ], [ 32.495216, -20.665457 ], [ 32.493995, -20.66187 ], [ 32.488361, -20.659921 ], [ 32.489913, -20.656167 ], [ 32.48532, -20.655032 ], [ 32.489387, -20.653396 ], [ 32.487216, -20.651279 ], [ 32.490073, -20.649726 ], [ 32.490577, -20.642223 ], [ 32.494048, -20.645315 ], [ 32.495345, -20.644091 ], [ 32.494987, -20.638222 ], [ 32.491607, -20.637491 ], [ 32.494636, -20.635613 ], [ 32.495403, -20.629657 ], [ 32.500652, -20.630221 ], [ 32.503627, -20.627462 ], [ 32.50267, -20.625554 ], [ 32.497134, -20.625138 ], [ 32.498504, -20.621683 ], [ 32.503677, -20.62213 ], [ 32.504924, -20.620729 ], [ 32.501315, -20.616781 ], [ 32.501346, -20.613289 ], [ 32.498077, -20.614058 ], [ 32.498237, -20.611548 ], [ 32.503059, -20.607131 ], [ 32.507674, -20.6079 ], [ 32.508205, -20.606679 ], [ 32.505939, -20.605498 ], [ 32.508334, -20.599143 ], [ 32.510286, -20.599408 ], [ 32.514876, -20.59546 ], [ 32.521013, -20.59293 ], [ 32.566926, -20.552874 ], [ 32.667612, -20.55445 ], [ 32.761039, -20.415249 ], [ 32.806177, -20.365431 ], [ 32.80356, -20.341865 ], [ 32.860027, -20.29016 ], [ 32.87281, -20.276033 ], [ 32.866649, -20.271909 ], [ 32.863842, -20.258259 ], [ 32.870689, -20.248937 ], [ 32.874378, -20.232629 ], [ 32.861438, -20.22598 ], [ 32.857891, -20.229219 ], [ 32.84779, -20.219701 ], [ 32.85014, -20.203863 ], [ 32.848473, -20.193615 ], [ 32.859829, -20.18927 ], [ 32.87426, -20.187251 ], [ 32.874229, -20.177606 ], [ 32.869198, -20.162402 ], [ 32.86259, -20.152701 ], [ 32.87038, -20.143718 ], [ 32.861496, -20.1348 ], [ 32.867622, -20.128264 ], [ 32.866684, -20.118932 ], [ 32.87062, -20.109541 ], [ 32.870166, -20.103556 ], [ 32.858078, -20.110239 ], [ 32.852154, -20.080923 ], [ 32.85559, -20.076538 ], [ 32.860328, -20.075491 ], [ 32.863674, -20.070403 ], [ 32.863678, -20.064349 ], [ 32.861732, -20.059335 ], [ 32.85839, -20.056009 ], [ 32.848534, -20.055904 ], [ 32.793062, -20.074738 ], [ 32.738167, -20.088121 ], [ 32.744438, -20.058833 ], [ 32.740425, -20.056458 ], [ 32.739052, -20.04929 ], [ 32.735378, -20.046343 ], [ 32.73505, -20.043591 ], [ 32.730457, -20.041345 ], [ 32.730144, -20.039298 ], [ 32.732303, -20.037482 ], [ 32.731678, -20.035848 ], [ 32.672106, -20.044928 ], [ 32.59589, -20.075537 ], [ 32.641458, -19.999047 ], [ 32.603138, -19.969551 ], [ 32.579703, -19.949193 ], [ 32.585351, -19.938501 ], [ 32.601303, -19.91596 ], [ 32.596711, -19.916317 ], [ 32.585018, -19.912952 ], [ 32.572511, -19.925269 ], [ 32.563287, -19.926175 ], [ 32.550672, -19.923637 ], [ 32.533938, -19.915842 ], [ 32.530718, -19.916191 ], [ 32.519346, -19.922777 ], [ 32.514067, -19.923789 ], [ 32.503473, -19.921081 ], [ 32.501605, -19.919166 ], [ 32.486236, -19.918556 ], [ 32.468574, -19.928776 ], [ 32.44228, -19.951573 ], [ 32.432473, -19.955741 ], [ 32.428026, -19.954844 ], [ 32.42352, -19.956053 ], [ 32.421983, -19.957625 ], [ 32.421964, -19.961398 ], [ 32.415796, -19.960887 ], [ 32.413553, -19.964388 ], [ 32.409978, -19.965116 ], [ 32.405988, -19.964748 ], [ 32.404146, -19.962283 ], [ 32.398711, -19.964496 ], [ 32.392668, -19.962144 ], [ 32.38745, -19.958039 ], [ 32.38534, -19.953688 ], [ 32.376269, -19.949653 ], [ 32.371012, -19.944194 ], [ 32.363612, -19.940345 ], [ 32.358791, -19.940103 ], [ 32.352447, -19.943733 ], [ 32.348194, -19.940881 ], [ 32.34053, -19.948969 ], [ 32.340747, -19.955558 ], [ 32.345748, -19.969475 ], [ 32.340591, -19.999969 ], [ 32.343395, -20.018429 ], [ 32.337722, -20.033698 ], [ 32.337276, -20.042172 ], [ 32.339095, -20.055941 ], [ 32.344478, -20.071835 ], [ 32.34505, -20.078911 ], [ 32.340412, -20.089025 ], [ 32.339569, -20.09603 ], [ 32.338981, -20.105581 ], [ 32.340759, -20.114194 ], [ 32.338107, -20.131834 ], [ 32.339057, -20.157454 ], [ 32.327164, -20.187542 ], [ 32.326935, -20.205382 ], [ 32.323574, -20.216199 ], [ 32.322216, -20.243725 ], [ 32.320782, -20.246595 ], [ 32.31971, -20.260079 ], [ 32.314598, -20.269002 ], [ 32.312039, -20.285725 ], [ 32.306748, -20.301992 ], [ 32.306271, -20.309791 ], [ 32.295709, -20.344892 ], [ 32.291177, -20.388424 ], [ 32.288915, -20.397065 ], [ 32.288072, -20.423326 ], [ 32.284376, -20.455177 ] ], [ [ 32.613704, -20.225193 ], [ 32.597649, -20.22196 ], [ 32.594418, -20.210631 ], [ 32.610352, -20.204815 ], [ 32.599903, -20.168827 ], [ 32.615012, -20.164937 ], [ 32.623651, -20.175594 ], [ 32.639422, -20.177985 ], [ 32.647357, -20.203243 ], [ 32.636126, -20.202273 ], [ 32.636396, -20.205749 ], [ 32.651608, -20.214887 ], [ 32.660673, -20.237729 ], [ 32.613704, -20.225193 ] ] ] } },
{ "type": "Feature", "properties": { "admin_name": "Chipinge Urban", "tiles": 9.0, "tests": 25.0, "devices": 12.0, "pop_weight": 16618.007019042969, "area_km2": 2.9645508772241391, "d_mean_tile": 32.836444444444446, "d_median_tile": 9.858, "d_mean_pop": 23.3276542134751, "d_median_pop": 14.000556933497061, "d_p10_pop": 0.339, "d_p90_pop": 73.958700220946383, "u_median_pop": 1.8959932947899107, "lat_median_pop": 20.971290383039406, "pct_above_bb": 55.26828247227332, "pct_above_hi": 26.027834553748853, "divide_ratio": 218.16725728892737, "pop_total": 34886.622902244329, "pop_covered": 16618.007019042969, "pop_coverage_pct": 47.634324094963908, "level": "ADM2" }, "geometry": { "type": "Polygon", "coordinates": [ [ [ 32.613704, -20.225193 ], [ 32.660673, -20.237729 ], [ 32.651608, -20.214887 ], [ 32.636396, -20.205749 ], [ 32.636126, -20.202273 ], [ 32.647357, -20.203243 ], [ 32.639422, -20.177985 ], [ 32.623651, -20.175594 ], [ 32.615012, -20.164937 ], [ 32.599903, -20.168827 ], [ 32.610352, -20.204815 ], [ 32.594418, -20.210631 ], [ 32.597649, -20.22196 ], [ 32.613704, -20.225193 ] ] ] } },
{ "type": "Feature", "properties": { "admin_name": "Chiredzi", "tiles": 6.0, "tests": 8.0, "devices": 7.0, "pop_weight": 1407.9915323257446, "area_km2": 1.9505379565458048, "d_mean_tile": 26.6575, "d_median_tile": 17.685, "d_mean_pop": 34.64364688681114, "d_median_pop": 30.811472270277559, "d_p10_pop": 3.4536230856838883, "d_p90_pop": 83.743460685054202, "u_median_pop": 13.873230990379803, "lat_median_pop": 27.988853170286831, "pct_above_bb": 84.920723608342712, "pct_above_hi": 69.469115420008123, "divide_ratio": 24.248002346345007, "pop_total": 336339.99484577717, "pop_covered": 1407.9915323257446, "pop_coverage_pct": 0.41862150023857692, "level": "ADM2" }, "geometry": { "type": "Polygon", "coordinates": [ [ [ 31.113327, -22.337529 ], [ 31.120517, -22.33822 ], [ 31.129644, -22.333221 ], [ 31.147811, -22.328485 ], [ 31.159935, -22.327615 ], [ 31.173599, -22.329002 ], [ 31.181412, -22.331224 ], [ 31.185597, -22.334119 ], [ 31.197747, -22.354898 ], [ 31.210929, -22.363963 ], [ 31.216516, -22.36597 ], [ 31.227209, -22.366601 ], [ 31.23418, -22.366061 ], [ 31.248758, -22.361716 ], [ 31.2641, -22.36349 ], [ 31.274274, -22.372738 ], [ 31.281293, -22.388469 ], [ 31.28596, -22.404147 ], [ 31.304623, -22.414623 ], [ 31.309572, -22.421049 ], [ 31.376282, -22.379717 ], [ 31.502441, -22.253354 ], [ 31.745508, -22.003944 ], [ 31.757801, -21.993942 ], [ 32.112883, -21.626753 ], [ 32.413877, -21.316299 ], [ 32.424291, -21.315076 ], [ 32.44497, -21.308874 ], [ 32.448076, -21.307498 ], [ 32.435853, -21.304826 ], [ 32.427827, -21.298161 ], [ 32.417489, -21.293297 ], [ 32.411505, -21.288053 ], [ 32.392359, -21.262501 ], [ 32.376548, -21.254737 ], [ 32.362373, -21.252418 ], [ 32.354419, -21.248317 ], [ 32.337899, -21.246079 ], [ 32.329419, -21.239022 ], [ 32.321965, -21.229079 ], [ 32.312443, -21.222148 ], [ 32.304662, -21.2102 ], [ 32.305883, -21.202247 ], [ 32.294359, -21.192686 ], [ 32.289224, -21.184349 ], [ 32.285779, -21.159641 ], [ 32.270724, -21.104517 ], [ 32.265528, -21.099428 ], [ 32.257735, -21.096881 ], [ 32.246558, -21.098352 ], [ 32.240447, -21.097547 ], [ 32.236637, -21.08433 ], [ 32.233806, -21.079521 ], [ 32.224712, -21.076978 ], [ 32.216487, -21.06856 ], [ 32.199872, -21.066853 ], [ 32.194665, -21.064255 ], [ 32.187997, -21.052581 ], [ 32.186024, -21.04553 ], [ 32.186577, -21.042577 ], [ 32.195267, -21.0355 ], [ 32.196744, -21.028343 ], [ 32.196065, -21.024042 ], [ 32.190541, -21.016376 ], [ 32.174878, -21.007908 ], [ 32.164888, -21.005343 ], [ 32.157728, -20.997772 ], [ 32.154924, -20.989292 ], [ 32.152948, -20.987638 ], [ 32.152029, -20.978373 ], [ 32.158678, -20.96083 ], [ 32.157102, -20.948971 ], [ 32.14731, -20.940082 ], [ 32.140081, -20.938043 ], [ 32.135549, -20.926615 ], [ 32.139826, -20.91426 ], [ 32.149625, -20.90407 ], [ 32.154031, -20.893019 ], [ 32.156267, -20.890918 ], [ 32.158506, -20.8819 ], [ 32.156862, -20.877577 ], [ 32.159296, -20.873377 ], [ 32.165932, -20.867323 ], [ 32.183282, -20.840456 ], [ 32.18821, -20.828473 ], [ 32.189461, -20.820751 ], [ 32.196587, -20.804318 ], [ 32.204467, -20.801844 ], [ 32.210838, -20.797093 ], [ 32.215107, -20.791408 ], [ 32.219703, -20.780657 ], [ 32.219112, -20.777815 ], [ 32.215236, -20.776396 ], [ 32.209129, -20.768987 ], [ 32.208931, -20.752678 ], [ 32.212692, -20.750836 ], [ 32.213798, -20.740255 ], [ 32.217289, -20.729671 ], [ 32.227684, -20.711807 ], [ 32.225265, -20.699736 ], [ 32.227741, -20.692147 ], [ 32.234648, -20.686469 ], [ 32.247546, -20.68144 ], [ 32.256014, -20.669482 ], [ 32.260851, -20.645752 ], [ 32.256854, -20.616732 ], [ 32.271219, -20.599851 ], [ 32.274587, -20.589169 ], [ 32.28034, -20.575875 ], [ 32.285268, -20.56878 ], [ 32.288808, -20.558105 ], [ 32.287752, -20.531931 ], [ 32.282724, -20.517255 ], [ 32.282804, -20.511791 ], [ 32.286436, -20.504194 ], [ 32.289129, -20.489642 ], [ 32.288415, -20.476511 ], [ 32.284376, -20.455177 ], [ 32.258208, -20.452138 ], [ 32.237917, -20.444497 ], [ 32.1941, -20.436869 ], [ 32.181927, -20.428449 ], [ 32.174622, -20.42003 ], [ 32.146227, -20.409317 ], [ 32.103236, -20.40626 ], [ 32.070793, -20.409321 ], [ 32.062679, -20.411618 ], [ 32.016447, -20.413134 ], [ 32.005094, -20.4093 ], [ 32.000543, -20.405703 ], [ 31.994665, -20.405443 ], [ 31.974046, -20.41589 ], [ 31.969396, -20.419998 ], [ 31.966756, -20.419298 ], [ 31.965413, -20.422996 ], [ 31.864737, -20.488791 ], [ 31.845872, -20.533108 ], [ 31.828349, -20.565631 ], [ 31.789707, -20.582529 ], [ 31.775006, -20.582556 ], [ 31.782299, -20.586187 ], [ 31.780823, -20.589287 ], [ 31.783407, -20.592193 ], [ 31.78167, -20.593713 ], [ 31.778988, -20.607746 ], [ 31.783194, -20.61454 ], [ 31.781973, -20.61685 ], [ 31.780743, -20.614544 ], [ 31.778486, -20.615217 ], [ 31.780089, -20.623235 ], [ 31.750795, -20.633509 ], [ 31.749891, -20.63279 ], [ 31.724636, -20.643236 ], [ 31.717776, -20.652078 ], [ 31.687887, -20.602616 ], [ 31.633195, -20.602742 ], [ 31.614202, -20.62453 ], [ 31.611593, -20.621366 ], [ 31.602057, -20.625503 ], [ 31.604206, -20.627238 ], [ 31.514933, -20.65343 ], [ 31.458094, -20.679115 ], [ 31.406791, -20.647908 ], [ 31.382832, -20.644443 ], [ 31.327963, -20.663426 ], [ 31.288393, -20.689598 ], [ 31.249503, -20.74988 ], [ 31.24969, -20.75156 ], [ 31.249658, -20.758869 ], [ 31.247849, -20.760053 ], [ 31.243218, -20.770505 ], [ 31.238803, -20.791128 ], [ 31.240403, -20.803395 ], [ 31.244075, -20.810615 ], [ 31.250565, -20.813307 ], [ 31.260624, -20.82018 ], [ 31.267904, -20.826905 ], [ 31.270079, -20.831553 ], [ 31.262844, -20.848166 ], [ 31.243983, -20.901446 ], [ 31.199253, -20.920693 ], [ 31.186624, -20.886984 ], [ 31.203615, -20.873431 ], [ 31.190239, -20.86866 ], [ 31.174079, -20.878151 ], [ 31.133452, -20.892075 ], [ 31.101989, -20.916607 ], [ 31.084219, -20.934171 ], [ 31.079745, -20.928283 ], [ 31.081486, -20.924629 ], [ 31.077597, -20.920809 ], [ 31.072228, -20.92222 ], [ 31.070156, -20.921375 ], [ 31.064856, -20.926679 ], [ 31.058708, -20.921829 ], [ 31.054238, -20.922947 ], [ 31.041131, -20.99882 ], [ 31.039378, -21.018791 ], [ 31.045261, -21.025347 ], [ 31.052064, -21.040195 ], [ 31.058739, -21.047058 ], [ 31.06243, -21.054486 ], [ 31.084332, -21.062716 ], [ 31.095584, -21.068617 ], [ 31.104797, -21.071247 ], [ 31.107999, -21.073705 ], [ 31.109655, -21.077283 ], [ 31.110263, -21.092047 ], [ 31.12119, -21.103405 ], [ 31.126389, -21.114854 ], [ 31.132603, -21.119862 ], [ 31.141144, -21.122625 ], [ 31.14636, -21.126179 ], [ 31.156305, -21.141004 ], [ 31.164802, -21.143311 ], [ 31.181224, -21.140346 ], [ 31.190217, -21.140809 ], [ 31.206196, -21.14637 ], [ 31.211561, -21.149609 ], [ 31.238654, -21.152372 ], [ 31.259083, -21.148588 ], [ 31.267853, -21.135738 ], [ 31.282505, -21.135887 ], [ 31.299706, -21.139296 ], [ 31.30905, -21.151522 ], [ 31.313149, -21.170165 ], [ 31.325109, -21.179989 ], [ 31.35445, -21.177851 ], [ 31.377799, -21.171606 ], [ 31.481423, -21.156392 ], [ 31.497888, -21.149145 ], [ 31.514712, -21.153654 ], [ 31.54016, -21.173581 ], [ 31.552169, -21.173974 ], [ 31.565692, -21.167575 ], [ 31.570571, -21.167573 ], [ 31.574874, -21.171657 ], [ 31.574722, -21.176527 ], [ 31.576824, -21.182678 ], [ 31.580971, -21.188034 ], [ 31.587166, -21.192855 ], [ 31.592781, -21.195018 ], [ 31.596928, -21.199346 ], [ 31.598978, -21.204069 ], [ 31.60837, -21.209673 ], [ 31.60554, -21.212923 ], [ 31.60344, -21.211792 ], [ 31.602656, -21.21381 ], [ 31.600455, -21.210907 ], [ 31.594317, -21.212631 ], [ 31.591174, -21.217599 ], [ 31.592436, -21.221338 ], [ 31.587986, -21.23374 ], [ 31.582793, -21.235266 ], [ 31.584002, -21.238514 ], [ 31.574245, -21.24255 ], [ 31.563331, -21.243538 ], [ 31.558715, -21.248952 ], [ 31.555368, -21.249387 ], [ 31.549648, -21.254079 ], [ 31.539601, -21.25588 ], [ 31.528548, -21.26063 ], [ 31.525466, -21.265477 ], [ 31.512238, -21.266331 ], [ 31.508148, -21.272914 ], [ 31.507207, -21.285338 ], [ 31.50345, -21.290337 ], [ 31.46934, -21.318066 ], [ 31.267455, -21.491387 ], [ 31.266971, -21.498015 ], [ 31.262755, -21.504356 ], [ 31.250089, -21.536893 ], [ 31.243215, -21.548336 ], [ 31.246951, -21.560605 ], [ 31.252002, -21.565771 ], [ 31.251258, -21.57507 ], [ 31.252694, -21.578063 ], [ 31.251222, -21.580517 ], [ 31.252757, -21.587078 ], [ 31.249585, -21.593046 ], [ 31.243863, -21.598659 ], [ 31.239016, -21.627353 ], [ 31.247594, -21.636506 ], [ 31.249133, -21.641082 ], [ 31.254611, -21.641139 ], [ 31.252915, -21.644348 ], [ 31.255189, -21.647403 ], [ 31.251992, -21.652401 ], [ 31.239717, -21.659232 ], [ 31.237097, -21.665654 ], [ 31.230814, -21.669607 ], [ 31.229238, -21.675535 ], [ 31.229759, -21.679985 ], [ 31.246505, -21.687901 ], [ 31.248111, -21.692263 ], [ 31.261882, -21.709423 ], [ 31.268929, -21.714078 ], [ 31.277697, -21.716842 ], [ 31.256993, -21.729603 ], [ 31.248805, -21.742381 ], [ 31.246303, -21.749354 ], [ 31.066118, -22.061605 ], [ 30.999307, -22.089975 ], [ 30.987817, -22.089977 ], [ 30.976089, -22.09657 ], [ 30.959288, -22.101891 ], [ 30.947876, -22.10721 ], [ 30.944008, -22.112793 ], [ 30.94806, -22.124998 ], [ 30.947855, -22.136501 ], [ 30.954682, -22.15508 ], [ 30.962634, -22.159793 ], [ 30.982956, -22.161854 ], [ 30.985901, -22.163327 ], [ 30.989436, -22.169218 ], [ 30.987669, -22.174226 ], [ 31.00534, -22.178644 ], [ 31.009758, -22.193961 ], [ 31.006518, -22.197201 ], [ 31.002395, -22.207215 ], [ 31.013292, -22.208394 ], [ 31.013292, -22.21075 ], [ 31.005929, -22.224594 ], [ 31.010936, -22.22754 ], [ 31.020361, -22.218408 ], [ 31.030374, -22.221354 ], [ 31.034498, -22.224005 ], [ 31.036265, -22.230191 ], [ 31.031847, -22.235787 ], [ 31.026251, -22.236671 ], [ 31.02095, -22.232842 ], [ 31.016237, -22.233136 ], [ 31.013092, -22.250434 ], [ 31.017433, -22.252526 ], [ 31.024187, -22.250884 ], [ 31.027615, -22.251866 ], [ 31.030773, -22.263447 ], [ 31.034298, -22.266733 ], [ 31.053304, -22.266607 ], [ 31.053273, -22.268374 ], [ 31.049581, -22.271577 ], [ 31.052095, -22.278665 ], [ 31.04973, -22.283129 ], [ 31.051229, -22.285887 ], [ 31.055442, -22.286865 ], [ 31.061126, -22.285225 ], [ 31.068313, -22.29406 ], [ 31.072519, -22.293772 ], [ 31.0802, -22.288513 ], [ 31.084086, -22.289722 ], [ 31.084131, -22.297555 ], [ 31.086098, -22.301999 ], [ 31.098564, -22.314323 ], [ 31.100332, -22.320181 ], [ 31.113331, -22.335284 ], [ 31.113327, -22.337529 ] ], [ [ 31.66773, -21.020611 ], [ 31.744965, -21.004462 ], [ 31.748057, -21.009633 ], [ 31.747832, -21.01126 ], [ 31.73244, -21.014711 ], [ 31.710917, -21.02313 ], [ 31.695981, -21.024589 ], [ 31.689928, -21.031793 ], [ 31.68688, -21.039462 ], [ 31.669343, -21.05913 ], [ 31.639287, -21.035638 ], [ 31.624682, -21.029548 ], [ 31.66773, -21.020611 ] ] ] } },
{ "type": "Feature", "properties": { "admin_name": "Chiredzi Urban", "tiles": 5.0, "tests": 8.0, "devices": 7.0, "pop_weight": 9503.4854125976562, "area_km2": 1.6287427742706095, "d_mean_tile": 75.9778, "d_median_tile": 64.06, "d_mean_pop": 73.247391918216181, "d_median_pop": 72.822926127896238, "d_p10_pop": 35.039333516701504, "d_p90_pop": 174.60959848293268, "u_median_pop": 11.137885785868464, "lat_median_pop": 31.370489667523156, "pct_above_bb": 95.097855654764814, "pct_above_hi": 95.097855654764814, "divide_ratio": 4.9832454261638564, "pop_total": 44108.150530695915, "pop_covered": 9503.4854125976562, "pop_coverage_pct": 21.545871450638025, "level": "ADM2" }, "geometry": { "type": "Polygon", "coordinates": [ [ [ 31.66773, -21.020611 ], [ 31.624682, -21.029548 ], [ 31.639287, -21.035638 ], [ 31.669343, -21.05913 ], [ 31.68688, -21.039462 ], [ 31.689928, -21.031793 ], [ 31.695981, -21.024589 ], [ 31.710917, -21.02313 ], [ 31.73244, -21.014711 ], [ 31.747832, -21.01126 ], [ 31.748057, -21.009633 ], [ 31.744965, -21.004462 ], [ 31.66773, -21.020611 ] ] ] } },
{ "type": "Feature", "properties": { "admin_name": "Chirumhanzu", "tiles": 13.0, "tests": 24.0, "devices": 13.0, "pop_weight": 6334.0099182128906, "area_km2": 4.3318548829769785, "d_mean_tile": 64.53123076923076, "d_median_tile": 57.871, "d_mean_pop": 41.293285570832133, "d_median_pop": 45.52884561035885, "d_p10_pop": 0.261, "d_p90_pop": 89.484409338055187, "u_median_pop": 19.451725305962373, "lat_median_pop": 24.0, "pct_above_bb": 60.611648011344698, "pct_above_hi": 60.611648011344698, "divide_ratio": 342.85214305768267, "pop_total": 104873.71682997329, "pop_covered": 6334.0099182128906, "pop_coverage_pct": 6.039654271510102, "level": "ADM2" }, "geometry": { "type": "Polygon", "coordinates": [ [ [ 30.557525, -18.87675 ], [ 30.544036, -18.895786 ], [ 30.530284, -18.909541 ], [ 30.504484, -18.911158 ], [ 30.499937, -18.908809 ], [ 30.498379, -18.906071 ], [ 30.490887, -18.900646 ], [ 30.485256, -18.899603 ], [ 30.47609, -18.902153 ], [ 30.46353, -18.898628 ], [ 30.456838, -18.893277 ], [ 30.446884, -18.892026 ], [ 30.439747, -18.877542 ], [ 30.429138, -18.870485 ], [ 30.420876, -18.860278 ], [ 30.418814, -18.859639 ], [ 30.415054, -18.864367 ], [ 30.411906, -18.864869 ], [ 30.411519, -18.861651 ], [ 30.408065, -18.858109 ], [ 30.404756, -18.85697 ], [ 30.402124, -18.859677 ], [ 30.395076, -18.855544 ], [ 30.393085, -18.852518 ], [ 30.390578, -18.840573 ], [ 30.387672, -18.842945 ], [ 30.384915, -18.848838 ], [ 30.376881, -18.849809 ], [ 30.37386, -18.852028 ], [ 30.382562, -18.901481 ], [ 30.381536, -18.956448 ], [ 30.36768, -18.956741 ], [ 30.348084, -18.954622 ], [ 30.340602, -19.035113 ], [ 30.348847, -19.064414 ], [ 30.34686, -19.064388 ], [ 30.338639, -19.055294 ], [ 30.320932, -19.052887 ], [ 30.311982, -19.046344 ], [ 30.305927, -19.045339 ], [ 30.30529, -19.048557 ], [ 30.290894, -19.048522 ], [ 30.286617, -19.056544 ], [ 30.271224, -19.055989 ], [ 30.271234, -19.062413 ], [ 30.269496, -19.065885 ], [ 30.270417, -19.071094 ], [ 30.261386, -19.091085 ], [ 30.261062, -19.099058 ], [ 30.258411, -19.106637 ], [ 30.259805, -19.113049 ], [ 30.258806, -19.119484 ], [ 30.180337, -19.080174 ], [ 30.130666, -19.131421 ], [ 30.065145, -19.200401 ], [ 30.17108, -19.249178 ], [ 30.166266, -19.273571 ], [ 30.135406, -19.250147 ], [ 30.114789, -19.269513 ], [ 30.071564, -19.283978 ], [ 30.063875, -19.295217 ], [ 30.035759, -19.298092 ], [ 30.03712, -19.325528 ], [ 30.074921, -19.325016 ], [ 30.073681, -19.348085 ], [ 30.130197, -19.356631 ], [ 30.116479, -19.395149 ], [ 30.126399, -19.396328 ], [ 30.126871, -19.393396 ], [ 30.12972, -19.390341 ], [ 30.153489, -19.400995 ], [ 30.169949, -19.406085 ], [ 30.18711, -19.407117 ], [ 30.175774, -19.433837 ], [ 30.166907, -19.434012 ], [ 30.167946, -19.45644 ], [ 30.157772, -19.474689 ], [ 30.209234, -19.490605 ], [ 30.246376, -19.504175 ], [ 30.290595, -19.471999 ], [ 30.318191, -19.503449 ], [ 30.338094, -19.498497 ], [ 30.373121, -19.476955 ], [ 30.408107, -19.451177 ], [ 30.444113, -19.41533 ], [ 30.453766, -19.424409 ], [ 30.451076, -19.429331 ], [ 30.45304, -19.433769 ], [ 30.45054, -19.445036 ], [ 30.44757, -19.449129 ], [ 30.443776, -19.450179 ], [ 30.445164, -19.454333 ], [ 30.444475, -19.461215 ], [ 30.440833, -19.471087 ], [ 30.441583, -19.478816 ], [ 30.436466, -19.490046 ], [ 30.439294, -19.495048 ], [ 30.440074, -19.500847 ], [ 30.437684, -19.504948 ], [ 30.438786, -19.508823 ], [ 30.441393, -19.509412 ], [ 30.444533, -19.513039 ], [ 30.445032, -19.518284 ], [ 30.441549, -19.521291 ], [ 30.433985, -19.522948 ], [ 30.435799, -19.525389 ], [ 30.430145, -19.526854 ], [ 30.428175, -19.529606 ], [ 30.429813, -19.534252 ], [ 30.427253, -19.538503 ], [ 30.42819, -19.545465 ], [ 30.426105, -19.547504 ], [ 30.429228, -19.549649 ], [ 30.429449, -19.555372 ], [ 30.435896, -19.56119 ], [ 30.434454, -19.5713 ], [ 30.438629, -19.573612 ], [ 30.436291, -19.584048 ], [ 30.432531, -19.589232 ], [ 30.43609, -19.607975 ], [ 30.440296, -19.61509 ], [ 30.437817, -19.640528 ], [ 30.44095, -19.643847 ], [ 30.440973, -19.654373 ], [ 30.443565, -19.661212 ], [ 30.441715, -19.665991 ], [ 30.443701, -19.671594 ], [ 30.438597, -19.678352 ], [ 30.443197, -19.682016 ], [ 30.445251, -19.68863 ], [ 30.444412, -19.690892 ], [ 30.44696, -19.696704 ], [ 30.44956, -19.698499 ], [ 30.456745, -19.699724 ], [ 30.455608, -19.704321 ], [ 30.456549, -19.711282 ], [ 30.453133, -19.717847 ], [ 30.453493, -19.721507 ], [ 30.456291, -19.725113 ], [ 30.463026, -19.727657 ], [ 30.464304, -19.731733 ], [ 30.466496, -19.732883 ], [ 30.467007, -19.735313 ], [ 30.464781, -19.73779 ], [ 30.466516, -19.742091 ], [ 30.470471, -19.741643 ], [ 30.478728, -19.745009 ], [ 30.479135, -19.749352 ], [ 30.475753, -19.75429 ], [ 30.477965, -19.754124 ], [ 30.484435, -19.765403 ], [ 30.48853, -19.767201 ], [ 30.485431, -19.771981 ], [ 30.481212, -19.775126 ], [ 30.478162, -19.782549 ], [ 30.476617, -19.797294 ], [ 30.479915, -19.802753 ], [ 30.479964, -19.806744 ], [ 30.477519, -19.815275 ], [ 30.474492, -19.818422 ], [ 30.470498, -19.819831 ], [ 30.467299, -19.825544 ], [ 30.470546, -19.828914 ], [ 30.471162, -19.832197 ], [ 30.46759, -19.835209 ], [ 30.46032, -19.83193 ], [ 30.456221, -19.832096 ], [ 30.454823, -19.835425 ], [ 30.459693, -19.83979 ], [ 30.469452, -19.842346 ], [ 30.522016, -19.836502 ], [ 30.63387, -19.866362 ], [ 30.686476, -19.861405 ], [ 30.686774, -19.858785 ], [ 30.692456, -19.856178 ], [ 30.693377, -19.853942 ], [ 30.690346, -19.850269 ], [ 30.680323, -19.846083 ], [ 30.677713, -19.841732 ], [ 30.679056, -19.830154 ], [ 30.683066, -19.824491 ], [ 30.680264, -19.823352 ], [ 30.677538, -19.816771 ], [ 30.677719, -19.813065 ], [ 30.681143, -19.808998 ], [ 30.678837, -19.80224 ], [ 30.680239, -19.795074 ], [ 30.684111, -19.790051 ], [ 30.683543, -19.784603 ], [ 30.689957, -19.782137 ], [ 30.692803, -19.779523 ], [ 30.692601, -19.772975 ], [ 30.688275, -19.756355 ], [ 30.690203, -19.748378 ], [ 30.695622, -19.744157 ], [ 30.704706, -19.744117 ], [ 30.698623, -19.730011 ], [ 30.699175, -19.722791 ], [ 30.6961, -19.718075 ], [ 30.696487, -19.691117 ], [ 30.705527, -19.686557 ], [ 30.705472, -19.658924 ], [ 30.709375, -19.636868 ], [ 30.697248, -19.606349 ], [ 30.687194, -19.58794 ], [ 30.694926, -19.580387 ], [ 30.69778, -19.568946 ], [ 30.71272, -19.558933 ], [ 30.709205, -19.553787 ], [ 30.709737, -19.547842 ], [ 30.715697, -19.538565 ], [ 30.718955, -19.530104 ], [ 30.720077, -19.521115 ], [ 30.718227, -19.463687 ], [ 30.709348, -19.456503 ], [ 30.712186, -19.438235 ], [ 30.714037, -19.428997 ], [ 30.753403, -19.437404 ], [ 30.754056, -19.42251 ], [ 30.76, -19.414494 ], [ 30.75517, -19.40677 ], [ 30.758369, -19.402552 ], [ 30.695662, -19.395849 ], [ 30.698856, -19.391164 ], [ 30.870544, -19.260546 ], [ 30.84596, -19.25278 ], [ 30.831002, -19.244163 ], [ 30.808865, -19.249909 ], [ 30.803916, -19.243005 ], [ 30.792547, -19.234768 ], [ 30.791248, -19.231403 ], [ 30.789577, -19.232243 ], [ 30.78556, -19.229204 ], [ 30.784675, -19.224185 ], [ 30.780494, -19.224004 ], [ 30.774543, -19.219886 ], [ 30.771906, -19.214793 ], [ 30.76591, -19.215552 ], [ 30.763768, -19.212795 ], [ 30.763272, -19.20754 ], [ 30.756667, -19.206251 ], [ 30.752192, -19.203579 ], [ 30.751917, -19.199836 ], [ 30.744385, -19.193713 ], [ 30.737649, -19.180221 ], [ 30.731502, -19.180502 ], [ 30.734977, -19.178972 ], [ 30.723421, -19.132053 ], [ 30.736155, -19.133932 ], [ 30.740334, -19.130109 ], [ 30.745095, -19.129547 ], [ 30.74992, -19.132127 ], [ 30.718542, -19.087943 ], [ 30.674679, -19.020818 ], [ 30.693488, -18.996118 ], [ 30.712442, -18.976561 ], [ 30.677119, -18.963876 ], [ 30.686606, -18.95681 ], [ 30.688332, -18.95812 ], [ 30.693099, -18.957806 ], [ 30.695634, -18.954318 ], [ 30.692383, -18.952145 ], [ 30.678668, -18.93218 ], [ 30.654167, -18.884485 ], [ 30.635557, -18.907825 ], [ 30.630432, -18.900486 ], [ 30.595311, -18.923085 ], [ 30.575002, -18.940539 ], [ 30.563385, -18.935553 ], [ 30.554404, -18.927961 ], [ 30.554942, -18.925611 ], [ 30.581373, -18.905611 ], [ 30.557525, -18.87675 ] ] ] } },
{ "type": "Feature", "properties": { "admin_name": "Chitungwiza", "tiles": 64.0, "tests": 243.0, "devices": 102.0, "pop_weight": 294229.55700683594, "area_km2": 21.642727615166734, "d_mean_tile": 26.973140625, "d_median_tile": 15.9895, "d_mean_pop": 21.77571476549684, "d_median_pop": 8.4116658318022921, "d_p10_pop": 0.32351332505750319, "d_p90_pop": 56.300739334039811, "u_median_pop": 7.7995035451687178, "lat_median_pop": 21.210826424444278, "pct_above_bb": 48.232770002699127, "pct_above_hi": 35.955288149334301, "divide_ratio": 174.02912020403667, "pop_total": 395585.54931640625, "pop_covered": 288114.86401367188, "pop_coverage_pct": 72.832504754420455, "level": "ADM2" }, "geometry": { "type": "Polygon", "coordinates": [ [ [ 30.999959, -17.999413 ], [ 30.997575, -18.0011 ], [ 30.994458, -18.00089 ], [ 30.999245, -18.005801 ], [ 31.002631, -18.00547 ], [ 31.002753, -18.011638 ], [ 31.005426, -18.012215 ], [ 31.007123, -18.014553 ], [ 31.009567, -18.012807 ], [ 31.011771, -18.015455 ], [ 31.018372, -18.012897 ], [ 31.023055, -18.015285 ], [ 31.025257, -18.018117 ], [ 31.034038, -18.020343 ], [ 31.035652, -18.025376 ], [ 31.039759, -18.026606 ], [ 31.042225, -18.031447 ], [ 31.049802, -18.033054 ], [ 31.050116, -18.039281 ], [ 31.056056, -18.044592 ], [ 31.05949, -18.045726 ], [ 31.059086, -18.047676 ], [ 31.061967, -18.049845 ], [ 31.061445, -18.050878 ], [ 31.063902, -18.048032 ], [ 31.070927, -18.047553 ], [ 31.073393, -18.043853 ], [ 31.081092, -18.040144 ], [ 31.081913, -18.040946 ], [ 31.091183, -18.033528 ], [ 31.09432, -18.032582 ], [ 31.096293, -18.03486 ], [ 31.100183, -18.035204 ], [ 31.111753, -18.033424 ], [ 31.115885, -18.031106 ], [ 31.12711, -18.019736 ], [ 31.09654, -18.003454 ], [ 31.073586, -17.999825 ], [ 31.065853, -17.989246 ], [ 31.059827, -17.986759 ], [ 31.056825, -17.983805 ], [ 31.05611, -17.979294 ], [ 31.05251, -17.979132 ], [ 31.049868, -17.981487 ], [ 31.046683, -17.981089 ], [ 31.039559, -17.984924 ], [ 31.032204, -17.98477 ], [ 31.029622, -17.987338 ], [ 31.024873, -17.987483 ], [ 31.020846, -17.996258 ], [ 31.020636, -18.002537 ], [ 31.016776, -18.003391 ], [ 31.009498, -18.000599 ], [ 31.0072, -17.997947 ], [ 31.004574, -17.999613 ], [ 30.999959, -17.999413 ] ] ] } },
{ "type": "Feature", "properties": { "admin_name": "Chivi", "tiles": 5.0, "tests": 9.0, "devices": 5.0, "pop_weight": 2650.782600402832, "area_km2": 1.641275735119593, "d_mean_tile": 41.9092, "d_median_tile": 23.657, "d_mean_pop": 49.083241585114457, "d_median_pop": 47.986773108692063, "d_p10_pop": 18.530283000184074, "d_p90_pop": 90.267671317031471, "u_median_pop": 44.239425200129091, "lat_median_pop": 22.535242164801936, "pct_above_bb": 100.0, "pct_above_hi": 69.402272129078455, "divide_ratio": 4.8713595640247256, "pop_total": 191037.62797452079, "pop_covered": 2650.782600402832, "pop_coverage_pct": 1.3875709348507899, "level": "ADM2" }, "geometry": { "type": "Polygon", "coordinates": [ [ [ 31.058708, -20.921829 ], [ 31.057671, -20.920069 ], [ 31.053396, -20.918862 ], [ 31.048785, -20.91006 ], [ 31.04289, -20.904542 ], [ 31.043468, -20.90083 ], [ 31.038545, -20.897436 ], [ 31.0388, -20.895489 ], [ 31.042033, -20.892988 ], [ 31.041892, -20.883683 ], [ 31.036584, -20.882176 ], [ 31.032773, -20.887234 ], [ 31.031026, -20.88748 ], [ 31.019675, -20.862455 ], [ 31.015253, -20.840694 ], [ 31.012335, -20.833708 ], [ 31.001452, -20.81719 ], [ 30.997771, -20.814625 ], [ 30.99388, -20.802144 ], [ 30.990326, -20.799248 ], [ 30.97639, -20.779558 ], [ 30.967502, -20.776529 ], [ 30.952676, -20.761409 ], [ 30.936831, -20.751813 ], [ 30.929516, -20.75052 ], [ 30.924931, -20.755212 ], [ 30.922127, -20.755981 ], [ 30.915047, -20.739115 ], [ 30.89426, -20.717823 ], [ 30.889471, -20.716471 ], [ 30.880172, -20.721074 ], [ 30.875837, -20.720995 ], [ 30.868153, -20.712847 ], [ 30.865437, -20.703927 ], [ 30.860285, -20.69943 ], [ 30.843394, -20.692566 ], [ 30.837612, -20.687815 ], [ 30.827224, -20.683409 ], [ 30.814317, -20.674243 ], [ 30.812509, -20.67093 ], [ 30.810789, -20.659043 ], [ 30.811952, -20.636177 ], [ 30.807973, -20.620627 ], [ 30.801386, -20.621825 ], [ 30.788439, -20.616208 ], [ 30.777699, -20.618003 ], [ 30.771878, -20.615417 ], [ 30.766823, -20.614955 ], [ 30.760868, -20.618911 ], [ 30.75694, -20.624566 ], [ 30.750581, -20.625478 ], [ 30.747835, -20.613448 ], [ 30.740604, -20.599897 ], [ 30.734235, -20.578615 ], [ 30.724631, -20.565642 ], [ 30.71238, -20.555933 ], [ 30.709521, -20.551594 ], [ 30.712428, -20.541566 ], [ 30.711629, -20.524877 ], [ 30.71012, -20.519874 ], [ 30.716527, -20.511021 ], [ 30.716927, -20.505089 ], [ 30.71353, -20.498356 ], [ 30.710852, -20.479161 ], [ 30.702805, -20.462462 ], [ 30.704426, -20.453162 ], [ 30.698167, -20.438205 ], [ 30.703484, -20.431298 ], [ 30.696671, -20.4153 ], [ 30.699523, -20.407746 ], [ 30.677633, -20.378632 ], [ 30.677648, -20.37113 ], [ 30.682108, -20.36172 ], [ 30.682066, -20.351545 ], [ 30.684561, -20.337369 ], [ 30.682285, -20.334865 ], [ 30.669296, -20.327915 ], [ 30.652581, -20.309213 ], [ 30.652989, -20.292126 ], [ 30.639901, -20.275813 ], [ 30.628155, -20.266947 ], [ 30.624472, -20.261065 ], [ 30.617464, -20.255233 ], [ 30.610445, -20.253878 ], [ 30.605524, -20.251134 ], [ 30.604318, -20.24695 ], [ 30.607858, -20.236761 ], [ 30.601608, -20.228465 ], [ 30.598291, -20.227166 ], [ 30.593551, -20.227647 ], [ 30.590074, -20.23082 ], [ 30.587988, -20.235346 ], [ 30.584638, -20.237045 ], [ 30.56692, -20.222237 ], [ 30.557069, -20.219226 ], [ 30.544903, -20.219598 ], [ 30.543331, -20.217577 ], [ 30.543137, -20.213144 ], [ 30.539009, -20.208383 ], [ 30.527267, -20.215004 ], [ 30.514206, -20.214954 ], [ 30.508954, -20.209057 ], [ 30.504207, -20.20717 ], [ 30.490407, -20.205706 ], [ 30.486979, -20.199896 ], [ 30.490186, -20.19578 ], [ 30.488883, -20.19132 ], [ 30.476995, -20.185022 ], [ 30.459978, -20.165088 ], [ 30.453106, -20.149199 ], [ 30.444984, -20.138624 ], [ 30.446434, -20.128579 ], [ 30.442881, -20.118931 ], [ 30.444569, -20.111881 ], [ 30.454153, -20.104425 ], [ 30.455475, -20.101875 ], [ 30.458074, -20.101873 ], [ 30.458118, -20.100508 ], [ 30.445993, -20.087728 ], [ 30.443269, -20.081194 ], [ 30.436641, -20.078615 ], [ 30.436588, -20.069447 ], [ 30.429736, -20.068201 ], [ 30.421641, -20.056433 ], [ 30.428838, -20.048898 ], [ 30.424825, -20.047121 ], [ 30.422456, -20.043648 ], [ 30.423743, -20.039083 ], [ 30.428707, -20.032089 ], [ 30.440002, -20.033399 ], [ 30.442168, -20.024453 ], [ 30.439995, -20.021366 ], [ 30.440287, -20.015831 ], [ 30.433891, -20.011537 ], [ 30.434838, -20.002956 ], [ 30.432629, -19.994845 ], [ 30.442302, -19.986444 ], [ 30.439239, -19.9813 ], [ 30.43139, -19.986104 ], [ 30.431004, -19.990106 ], [ 30.354812, -19.997409 ], [ 30.334174, -19.992814 ], [ 30.322098, -19.999551 ], [ 30.240519, -20.008055 ], [ 30.223802, -20.012546 ], [ 30.219817, -20.016817 ], [ 30.145151, -20.024084 ], [ 30.1426, -20.028323 ], [ 30.144024, -20.033325 ], [ 30.151, -20.036537 ], [ 30.160424, -20.044028 ], [ 30.166819, -20.04358 ], [ 30.170706, -20.054462 ], [ 30.185175, -20.063534 ], [ 30.190369, -20.065291 ], [ 30.191674, -20.067291 ], [ 30.188174, -20.071706 ], [ 30.185318, -20.080642 ], [ 30.186308, -20.084412 ], [ 30.18503, -20.089064 ], [ 30.187432, -20.094212 ], [ 30.187455, -20.098047 ], [ 30.185263, -20.099454 ], [ 30.179821, -20.098867 ], [ 30.176747, -20.100141 ], [ 30.175896, -20.103778 ], [ 30.171935, -20.108228 ], [ 30.168295, -20.118794 ], [ 30.166628, -20.121098 ], [ 30.16177, -20.122437 ], [ 30.158166, -20.126689 ], [ 30.16193, -20.135202 ], [ 30.166708, -20.15504 ], [ 30.163975, -20.169468 ], [ 30.160648, -20.175885 ], [ 30.160039, -20.187748 ], [ 30.152694, -20.190275 ], [ 30.147922, -20.198769 ], [ 30.153552, -20.200383 ], [ 30.155343, -20.201954 ], [ 30.156455, -20.207257 ], [ 30.158546, -20.206539 ], [ 30.197767, -20.171677 ], [ 30.27778, -20.229045 ], [ 30.278636, -20.231631 ], [ 30.277337, -20.23743 ], [ 30.279542, -20.242548 ], [ 30.275102, -20.251157 ], [ 30.274795, -20.256938 ], [ 30.268114, -20.262718 ], [ 30.269188, -20.265123 ], [ 30.267142, -20.271983 ], [ 30.261339, -20.276366 ], [ 30.260201, -20.283503 ], [ 30.243609, -20.321955 ], [ 30.243559, -20.334781 ], [ 30.258036, -20.352263 ], [ 30.261473, -20.353559 ], [ 30.273935, -20.353751 ], [ 30.281904, -20.357026 ], [ 30.2868, -20.356569 ], [ 30.313843, -20.364932 ], [ 30.320143, -20.371348 ], [ 30.318323, -20.387615 ], [ 30.322729, -20.396378 ], [ 30.339073, -20.418119 ], [ 30.345203, -20.423052 ], [ 30.352435, -20.419942 ], [ 30.357953, -20.415462 ], [ 30.360152, -20.416112 ], [ 30.364343, -20.427405 ], [ 30.368091, -20.431052 ], [ 30.371743, -20.438945 ], [ 30.375556, -20.441101 ], [ 30.390209, -20.456362 ], [ 30.394133, -20.457387 ], [ 30.413483, -20.477746 ], [ 30.414116, -20.481322 ], [ 30.410973, -20.487767 ], [ 30.412325, -20.491214 ], [ 30.420981, -20.499283 ], [ 30.443755, -20.52803 ], [ 30.460958, -20.556645 ], [ 30.460258, -20.562899 ], [ 30.452539, -20.562882 ], [ 30.448102, -20.56568 ], [ 30.445031, -20.571936 ], [ 30.444871, -20.57575 ], [ 30.449327, -20.582735 ], [ 30.450557, -20.58954 ], [ 30.451226, -20.596288 ], [ 30.44947, -20.609209 ], [ 30.4538, -20.617322 ], [ 30.451446, -20.623696 ], [ 30.448985, -20.624882 ], [ 30.450442, -20.626841 ], [ 30.450603, -20.632857 ], [ 30.458052, -20.646449 ], [ 30.466999, -20.652411 ], [ 30.476913, -20.654419 ], [ 30.478771, -20.656254 ], [ 30.48138, -20.661076 ], [ 30.481539, -20.665897 ], [ 30.478828, -20.676103 ], [ 30.480839, -20.679732 ], [ 30.492518, -20.684033 ], [ 30.511601, -20.681015 ], [ 30.519914, -20.68232 ], [ 30.523353, -20.685284 ], [ 30.523694, -20.693805 ], [ 30.520867, -20.7051 ], [ 30.513982, -20.718466 ], [ 30.512734, -20.725673 ], [ 30.515515, -20.740735 ], [ 30.521779, -20.748838 ], [ 30.541832, -20.756267 ], [ 30.551502, -20.765645 ], [ 30.55973, -20.770568 ], [ 30.572558, -20.774635 ], [ 30.59052, -20.776407 ], [ 30.593434, -20.779363 ], [ 30.604879, -20.767825 ], [ 30.627458, -20.753078 ], [ 30.633015, -20.762216 ], [ 30.634682, -20.771159 ], [ 30.627817, -20.777011 ], [ 30.630829, -20.78491 ], [ 30.634545, -20.787306 ], [ 30.642667, -20.78759 ], [ 30.645499, -20.792857 ], [ 30.648425, -20.807213 ], [ 30.653008, -20.809799 ], [ 30.664803, -20.808344 ], [ 30.668524, -20.810301 ], [ 30.674411, -20.818593 ], [ 30.676365, -20.82837 ], [ 30.677955, -20.830068 ], [ 30.704026, -20.824344 ], [ 30.708417, -20.825551 ], [ 30.70867, -20.828496 ], [ 30.704835, -20.836937 ], [ 30.7001, -20.867353 ], [ 30.694071, -20.888752 ], [ 30.689769, -20.896559 ], [ 30.689064, -20.905137 ], [ 30.69158, -20.90878 ], [ 30.701971, -20.909948 ], [ 30.709954, -20.912861 ], [ 30.73761, -20.912275 ], [ 30.743963, -20.907474 ], [ 30.754854, -20.902181 ], [ 30.764452, -20.894674 ], [ 30.77945, -20.889042 ], [ 30.812587, -20.914183 ], [ 30.813266, -20.916691 ], [ 30.810796, -20.920288 ], [ 30.812427, -20.925624 ], [ 30.824737, -20.927766 ], [ 30.83876, -20.932611 ], [ 30.846417, -20.937703 ], [ 30.856337, -20.940611 ], [ 30.863171, -20.947567 ], [ 30.871106, -20.951823 ], [ 30.906688, -20.957654 ], [ 30.925642, -20.966291 ], [ 30.947199, -20.968628 ], [ 30.964511, -20.978926 ], [ 30.982093, -20.998558 ], [ 30.984762, -20.998431 ], [ 30.993054, -20.993162 ], [ 30.999316, -20.992393 ], [ 31.003382, -20.99353 ], [ 31.013619, -21.000077 ], [ 31.021499, -21.011182 ], [ 31.026164, -21.015396 ], [ 31.039378, -21.018791 ], [ 31.041131, -20.99882 ], [ 31.054238, -20.922947 ], [ 31.058708, -20.921829 ] ] ] } },
{ "type": "Feature", "properties": { "admin_name": "Epworth", "tiles": 18.0, "tests": 56.0, "devices": 24.0, "pop_weight": 77900.035247802734, "area_km2": 6.0950371635067837, "d_mean_tile": 41.456611111111116, "d_median_tile": 29.3075, "d_mean_pop": 55.116476452297739, "d_median_pop": 43.870359715923314, "d_p10_pop": 1.4962747949717665, "d_p90_pop": 133.0229243533098, "u_median_pop": 3.0065039196160934, "lat_median_pop": 17.928266570324631, "pct_above_bb": 73.250543085814783, "pct_above_hi": 73.250543085814783, "divide_ratio": 88.902736850432504, "pop_total": 216417.02781677246, "pop_covered": 80157.533782958984, "pop_coverage_pct": 37.038459769821642, "level": "ADM2" }, "geometry": { "type": "Polygon", "coordinates": [ [ [ 31.191194, -17.910105 ], [ 31.192591, -17.906855 ], [ 31.192031, -17.903197 ], [ 31.19821, -17.896814 ], [ 31.197869, -17.889737 ], [ 31.200821, -17.888995 ], [ 31.203056, -17.886325 ], [ 31.197472, -17.882685 ], [ 31.130328, -17.86535 ], [ 31.124443, -17.871763 ], [ 31.120141, -17.873644 ], [ 31.117644, -17.882014 ], [ 31.125008, -17.888041 ], [ 31.142914, -17.902181 ], [ 31.136124, -17.928884 ], [ 31.165834, -17.928132 ], [ 31.163558, -17.921907 ], [ 31.170728, -17.920604 ], [ 31.173606, -17.907525 ], [ 31.189578, -17.914889 ], [ 31.191194, -17.910105 ] ] ] } },
{ "type": "Feature", "properties": { "admin_name": "Gokwe North", "tiles": 17.0, "tests": 49.0, "devices": 19.0, "pop_weight": 1251.9961822740788, "area_km2": 5.7778574427889584, "d_mean_tile": 68.915705882352938, "d_median_tile": 75.156, "d_mean_pop": 71.898625225544748, "d_median_pop": 56.901649364564129, "d_p10_pop": 21.131827291458393, "d_p90_pop": 139.03684887851622, "u_median_pop": 12.344333553135449, "lat_median_pop": 28.909931982760533, "pct_above_bb": 95.16326412246147, "pct_above_hi": 95.16326412246147, "divide_ratio": 6.5794995842463528, "pop_total": 275153.66448700766, "pop_covered": 1251.9961822740788, "pop_coverage_pct": 0.45501708458372947, "level": "ADM2" }, "geometry": { "type": "Polygon", "coordinates": [ [ [ 28.091225, -17.838254 ], [ 28.096237, -17.835801 ], [ 28.110489, -17.820433 ], [ 28.117696, -17.821419 ], [ 28.125325, -17.818861 ], [ 28.13186, -17.819742 ], [ 28.134452, -17.820267 ], [ 28.140113, -17.824987 ], [ 28.155253, -17.822084 ], [ 28.163073, -17.823936 ], [ 28.17272, -17.821617 ], [ 28.175194, -17.822605 ], [ 28.182419, -17.820122 ], [ 28.186033, -17.81355 ], [ 28.195481, -17.804637 ], [ 28.203025, -17.803414 ], [ 28.206309, -17.801453 ], [ 28.219535, -17.800022 ], [ 28.233459, -17.792484 ], [ 28.250061, -17.78998 ], [ 28.253489, -17.786303 ], [ 28.254948, -17.76852 ], [ 28.260997, -17.746883 ], [ 28.273156, -17.733431 ], [ 28.304529, -17.732914 ], [ 28.314279, -17.726628 ], [ 28.336352, -17.724348 ], [ 28.338866, -17.71932 ], [ 28.34809, -17.716075 ], [ 28.354781, -17.717548 ], [ 28.357508, -17.716131 ], [ 28.362377, -17.710625 ], [ 28.362165, -17.699611 ], [ 28.360413, -17.696178 ], [ 28.361654, -17.683226 ], [ 28.37194, -17.677441 ], [ 28.375978, -17.677918 ], [ 28.39584, -17.669866 ], [ 28.406201, -17.661764 ], [ 28.433559, -17.663293 ], [ 28.459791, -17.649726 ], [ 28.485289, -17.674016 ], [ 28.481719, -17.676514 ], [ 28.481892, -17.678675 ], [ 28.489398, -17.69428 ], [ 28.493971, -17.699424 ], [ 28.502429, -17.703923 ], [ 28.497403, -17.713091 ], [ 28.497502, -17.720422 ], [ 28.500044, -17.72459 ], [ 28.524463, -17.720977 ], [ 28.536157, -17.709183 ], [ 28.542363, -17.706328 ], [ 28.547156, -17.699571 ], [ 28.568497, -17.689684 ], [ 28.589942, -17.672187 ], [ 28.630787, -17.66489 ], [ 28.638142, -17.66396 ], [ 28.645921, -17.664938 ], [ 28.652767, -17.662014 ], [ 28.664775, -17.667022 ], [ 28.685904, -17.669032 ], [ 28.688141, -17.672616 ], [ 28.688668, -17.675582 ], [ 28.685923, -17.685143 ], [ 28.686858, -17.687681 ], [ 28.692988, -17.687727 ], [ 28.69228, -17.694639 ], [ 28.687958, -17.700061 ], [ 28.678291, -17.718242 ], [ 28.681514, -17.727155 ], [ 28.680122, -17.731225 ], [ 28.683474, -17.736075 ], [ 28.679067, -17.743105 ], [ 28.680517, -17.751621 ], [ 28.682628, -17.754671 ], [ 28.681987, -17.757935 ], [ 28.683424, -17.760184 ], [ 28.689207, -17.761586 ], [ 28.694802, -17.768942 ], [ 28.698052, -17.768406 ], [ 28.705477, -17.776653 ], [ 28.700384, -17.789935 ], [ 28.693365, -17.793381 ], [ 28.696989, -17.802042 ], [ 28.700634, -17.804985 ], [ 28.701695, -17.81194 ], [ 28.708401, -17.817834 ], [ 28.71949, -17.812819 ], [ 28.723268, -17.812999 ], [ 28.722789, -17.81787 ], [ 28.730594, -17.823751 ], [ 28.736219, -17.837676 ], [ 28.736293, -17.842769 ], [ 28.739179, -17.847794 ], [ 28.740512, -17.853722 ], [ 28.738441, -17.857628 ], [ 28.743444, -17.864102 ], [ 28.741514, -17.86827 ], [ 28.743882, -17.877768 ], [ 28.747114, -17.878019 ], [ 28.752469, -17.88167 ], [ 28.756734, -17.892041 ], [ 28.766501, -17.901638 ], [ 28.776316, -17.905401 ], [ 28.780165, -17.908356 ], [ 28.7869, -17.910014 ], [ 28.788378, -17.914872 ], [ 28.790535, -17.916612 ], [ 28.790152, -17.921109 ], [ 28.794762, -17.926455 ], [ 28.796113, -17.93079 ], [ 28.803941, -17.934551 ], [ 28.808936, -17.933373 ], [ 28.817002, -17.938697 ], [ 28.820331, -17.938485 ], [ 28.83039, -17.943313 ], [ 28.832111, -17.942558 ], [ 28.835982, -17.944427 ], [ 28.837273, -17.94847 ], [ 28.848929, -17.954428 ], [ 28.849972, -17.957844 ], [ 28.855065, -17.957505 ], [ 28.879539, -17.968786 ], [ 28.894183, -17.980505 ], [ 28.903954, -17.993238 ], [ 28.908522, -17.994276 ], [ 28.910854, -17.992128 ], [ 28.914793, -17.992052 ], [ 28.915232, -17.9856 ], [ 28.918066, -17.981909 ], [ 28.921852, -17.982087 ], [ 28.927155, -17.984686 ], [ 28.929003, -17.983366 ], [ 28.929945, -17.977276 ], [ 28.934967, -17.973928 ], [ 28.933767, -17.972154 ], [ 28.934748, -17.967857 ], [ 28.933464, -17.966428 ], [ 28.927769, -17.967565 ], [ 28.927366, -17.965434 ], [ 28.931345, -17.963476 ], [ 28.931597, -17.958594 ], [ 28.934792, -17.9534 ], [ 28.938901, -17.95332 ], [ 28.940295, -17.955859 ], [ 28.937071, -17.963706 ], [ 28.937479, -17.966094 ], [ 28.939471, -17.967338 ], [ 28.942838, -17.965906 ], [ 28.944526, -17.961338 ], [ 28.949475, -17.967059 ], [ 28.950812, -17.966863 ], [ 28.947846, -17.957852 ], [ 28.949609, -17.956705 ], [ 28.954129, -17.959099 ], [ 28.951472, -17.95607 ], [ 28.955075, -17.953263 ], [ 28.958142, -17.954571 ], [ 28.958499, -17.950459 ], [ 28.960599, -17.948364 ], [ 28.963656, -17.949245 ], [ 28.964774, -17.951277 ], [ 28.964906, -17.957348 ], [ 28.968467, -17.952574 ], [ 28.967198, -17.947723 ], [ 28.972989, -17.94684 ], [ 28.968812, -17.939735 ], [ 28.976444, -17.937362 ], [ 28.977367, -17.930512 ], [ 28.98155, -17.929747 ], [ 28.980101, -17.924727 ], [ 28.981764, -17.923068 ], [ 28.981083, -17.920514 ], [ 28.983839, -17.915071 ], [ 28.994116, -17.907 ], [ 28.998165, -17.912395 ], [ 29.01176, -17.907807 ], [ 29.016913, -17.909557 ], [ 29.017104, -17.913659 ], [ 29.011498, -17.918651 ], [ 29.006172, -17.918023 ], [ 29.001738, -17.915109 ], [ 28.996054, -17.918393 ], [ 28.998976, -17.922845 ], [ 28.99881, -17.926735 ], [ 29.003057, -17.929688 ], [ 29.008883, -17.930172 ], [ 29.014741, -17.934258 ], [ 29.018475, -17.943559 ], [ 29.0183, -17.945207 ], [ 29.015191, -17.945754 ], [ 29.004055, -17.939674 ], [ 29.001032, -17.939821 ], [ 29.002541, -17.948825 ], [ 29.006462, -17.95423 ], [ 29.003931, -17.956749 ], [ 28.998899, -17.955231 ], [ 28.99169, -17.957791 ], [ 28.992004, -17.960615 ], [ 28.999891, -17.959673 ], [ 29.00205, -17.963853 ], [ 28.999596, -17.967698 ], [ 28.993235, -17.972392 ], [ 28.998871, -17.972268 ], [ 29.002197, -17.977156 ], [ 29.004322, -17.971458 ], [ 29.012507, -17.962977 ], [ 29.01872, -17.963248 ], [ 29.028756, -17.960007 ], [ 29.031117, -17.960965 ], [ 29.030475, -17.964624 ], [ 29.023284, -17.97198 ], [ 29.02472, -17.974199 ], [ 29.027724, -17.974718 ], [ 29.033917, -17.97224 ], [ 29.033732, -17.975854 ], [ 29.02427, -17.983885 ], [ 29.020064, -17.985272 ], [ 29.017487, -17.988554 ], [ 29.010468, -17.990331 ], [ 29.013144, -17.992635 ], [ 29.029948, -17.990743 ], [ 29.029681, -17.994277 ], [ 29.032441, -17.996461 ], [ 29.036023, -17.995351 ], [ 29.038117, -17.996688 ], [ 29.041316, -17.995094 ], [ 29.04221, -17.992366 ], [ 29.043925, -17.993539 ], [ 29.047338, -17.990943 ], [ 29.049267, -17.991594 ], [ 29.049276, -17.989465 ], [ 29.050613, -17.990917 ], [ 29.054777, -17.98941 ], [ 29.055799, -17.985836 ], [ 29.057224, -17.986807 ], [ 29.059379, -17.983401 ], [ 29.060926, -17.984854 ], [ 29.065294, -17.984513 ], [ 29.066448, -17.980137 ], [ 29.071873, -17.977951 ], [ 29.071167, -17.976381 ], [ 29.073004, -17.976952 ], [ 29.071039, -17.974737 ], [ 29.07373, -17.973703 ], [ 29.074415, -17.970813 ], [ 29.079088, -17.970081 ], [ 29.07889, -17.973966 ], [ 29.080017, -17.974422 ], [ 29.084391, -17.973403 ], [ 29.086366, -17.969612 ], [ 29.08804, -17.972059 ], [ 29.092131, -17.972658 ], [ 29.093158, -17.970876 ], [ 29.097079, -17.970315 ], [ 29.095815, -17.968356 ], [ 29.096816, -17.966892 ], [ 29.103694, -17.967365 ], [ 29.104995, -17.970041 ], [ 29.102437, -17.970241 ], [ 29.101556, -17.973508 ], [ 29.104461, -17.976638 ], [ 29.108796, -17.977776 ], [ 29.11142, -17.975974 ], [ 29.113341, -17.970416 ], [ 29.116056, -17.968784 ], [ 29.116934, -17.963328 ], [ 29.119116, -17.962963 ], [ 29.119732, -17.959633 ], [ 29.121998, -17.959925 ], [ 29.121601, -17.964544 ], [ 29.126154, -17.968244 ], [ 29.12738, -17.96651 ], [ 29.124237, -17.964163 ], [ 29.12655, -17.961745 ], [ 29.128593, -17.960677 ], [ 29.135471, -17.962015 ], [ 29.137081, -17.966792 ], [ 29.140527, -17.970798 ], [ 29.140508, -17.960402 ], [ 29.145973, -17.958535 ], [ 29.148145, -17.961315 ], [ 29.146755, -17.962637 ], [ 29.143759, -17.961596 ], [ 29.142254, -17.96467 ], [ 29.145775, -17.966009 ], [ 29.146168, -17.973123 ], [ 29.149685, -17.975387 ], [ 29.153577, -17.973298 ], [ 29.151214, -17.969472 ], [ 29.154496, -17.962344 ], [ 29.158965, -17.96574 ], [ 29.161528, -17.964986 ], [ 29.160121, -17.959957 ], [ 29.162764, -17.96012 ], [ 29.164851, -17.966607 ], [ 29.167741, -17.967683 ], [ 29.168383, -17.960514 ], [ 29.174084, -17.962036 ], [ 29.172839, -17.960287 ], [ 29.174075, -17.9578 ], [ 29.169995, -17.957665 ], [ 29.175332, -17.95628 ], [ 29.177975, -17.953867 ], [ 29.181607, -17.956339 ], [ 29.181884, -17.953904 ], [ 29.184024, -17.955107 ], [ 29.186495, -17.952544 ], [ 29.19631, -17.962033 ], [ 29.198007, -17.962525 ], [ 29.20252, -17.959902 ], [ 29.205356, -17.963818 ], [ 29.207464, -17.959305 ], [ 29.208093, -17.952725 ], [ 29.212244, -17.95533 ], [ 29.214889, -17.952891 ], [ 29.211679, -17.949611 ], [ 29.220074, -17.949186 ], [ 29.23166, -17.937622 ], [ 29.238175, -17.928187 ], [ 29.245431, -17.909922 ], [ 29.247803, -17.899188 ], [ 29.25999, -17.879248 ], [ 29.263849, -17.875264 ], [ 29.266735, -17.867406 ], [ 29.265256, -17.856466 ], [ 29.266706, -17.853338 ], [ 29.283433, -17.841103 ], [ 29.291628, -17.795832 ], [ 29.290495, -17.786692 ], [ 29.29777, -17.778574 ], [ 29.301005, -17.777044 ], [ 29.316401, -17.775581 ], [ 29.318976, -17.773874 ], [ 29.327285, -17.765593 ], [ 29.328691, -17.760374 ], [ 29.326911, -17.75477 ], [ 29.323306, -17.752626 ], [ 29.319886, -17.752204 ], [ 29.311793, -17.75473 ], [ 29.307225, -17.754037 ], [ 29.300562, -17.748218 ], [ 29.2988, -17.741652 ], [ 29.306729, -17.731645 ], [ 29.304087, -17.719185 ], [ 29.305396, -17.716363 ], [ 29.333927, -17.704048 ], [ 29.345895, -17.689549 ], [ 29.346166, -17.686106 ], [ 29.33856, -17.679519 ], [ 29.335157, -17.667124 ], [ 29.335586, -17.664292 ], [ 29.344715, -17.658502 ], [ 29.347417, -17.65166 ], [ 29.346298, -17.64919 ], [ 29.340522, -17.64626 ], [ 29.340204, -17.644631 ], [ 29.342464, -17.639391 ], [ 29.340417, -17.625762 ], [ 29.344251, -17.616457 ], [ 29.338298, -17.610851 ], [ 29.329919, -17.599309 ], [ 29.322069, -17.600612 ], [ 29.32084, -17.599347 ], [ 29.314986, -17.583477 ], [ 29.314253, -17.576659 ], [ 29.316144, -17.573989 ], [ 29.324371, -17.569726 ], [ 29.329547, -17.569598 ], [ 29.333419, -17.567554 ], [ 29.344852, -17.551982 ], [ 29.367255, -17.532238 ], [ 29.369879, -17.527054 ], [ 29.367245, -17.521767 ], [ 29.367422, -17.518095 ], [ 29.377745, -17.513448 ], [ 29.389518, -17.504023 ], [ 29.40455, -17.480145 ], [ 29.406476, -17.473601 ], [ 29.406476, -17.466585 ], [ 29.403104, -17.466281 ], [ 29.391256, -17.472456 ], [ 29.387512, -17.472504 ], [ 29.368531, -17.465116 ], [ 29.359036, -17.458297 ], [ 29.353352, -17.446673 ], [ 29.338157, -17.438939 ], [ 29.332351, -17.430431 ], [ 29.328393, -17.415859 ], [ 29.319499, -17.412688 ], [ 29.31521, -17.407401 ], [ 29.308733, -17.4038 ], [ 29.294972, -17.390496 ], [ 29.280169, -17.381257 ], [ 29.276046, -17.370712 ], [ 29.276329, -17.360591 ], [ 29.278321, -17.356862 ], [ 29.278504, -17.352383 ], [ 29.272398, -17.340755 ], [ 29.270864, -17.33121 ], [ 29.264831, -17.325554 ], [ 29.251466, -17.317169 ], [ 29.242179, -17.303422 ], [ 29.238137, -17.299887 ], [ 29.232667, -17.296808 ], [ 29.228387, -17.296585 ], [ 29.213421, -17.305505 ], [ 29.202621, -17.30638 ], [ 29.186086, -17.304843 ], [ 29.174715, -17.301011 ], [ 29.162429, -17.299524 ], [ 29.14807, -17.292219 ], [ 29.127756, -17.285348 ], [ 29.116586, -17.284354 ], [ 29.114942, -17.279221 ], [ 29.105695, -17.270183 ], [ 29.100355, -17.269033 ], [ 29.097503, -17.27115 ], [ 29.073212, -17.271362 ], [ 29.070565, -17.268234 ], [ 29.070319, -17.256299 ], [ 29.06668, -17.249008 ], [ 29.057804, -17.248281 ], [ 29.048796, -17.24007 ], [ 29.04434, -17.238508 ], [ 29.027366, -17.236246 ], [ 29.021632, -17.22762 ], [ 29.017672, -17.224557 ], [ 29.000205, -17.223446 ], [ 28.986551, -17.224898 ], [ 28.981655, -17.223881 ], [ 28.977501, -17.221124 ], [ 28.972811, -17.213031 ], [ 28.968233, -17.21076 ], [ 28.961811, -17.20353 ], [ 28.956087, -17.180718 ], [ 28.950307, -17.173706 ], [ 28.947951, -17.165527 ], [ 28.941827, -17.164146 ], [ 28.937772, -17.159993 ], [ 28.936503, -17.151337 ], [ 28.931497, -17.138883 ], [ 28.93221, -17.132042 ], [ 28.924716, -17.11707 ], [ 28.922837, -17.119409 ], [ 28.922572, -17.125384 ], [ 28.9161, -17.137412 ], [ 28.909084, -17.141917 ], [ 28.90044, -17.141055 ], [ 28.891893, -17.147379 ], [ 28.890816, -17.151535 ], [ 28.885325, -17.153874 ], [ 28.881542, -17.151884 ], [ 28.872991, -17.152235 ], [ 28.864976, -17.148861 ], [ 28.859218, -17.155182 ], [ 28.854985, -17.153366 ], [ 28.851384, -17.154839 ], [ 28.842785, -17.15181 ], [ 28.833872, -17.150687 ], [ 28.832071, -17.147396 ], [ 28.823248, -17.147572 ], [ 28.810824, -17.150603 ], [ 28.807944, -17.150082 ], [ 28.802903, -17.15242 ], [ 28.801446, -17.157904 ], [ 28.798297, -17.16035 ], [ 28.793695, -17.155943 ], [ 28.79156, -17.156365 ], [ 28.786889, -17.162505 ], [ 28.783315, -17.158603 ], [ 28.779084, -17.157555 ], [ 28.776961, -17.163653 ], [ 28.77372, -17.164411 ], [ 28.770754, -17.163708 ], [ 28.76598, -17.156615 ], [ 28.75922, -17.159419 ], [ 28.756132, -17.15837 ], [ 28.752911, -17.159431 ], [ 28.748886, -17.161809 ], [ 28.749027, -17.167304 ], [ 28.743548, -17.177077 ], [ 28.742022, -17.178398 ], [ 28.734979, -17.178385 ], [ 28.732663, -17.184045 ], [ 28.725841, -17.190378 ], [ 28.722951, -17.192436 ], [ 28.718194, -17.192993 ], [ 28.7147, -17.195715 ], [ 28.710937, -17.20196 ], [ 28.713203, -17.205203 ], [ 28.713151, -17.213563 ], [ 28.712314, -17.215265 ], [ 28.709684, -17.213621 ], [ 28.709403, -17.21627 ], [ 28.708301, -17.216003 ], [ 28.707759, -17.211233 ], [ 28.703346, -17.212286 ], [ 28.703889, -17.215465 ], [ 28.70253, -17.215961 ], [ 28.700508, -17.213104 ], [ 28.689782, -17.208688 ], [ 28.684735, -17.209062 ], [ 28.67883, -17.203625 ], [ 28.671532, -17.200432 ], [ 28.668372, -17.210331 ], [ 28.67009, -17.21252 ], [ 28.664064, -17.224434 ], [ 28.663986, -17.22861 ], [ 28.661428, -17.231122 ], [ 28.663421, -17.234041 ], [ 28.663276, -17.23689 ], [ 28.657478, -17.240059 ], [ 28.63833, -17.266792 ], [ 28.638269, -17.273333 ], [ 28.635209, -17.276912 ], [ 28.631882, -17.287626 ], [ 28.634961, -17.29167 ], [ 28.635219, -17.296691 ], [ 28.638177, -17.300065 ], [ 28.636918, -17.302523 ], [ 28.629191, -17.309729 ], [ 28.62065, -17.313 ], [ 28.613429, -17.312294 ], [ 28.606732, -17.316011 ], [ 28.60092, -17.329013 ], [ 28.592845, -17.336517 ], [ 28.59011, -17.34391 ], [ 28.574672, -17.359472 ], [ 28.561608, -17.375419 ], [ 28.554482, -17.388907 ], [ 28.543675, -17.399581 ], [ 28.538912, -17.401736 ], [ 28.539546, -17.405811 ], [ 28.544749, -17.410917 ], [ 28.540854, -17.413384 ], [ 28.53463, -17.413771 ], [ 28.52993, -17.411068 ], [ 28.527053, -17.413283 ], [ 28.524549, -17.411047 ], [ 28.523035, -17.413 ], [ 28.517456, -17.405734 ], [ 28.508983, -17.400798 ], [ 28.507721, -17.397897 ], [ 28.504587, -17.398834 ], [ 28.503122, -17.390745 ], [ 28.499208, -17.385946 ], [ 28.486056, -17.386315 ], [ 28.480372, -17.383018 ], [ 28.474402, -17.384268 ], [ 28.476863, -17.379163 ], [ 28.473162, -17.378167 ], [ 28.46868, -17.373372 ], [ 28.463553, -17.372005 ], [ 28.466534, -17.367266 ], [ 28.465726, -17.36561 ], [ 28.457581, -17.368488 ], [ 28.456011, -17.370362 ], [ 28.458848, -17.374709 ], [ 28.458947, -17.378003 ], [ 28.437946, -17.371074 ], [ 28.432724, -17.373012 ], [ 28.351125, -17.38419 ], [ 28.348485, -17.38543 ], [ 28.343612, -17.393194 ], [ 28.340325, -17.395602 ], [ 28.338702, -17.395728 ], [ 28.337729, -17.393545 ], [ 28.334353, -17.394293 ], [ 28.327346, -17.401462 ], [ 28.325009, -17.401151 ], [ 28.32293, -17.398471 ], [ 28.319621, -17.39928 ], [ 28.315224, -17.3978 ], [ 28.304205, -17.400462 ], [ 28.301414, -17.399467 ], [ 28.300182, -17.395663 ], [ 28.297327, -17.394231 ], [ 28.29038, -17.399339 ], [ 28.286356, -17.400336 ], [ 28.283501, -17.399213 ], [ 28.279607, -17.394164 ], [ 28.265002, -17.400954 ], [ 28.257863, -17.399829 ], [ 28.253123, -17.402133 ], [ 28.250369, -17.400964 ], [ 28.247435, -17.403558 ], [ 28.24504, -17.422181 ], [ 28.243484, -17.425096 ], [ 28.251168, -17.439055 ], [ 28.251197, -17.44622 ], [ 28.239561, -17.458189 ], [ 28.231743, -17.46406 ], [ 28.227724, -17.46933 ], [ 28.2227, -17.488122 ], [ 28.226904, -17.504039 ], [ 28.216608, -17.512246 ], [ 28.214418, -17.519314 ], [ 28.208657, -17.525858 ], [ 28.207822, -17.534005 ], [ 28.209441, -17.540725 ], [ 28.204564, -17.544253 ], [ 28.208659, -17.553121 ], [ 28.207763, -17.557825 ], [ 28.209777, -17.561517 ], [ 28.20223, -17.576519 ], [ 28.203179, -17.577202 ], [ 28.207219, -17.574581 ], [ 28.213338, -17.575834 ], [ 28.216307, -17.574751 ], [ 28.218506, -17.57629 ], [ 28.218801, -17.580278 ], [ 28.216721, -17.586661 ], [ 28.212682, -17.591107 ], [ 28.208936, -17.602562 ], [ 28.20543, -17.606209 ], [ 28.203942, -17.610192 ], [ 28.201566, -17.610648 ], [ 28.19794, -17.615834 ], [ 28.19568, -17.647405 ], [ 28.196984, -17.657658 ], [ 28.193059, -17.662843 ], [ 28.194842, -17.666492 ], [ 28.191394, -17.668941 ], [ 28.190085, -17.673558 ], [ 28.181049, -17.679426 ], [ 28.184257, -17.685467 ], [ 28.182293, -17.694642 ], [ 28.171709, -17.700562 ], [ 28.165222, -17.71441 ], [ 28.143273, -17.737371 ], [ 28.138761, -17.737712 ], [ 28.129205, -17.730069 ], [ 28.116712, -17.727171 ], [ 28.108751, -17.732583 ], [ 28.104717, -17.732014 ], [ 28.101578, -17.733557 ], [ 28.096749, -17.742588 ], [ 28.093781, -17.744306 ], [ 28.096195, -17.746219 ], [ 28.097098, -17.750292 ], [ 28.093451, -17.757962 ], [ 28.069909, -17.789547 ], [ 28.074275, -17.792219 ], [ 28.080788, -17.824444 ], [ 28.085001, -17.831944 ], [ 28.088844, -17.83418 ], [ 28.091225, -17.838254 ] ] ] } },
{ "type": "Feature", "properties": { "admin_name": "Gokwe South", "tiles": 20.0, "tests": 66.0, "devices": 22.0, "pop_weight": 3789.2554431222379, "area_km2": 6.7545361619850599, "d_mean_tile": 70.6392, "d_median_tile": 69.3545, "d_mean_pop": 59.686889348624291, "d_median_pop": 60.02440290398399, "d_p10_pop": 3.5818435849969141, "d_p90_pop": 96.403982192992999, "u_median_pop": 17.95864094216175, "lat_median_pop": 30.272406284959558, "pct_above_bb": 87.319671818105078, "pct_above_hi": 87.319671818105078, "divide_ratio": 26.914626478050423, "pop_total": 355948.88682770892, "pop_covered": 3789.2554431222379, "pop_coverage_pct": 1.0645504406244606, "level": "ADM2" }, "geometry": { "type": "Polygon", "coordinates": [ [ [ 27.997499, -18.23721 ], [ 27.998676, -18.238226 ], [ 27.998761, -18.348935 ], [ 28.00119, -18.350225 ], [ 28.001331, -18.363064 ], [ 27.999875, -18.463166 ], [ 28.001348, -18.480714 ], [ 27.999936, -18.497779 ], [ 28.001308, -18.498886 ], [ 28.002046, -18.517971 ], [ 27.99903, -18.521219 ], [ 28.000911, -18.532026 ], [ 27.999463, -18.546736 ], [ 28.008708, -18.549953 ], [ 28.0155, -18.548618 ], [ 28.023797, -18.551178 ], [ 28.030336, -18.551401 ], [ 28.035305, -18.548212 ], [ 28.042284, -18.546575 ], [ 28.048313, -18.546859 ], [ 28.050072, -18.548355 ], [ 28.058625, -18.546953 ], [ 28.062962, -18.548261 ], [ 28.06497, -18.552213 ], [ 28.071067, -18.552858 ], [ 28.073835, -18.55195 ], [ 28.077926, -18.546481 ], [ 28.086229, -18.541001 ], [ 28.095727, -18.543326 ], [ 28.100249, -18.538622 ], [ 28.104832, -18.539151 ], [ 28.108036, -18.541359 ], [ 28.111244, -18.538292 ], [ 28.113695, -18.540324 ], [ 28.116461, -18.539776 ], [ 28.120041, -18.544983 ], [ 28.131043, -18.546151 ], [ 28.133433, -18.545304 ], [ 28.142169, -18.548757 ], [ 28.152288, -18.558075 ], [ 28.163663, -18.551683 ], [ 28.173596, -18.55327 ], [ 28.179066, -18.552114 ], [ 28.186483, -18.554308 ], [ 28.188934, -18.557359 ], [ 28.197485, -18.559789 ], [ 28.202454, -18.557314 ], [ 28.20698, -18.557178 ], [ 28.209797, -18.559785 ], [ 28.212903, -18.559854 ], [ 28.217078, -18.564456 ], [ 28.221753, -18.565833 ], [ 28.226602, -18.564044 ], [ 28.228732, -18.565921 ], [ 28.235963, -18.564095 ], [ 28.242879, -18.567309 ], [ 28.244487, -18.564562 ], [ 28.247229, -18.565604 ], [ 28.25815, -18.562516 ], [ 28.259043, -18.560814 ], [ 28.271355, -18.565657 ], [ 28.281118, -18.563979 ], [ 28.28666, -18.564477 ], [ 28.289579, -18.56663 ], [ 28.293645, -18.564086 ], [ 28.3, -18.565724 ], [ 28.305169, -18.563325 ], [ 28.31412, -18.562976 ], [ 28.329607, -18.569787 ], [ 28.33328, -18.566312 ], [ 28.335907, -18.565997 ], [ 28.337322, -18.568299 ], [ 28.342703, -18.567835 ], [ 28.351351, -18.564313 ], [ 28.362397, -18.564931 ], [ 28.366872, -18.563294 ], [ 28.368165, -18.565013 ], [ 28.371642, -18.562576 ], [ 28.37802, -18.563578 ], [ 28.383548, -18.561491 ], [ 28.388935, -18.564278 ], [ 28.395012, -18.559858 ], [ 28.396267, -18.561117 ], [ 28.406496, -18.560686 ], [ 28.407526, -18.558359 ], [ 28.410833, -18.559505 ], [ 28.411426, -18.561348 ], [ 28.429476, -18.565718 ], [ 28.438409, -18.563943 ], [ 28.442446, -18.566428 ], [ 28.451092, -18.56273 ], [ 28.457988, -18.567736 ], [ 28.460437, -18.563207 ], [ 28.463886, -18.564397 ], [ 28.46517, -18.562822 ], [ 28.47285, -18.565467 ], [ 28.476034, -18.561111 ], [ 28.481609, -18.564505 ], [ 28.484617, -18.564788 ], [ 28.487844, -18.561128 ], [ 28.498536, -18.56221 ], [ 28.502589, -18.559843 ], [ 28.509968, -18.558969 ], [ 28.512145, -18.560091 ], [ 28.517201, -18.558897 ], [ 28.537374, -18.559545 ], [ 28.541494, -18.55842 ], [ 28.551634, -18.559747 ], [ 28.555171, -18.557171 ], [ 28.562286, -18.556688 ], [ 28.567193, -18.557921 ], [ 28.571619, -18.555337 ], [ 28.574773, -18.559555 ], [ 28.581912, -18.561618 ], [ 28.588563, -18.559015 ], [ 28.594827, -18.562782 ], [ 28.599722, -18.562741 ], [ 28.608586, -18.558846 ], [ 28.6135, -18.560926 ], [ 28.618836, -18.560456 ], [ 28.623702, -18.557443 ], [ 28.632449, -18.557781 ], [ 28.644713, -18.561863 ], [ 28.649532, -18.560694 ], [ 28.652009, -18.556754 ], [ 28.656652, -18.553671 ], [ 28.66283, -18.551864 ], [ 28.680698, -18.550658 ], [ 28.69264, -18.555783 ], [ 28.711635, -18.558505 ], [ 28.717199, -18.561592 ], [ 28.742276, -18.569946 ], [ 28.750592, -18.570653 ], [ 28.865683, -18.574738 ], [ 28.941389, -18.575411 ], [ 29.008614, -18.58047 ], [ 29.090307, -18.578616 ], [ 29.12905, -18.612924 ], [ 29.191767, -18.604562 ], [ 29.202645, -18.606858 ], [ 29.206918, -18.60501 ], [ 29.218029, -18.606078 ], [ 29.227724, -18.603122 ], [ 29.233928, -18.605164 ], [ 29.249508, -18.599566 ], [ 29.254635, -18.60102 ], [ 29.264083, -18.598015 ], [ 29.278541, -18.599526 ], [ 29.281501, -18.598152 ], [ 29.286766, -18.60018 ], [ 29.296363, -18.595617 ], [ 29.301378, -18.594917 ], [ 29.314606, -18.594286 ], [ 29.321969, -18.597524 ], [ 29.327994, -18.597063 ], [ 29.334069, -18.594459 ], [ 29.337176, -18.589966 ], [ 29.338965, -18.590446 ], [ 29.345395, -18.586677 ], [ 29.345633, -18.577517 ], [ 29.349876, -18.574969 ], [ 29.353813, -18.576804 ], [ 29.358098, -18.574645 ], [ 29.360622, -18.558655 ], [ 29.368625, -18.551026 ], [ 29.367736, -18.540975 ], [ 29.371612, -18.537599 ], [ 29.37227, -18.535015 ], [ 29.374671, -18.536174 ], [ 29.379975, -18.533083 ], [ 29.38068, -18.528355 ], [ 29.378736, -18.525977 ], [ 29.381062, -18.514276 ], [ 29.384579, -18.511533 ], [ 29.38411, -18.507546 ], [ 29.391793, -18.495991 ], [ 29.397307, -18.49266 ], [ 29.398013, -18.486184 ], [ 29.401946, -18.478565 ], [ 29.404179, -18.476321 ], [ 29.407849, -18.475537 ], [ 29.408518, -18.47171 ], [ 29.414073, -18.466222 ], [ 29.412089, -18.461627 ], [ 29.415223, -18.447237 ], [ 29.414686, -18.445212 ], [ 29.407532, -18.439941 ], [ 29.408156, -18.437778 ], [ 29.414035, -18.432599 ], [ 29.409144, -18.427733 ], [ 29.412486, -18.420548 ], [ 29.405734, -18.410405 ], [ 29.409724, -18.403458 ], [ 29.404395, -18.400997 ], [ 29.404358, -18.397612 ], [ 29.394236, -18.385915 ], [ 29.390896, -18.374868 ], [ 29.388297, -18.37299 ], [ 29.390286, -18.366006 ], [ 29.389223, -18.363063 ], [ 29.380478, -18.35319 ], [ 29.380333, -18.351774 ], [ 29.385519, -18.348141 ], [ 29.384056, -18.343847 ], [ 29.385857, -18.337239 ], [ 29.379912, -18.329982 ], [ 29.382943, -18.317627 ], [ 29.379105, -18.308249 ], [ 29.38921, -18.306588 ], [ 29.390623, -18.300041 ], [ 29.396653, -18.296951 ], [ 29.397141, -18.293188 ], [ 29.398829, -18.294277 ], [ 29.401141, -18.293455 ], [ 29.402789, -18.290723 ], [ 29.399764, -18.285094 ], [ 29.403862, -18.282643 ], [ 29.403365, -18.27809 ], [ 29.409129, -18.274755 ], [ 29.412681, -18.26868 ], [ 29.405636, -18.265333 ], [ 29.392752, -18.255455 ], [ 29.385586, -18.256457 ], [ 29.376698, -18.260437 ], [ 29.365852, -18.26203 ], [ 29.360795, -18.260413 ], [ 29.358837, -18.258025 ], [ 29.354747, -18.238731 ], [ 29.347782, -18.224997 ], [ 29.347562, -18.217138 ], [ 29.325894, -18.213403 ], [ 29.318282, -18.209828 ], [ 29.303807, -18.194896 ], [ 29.291582, -18.187617 ], [ 29.285158, -18.182064 ], [ 29.275388, -18.178156 ], [ 29.272838, -18.175745 ], [ 29.271175, -18.168176 ], [ 29.263391, -18.150528 ], [ 29.259112, -18.146668 ], [ 29.250598, -18.1275 ], [ 29.252282, -18.11798 ], [ 29.244893, -18.10901 ], [ 29.244403, -18.09926 ], [ 29.237994, -18.092809 ], [ 29.230292, -18.090386 ], [ 29.227511, -18.0876 ], [ 29.226428, -18.079981 ], [ 29.223573, -18.074377 ], [ 29.223287, -18.067923 ], [ 29.216961, -18.053213 ], [ 29.213466, -18.040314 ], [ 29.213041, -18.029833 ], [ 29.204822, -18.015929 ], [ 29.204818, -18.006857 ], [ 29.207903, -17.997575 ], [ 29.217382, -17.991615 ], [ 29.214845, -17.979617 ], [ 29.212772, -17.97595 ], [ 29.213056, -17.970725 ], [ 29.221891, -17.964215 ], [ 29.226754, -17.963219 ], [ 29.229251, -17.958273 ], [ 29.229247, -17.957003 ], [ 29.220977, -17.952641 ], [ 29.220074, -17.949186 ], [ 29.211679, -17.949611 ], [ 29.214889, -17.952891 ], [ 29.212244, -17.95533 ], [ 29.208093, -17.952725 ], [ 29.207464, -17.959305 ], [ 29.205356, -17.963818 ], [ 29.20252, -17.959902 ], [ 29.198007, -17.962525 ], [ 29.19631, -17.962033 ], [ 29.186495, -17.952544 ], [ 29.184024, -17.955107 ], [ 29.181884, -17.953904 ], [ 29.181607, -17.956339 ], [ 29.177975, -17.953867 ], [ 29.175332, -17.95628 ], [ 29.169995, -17.957665 ], [ 29.174075, -17.9578 ], [ 29.172839, -17.960287 ], [ 29.174084, -17.962036 ], [ 29.168383, -17.960514 ], [ 29.167741, -17.967683 ], [ 29.164851, -17.966607 ], [ 29.162764, -17.96012 ], [ 29.160121, -17.959957 ], [ 29.161528, -17.964986 ], [ 29.158965, -17.96574 ], [ 29.154496, -17.962344 ], [ 29.151214, -17.969472 ], [ 29.153577, -17.973298 ], [ 29.149685, -17.975387 ], [ 29.146168, -17.973123 ], [ 29.145775, -17.966009 ], [ 29.142254, -17.96467 ], [ 29.143759, -17.961596 ], [ 29.146755, -17.962637 ], [ 29.148145, -17.961315 ], [ 29.145973, -17.958535 ], [ 29.140508, -17.960402 ], [ 29.140527, -17.970798 ], [ 29.137081, -17.966792 ], [ 29.135471, -17.962015 ], [ 29.128593, -17.960677 ], [ 29.12655, -17.961745 ], [ 29.124237, -17.964163 ], [ 29.12738, -17.96651 ], [ 29.126154, -17.968244 ], [ 29.121601, -17.964544 ], [ 29.121998, -17.959925 ], [ 29.119732, -17.959633 ], [ 29.119116, -17.962963 ], [ 29.116934, -17.963328 ], [ 29.116056, -17.968784 ], [ 29.113341, -17.970416 ], [ 29.11142, -17.975974 ], [ 29.108796, -17.977776 ], [ 29.104461, -17.976638 ], [ 29.101556, -17.973508 ], [ 29.102437, -17.970241 ], [ 29.104995, -17.970041 ], [ 29.103694, -17.967365 ], [ 29.096816, -17.966892 ], [ 29.095815, -17.968356 ], [ 29.097079, -17.970315 ], [ 29.093158, -17.970876 ], [ 29.092131, -17.972658 ], [ 29.08804, -17.972059 ], [ 29.086366, -17.969612 ], [ 29.084391, -17.973403 ], [ 29.080017, -17.974422 ], [ 29.07889, -17.973966 ], [ 29.079088, -17.970081 ], [ 29.074415, -17.970813 ], [ 29.07373, -17.973703 ], [ 29.071039, -17.974737 ], [ 29.073004, -17.976952 ], [ 29.071167, -17.976381 ], [ 29.071873, -17.977951 ], [ 29.066448, -17.980137 ], [ 29.065294, -17.984513 ], [ 29.060926, -17.984854 ], [ 29.059379, -17.983401 ], [ 29.057224, -17.986807 ], [ 29.055799, -17.985836 ], [ 29.054777, -17.98941 ], [ 29.050613, -17.990917 ], [ 29.049276, -17.989465 ], [ 29.049267, -17.991594 ], [ 29.047338, -17.990943 ], [ 29.043925, -17.993539 ], [ 29.04221, -17.992366 ], [ 29.041316, -17.995094 ], [ 29.038117, -17.996688 ], [ 29.036023, -17.995351 ], [ 29.032441, -17.996461 ], [ 29.029681, -17.994277 ], [ 29.029948, -17.990743 ], [ 29.013144, -17.992635 ], [ 29.010468, -17.990331 ], [ 29.017487, -17.988554 ], [ 29.020064, -17.985272 ], [ 29.02427, -17.983885 ], [ 29.033732, -17.975854 ], [ 29.033917, -17.97224 ], [ 29.027724, -17.974718 ], [ 29.02472, -17.974199 ], [ 29.023284, -17.97198 ], [ 29.030475, -17.964624 ], [ 29.031117, -17.960965 ], [ 29.028756, -17.960007 ], [ 29.01872, -17.963248 ], [ 29.012507, -17.962977 ], [ 29.004322, -17.971458 ], [ 29.002197, -17.977156 ], [ 28.998871, -17.972268 ], [ 28.993235, -17.972392 ], [ 28.999596, -17.967698 ], [ 29.00205, -17.963853 ], [ 28.999891, -17.959673 ], [ 28.992004, -17.960615 ], [ 28.99169, -17.957791 ], [ 28.998899, -17.955231 ], [ 29.003931, -17.956749 ], [ 29.006462, -17.95423 ], [ 29.002541, -17.948825 ], [ 29.001032, -17.939821 ], [ 29.004055, -17.939674 ], [ 29.015191, -17.945754 ], [ 29.0183, -17.945207 ], [ 29.018475, -17.943559 ], [ 29.014741, -17.934258 ], [ 29.008883, -17.930172 ], [ 29.003057, -17.929688 ], [ 28.99881, -17.926735 ], [ 28.998976, -17.922845 ], [ 28.996054, -17.918393 ], [ 29.001738, -17.915109 ], [ 29.006172, -17.918023 ], [ 29.011498, -17.918651 ], [ 29.017104, -17.913659 ], [ 29.016913, -17.909557 ], [ 29.01176, -17.907807 ], [ 28.998165, -17.912395 ], [ 28.994116, -17.907 ], [ 28.983839, -17.915071 ], [ 28.981083, -17.920514 ], [ 28.981764, -17.923068 ], [ 28.980101, -17.924727 ], [ 28.98155, -17.929747 ], [ 28.977367, -17.930512 ], [ 28.976444, -17.937362 ], [ 28.968812, -17.939735 ], [ 28.972989, -17.94684 ], [ 28.967198, -17.947723 ], [ 28.968467, -17.952574 ], [ 28.964906, -17.957348 ], [ 28.964774, -17.951277 ], [ 28.963656, -17.949245 ], [ 28.960599, -17.948364 ], [ 28.958499, -17.950459 ], [ 28.958142, -17.954571 ], [ 28.955075, -17.953263 ], [ 28.951472, -17.95607 ], [ 28.954129, -17.959099 ], [ 28.949609, -17.956705 ], [ 28.947846, -17.957852 ], [ 28.950812, -17.966863 ], [ 28.949475, -17.967059 ], [ 28.944526, -17.961338 ], [ 28.942838, -17.965906 ], [ 28.939471, -17.967338 ], [ 28.937479, -17.966094 ], [ 28.937071, -17.963706 ], [ 28.940295, -17.955859 ], [ 28.938901, -17.95332 ], [ 28.934792, -17.9534 ], [ 28.931597, -17.958594 ], [ 28.931345, -17.963476 ], [ 28.927366, -17.965434 ], [ 28.927769, -17.967565 ], [ 28.933464, -17.966428 ], [ 28.934748, -17.967857 ], [ 28.933767, -17.972154 ], [ 28.934967, -17.973928 ], [ 28.929945, -17.977276 ], [ 28.929003, -17.983366 ], [ 28.927155, -17.984686 ], [ 28.921852, -17.982087 ], [ 28.918066, -17.981909 ], [ 28.915232, -17.9856 ], [ 28.914793, -17.992052 ], [ 28.910854, -17.992128 ], [ 28.908522, -17.994276 ], [ 28.903954, -17.993238 ], [ 28.894183, -17.980505 ], [ 28.879539, -17.968786 ], [ 28.855065, -17.957505 ], [ 28.849972, -17.957844 ], [ 28.848929, -17.954428 ], [ 28.837273, -17.94847 ], [ 28.835982, -17.944427 ], [ 28.832111, -17.942558 ], [ 28.83039, -17.943313 ], [ 28.820331, -17.938485 ], [ 28.817002, -17.938697 ], [ 28.808936, -17.933373 ], [ 28.803941, -17.934551 ], [ 28.796113, -17.93079 ], [ 28.794762, -17.926455 ], [ 28.790152, -17.921109 ], [ 28.790535, -17.916612 ], [ 28.788378, -17.914872 ], [ 28.7869, -17.910014 ], [ 28.780165, -17.908356 ], [ 28.776316, -17.905401 ], [ 28.766501, -17.901638 ], [ 28.756734, -17.892041 ], [ 28.752469, -17.88167 ], [ 28.747114, -17.878019 ], [ 28.743882, -17.877768 ], [ 28.741514, -17.86827 ], [ 28.743444, -17.864102 ], [ 28.738441, -17.857628 ], [ 28.740512, -17.853722 ], [ 28.739179, -17.847794 ], [ 28.736293, -17.842769 ], [ 28.736219, -17.837676 ], [ 28.730594, -17.823751 ], [ 28.722789, -17.81787 ], [ 28.723268, -17.812999 ], [ 28.71949, -17.812819 ], [ 28.708401, -17.817834 ], [ 28.701695, -17.81194 ], [ 28.700634, -17.804985 ], [ 28.696989, -17.802042 ], [ 28.693365, -17.793381 ], [ 28.700384, -17.789935 ], [ 28.705477, -17.776653 ], [ 28.698052, -17.768406 ], [ 28.694802, -17.768942 ], [ 28.689207, -17.761586 ], [ 28.683424, -17.760184 ], [ 28.681987, -17.757935 ], [ 28.682628, -17.754671 ], [ 28.680517, -17.751621 ], [ 28.679067, -17.743105 ], [ 28.683474, -17.736075 ], [ 28.680122, -17.731225 ], [ 28.681514, -17.727155 ], [ 28.678291, -17.718242 ], [ 28.687958, -17.700061 ], [ 28.69228, -17.694639 ], [ 28.692988, -17.687727 ], [ 28.686858, -17.687681 ], [ 28.685923, -17.685143 ], [ 28.688668, -17.675582 ], [ 28.688141, -17.672616 ], [ 28.685904, -17.669032 ], [ 28.664775, -17.667022 ], [ 28.652767, -17.662014 ], [ 28.645921, -17.664938 ], [ 28.638142, -17.66396 ], [ 28.630787, -17.66489 ], [ 28.589942, -17.672187 ], [ 28.568497, -17.689684 ], [ 28.547156, -17.699571 ], [ 28.542363, -17.706328 ], [ 28.536157, -17.709183 ], [ 28.524463, -17.720977 ], [ 28.500044, -17.72459 ], [ 28.497502, -17.720422 ], [ 28.497403, -17.713091 ], [ 28.502429, -17.703923 ], [ 28.493971, -17.699424 ], [ 28.489398, -17.69428 ], [ 28.481892, -17.678675 ], [ 28.481719, -17.676514 ], [ 28.485289, -17.674016 ], [ 28.459791, -17.649726 ], [ 28.433559, -17.663293 ], [ 28.406201, -17.661764 ], [ 28.39584, -17.669866 ], [ 28.375978, -17.677918 ], [ 28.37194, -17.677441 ], [ 28.361654, -17.683226 ], [ 28.360413, -17.696178 ], [ 28.362165, -17.699611 ], [ 28.362377, -17.710625 ], [ 28.357508, -17.716131 ], [ 28.354781, -17.717548 ], [ 28.34809, -17.716075 ], [ 28.338866, -17.71932 ], [ 28.336352, -17.724348 ], [ 28.314279, -17.726628 ], [ 28.304529, -17.732914 ], [ 28.273156, -17.733431 ], [ 28.260997, -17.746883 ], [ 28.254948, -17.76852 ], [ 28.253489, -17.786303 ], [ 28.250061, -17.78998 ], [ 28.233459, -17.792484 ], [ 28.219535, -17.800022 ], [ 28.206309, -17.801453 ], [ 28.203025, -17.803414 ], [ 28.195481, -17.804637 ], [ 28.186033, -17.81355 ], [ 28.182419, -17.820122 ], [ 28.175194, -17.822605 ], [ 28.17272, -17.821617 ], [ 28.163073, -17.823936 ], [ 28.155253, -17.822084 ], [ 28.140113, -17.824987 ], [ 28.134452, -17.820267 ], [ 28.13186, -17.819742 ], [ 28.125325, -17.818861 ], [ 28.117696, -17.821419 ], [ 28.110489, -17.820433 ], [ 28.096237, -17.835801 ], [ 28.091225, -17.838254 ], [ 28.088572, -17.85051 ], [ 28.086182, -17.853749 ], [ 28.086388, -17.857574 ], [ 28.081745, -17.862971 ], [ 28.080882, -17.869236 ], [ 28.076829, -17.872442 ], [ 28.079614, -17.891211 ], [ 28.073474, -17.899664 ], [ 28.073465, -17.903794 ], [ 28.06935, -17.910716 ], [ 28.068748, -17.919689 ], [ 28.065908, -17.928455 ], [ 28.068536, -17.936551 ], [ 28.052207, -17.938905 ], [ 28.049863, -17.940517 ], [ 28.043251, -17.960359 ], [ 28.023041, -17.983175 ], [ 28.012704, -17.999526 ], [ 28.008279, -18.018145 ], [ 28.017563, -18.040679 ], [ 28.025559, -18.049 ], [ 28.030398, -18.06114 ], [ 28.037564, -18.063382 ], [ 28.050218, -18.05267 ], [ 28.070922, -18.059399 ], [ 28.067817, -18.071581 ], [ 28.06875, -18.094385 ], [ 28.07199, -18.104251 ], [ 28.068837, -18.108831 ], [ 28.069808, -18.137717 ], [ 28.049207, -18.149996 ], [ 28.046885, -18.160653 ], [ 28.054088, -18.168217 ], [ 28.050979, -18.180399 ], [ 28.073258, -18.181796 ], [ 28.101917, -18.186196 ], [ 28.106713, -18.18997 ], [ 28.109895, -18.189951 ], [ 28.106752, -18.196052 ], [ 28.09806, -18.205225 ], [ 28.090115, -18.206791 ], [ 28.059861, -18.202399 ], [ 28.027267, -18.205617 ], [ 28.001954, -18.223229 ], [ 27.997499, -18.23721 ] ], [ [ 28.913411, -18.204455 ], [ 28.914718, -18.201366 ], [ 28.924049, -18.202618 ], [ 28.938384, -18.207664 ], [ 28.940761, -18.210193 ], [ 28.941727, -18.206861 ], [ 28.964604, -18.211306 ], [ 28.963584, -18.215993 ], [ 28.97128, -18.21753 ], [ 28.977099, -18.221634 ], [ 28.976951, -18.225542 ], [ 28.967776, -18.232622 ], [ 28.964161, -18.23285 ], [ 28.960043, -18.230329 ], [ 28.942746, -18.238322 ], [ 28.931693, -18.239203 ], [ 28.923148, -18.236534 ], [ 28.917269, -18.232351 ], [ 28.914739, -18.227827 ], [ 28.912977, -18.219963 ], [ 28.913411, -18.204455 ] ] ] } },
{ "type": "Feature", "properties": { "admin_name": "Gokwe South Urban", "tiles": 8.0, "tests": 30.0, "devices": 8.0, "pop_weight": 13174.960327148438, "area_km2": 2.6989314162580658, "d_mean_tile": 55.843, "d_median_tile": 35.2155, "d_mean_pop": 44.332175261633132, "d_median_pop": 29.75394925079641, "d_p10_pop": 0.43689663677119817, "d_p90_pop": 120.69837174446792, "u_median_pop": 14.006689154197954, "lat_median_pop": 28.0, "pct_above_bb": 55.312867616316332, "pct_above_hi": 55.312867616316332, "divide_ratio": 276.26299125684824, "pop_total": 33325.540477752686, "pop_covered": 13174.960327148438, "pop_coverage_pct": 39.534123492891943, "level": "ADM2" }, "geometry": { "type": "Polygon", "coordinates": [ [ [ 28.913411, -18.204455 ], [ 28.912977, -18.219963 ], [ 28.914739, -18.227827 ], [ 28.917269, -18.232351 ], [ 28.923148, -18.236534 ], [ 28.931693, -18.239203 ], [ 28.942746, -18.238322 ], [ 28.960043, -18.230329 ], [ 28.964161, -18.23285 ], [ 28.967776, -18.232622 ], [ 28.976951, -18.225542 ], [ 28.977099, -18.221634 ], [ 28.97128, -18.21753 ], [ 28.963584, -18.215993 ], [ 28.964604, -18.211306 ], [ 28.941727, -18.206861 ], [ 28.940761, -18.210193 ], [ 28.938384, -18.207664 ], [ 28.924049, -18.202618 ], [ 28.914718, -18.201366 ], [ 28.913411, -18.204455 ] ] ] } },
{ "type": "Feature", "properties": { "admin_name": "Goromonzi", "tiles": 46.0, "tests": 145.0, "devices": 56.0, "pop_weight": 53839.019875844322, "area_km2": 15.594491435953056, "d_mean_tile": 18.478326086956525, "d_median_tile": 4.5175, "d_mean_pop": 26.24566029641797, "d_median_pop": 5.0333083434360741, "d_p10_pop": 0.18431736366481377, "d_p90_pop": 58.784293117874235, "u_median_pop": 2.6213000986342578, "lat_median_pop": 26.0, "pct_above_bb": 48.23582411689685, "pct_above_hi": 35.23226231765905, "divide_ratio": 318.92976304052991, "pop_total": 432435.34067411674, "pop_covered": 52442.938495635986, "pop_coverage_pct": 12.127347966954668, "level": "ADM2" }, "geometry": { "type": "Polygon", "coordinates": [ [ [ 31.138185, -17.444827 ], [ 31.139418, -17.446985 ], [ 31.143658, -17.448156 ], [ 31.145651, -17.452354 ], [ 31.140661, -17.456043 ], [ 31.134562, -17.465208 ], [ 31.126393, -17.46533 ], [ 31.12507, -17.468691 ], [ 31.119216, -17.4701 ], [ 31.119893, -17.472381 ], [ 31.117065, -17.47348 ], [ 31.116204, -17.477092 ], [ 31.11971, -17.478618 ], [ 31.118587, -17.482202 ], [ 31.124892, -17.484372 ], [ 31.125447, -17.492405 ], [ 31.117663, -17.501037 ], [ 31.108453, -17.506179 ], [ 31.112395, -17.512686 ], [ 31.108829, -17.51686 ], [ 31.116101, -17.518567 ], [ 31.120833, -17.524974 ], [ 31.115832, -17.53588 ], [ 31.1148, -17.542748 ], [ 31.063871, -17.543917 ], [ 31.060552, -17.567462 ], [ 31.061027, -17.59151 ], [ 31.058431, -17.616286 ], [ 31.051784, -17.612843 ], [ 31.067612, -17.634457 ], [ 31.052251, -17.641305 ], [ 31.073952, -17.687001 ], [ 31.078838, -17.680332 ], [ 31.08441, -17.680147 ], [ 31.085398, -17.673227 ], [ 31.088808, -17.665559 ], [ 31.101487, -17.665591 ], [ 31.115384, -17.667812 ], [ 31.116868, -17.677326 ], [ 31.118856, -17.680893 ], [ 31.116154, -17.693864 ], [ 31.122113, -17.691336 ], [ 31.13882, -17.692529 ], [ 31.139142, -17.696151 ], [ 31.137868, -17.69769 ], [ 31.148264, -17.700718 ], [ 31.148137, -17.695546 ], [ 31.145815, -17.694146 ], [ 31.146201, -17.691564 ], [ 31.143887, -17.689302 ], [ 31.146975, -17.686229 ], [ 31.150371, -17.688157 ], [ 31.151576, -17.693338 ], [ 31.159094, -17.696511 ], [ 31.157804, -17.699601 ], [ 31.154369, -17.701465 ], [ 31.157223, -17.703732 ], [ 31.159916, -17.704102 ], [ 31.163774, -17.696038 ], [ 31.172547, -17.699566 ], [ 31.181211, -17.6962 ], [ 31.189214, -17.70524 ], [ 31.197286, -17.71858 ], [ 31.197312, -17.715995 ], [ 31.200408, -17.71206 ], [ 31.205443, -17.711934 ], [ 31.209813, -17.726472 ], [ 31.201491, -17.729649 ], [ 31.202081, -17.742466 ], [ 31.195927, -17.749359 ], [ 31.196042, -17.752424 ], [ 31.201218, -17.77492 ], [ 31.211834, -17.792597 ], [ 31.192102, -17.804996 ], [ 31.209656, -17.812568 ], [ 31.203242, -17.81995 ], [ 31.213952, -17.819175 ], [ 31.215055, -17.820475 ], [ 31.221657, -17.848987 ], [ 31.220317, -17.850516 ], [ 31.255784, -17.854564 ], [ 31.255012, -17.862448 ], [ 31.261587, -17.862818 ], [ 31.258396, -17.881933 ], [ 31.251986, -17.891347 ], [ 31.26258, -17.894227 ], [ 31.258623, -17.899146 ], [ 31.267584, -17.909442 ], [ 31.263559, -17.912425 ], [ 31.252313, -17.899767 ], [ 31.251971, -17.897182 ], [ 31.24292, -17.899421 ], [ 31.239208, -17.911271 ], [ 31.241508, -17.911941 ], [ 31.239363, -17.916143 ], [ 31.223843, -17.92307 ], [ 31.219123, -17.920235 ], [ 31.221522, -17.917083 ], [ 31.211798, -17.913454 ], [ 31.209837, -17.916706 ], [ 31.191194, -17.910105 ], [ 31.189578, -17.914889 ], [ 31.173606, -17.907525 ], [ 31.170728, -17.920604 ], [ 31.163558, -17.921907 ], [ 31.165834, -17.928132 ], [ 31.136124, -17.928884 ], [ 31.136322, -17.946314 ], [ 31.135019, -17.947046 ], [ 31.137323, -17.949797 ], [ 31.133946, -17.950508 ], [ 31.141632, -17.959016 ], [ 31.127337, -17.962848 ], [ 31.111795, -17.986511 ], [ 31.115622, -17.991522 ], [ 31.122912, -17.992933 ], [ 31.127234, -17.991676 ], [ 31.140486, -17.995789 ], [ 31.152334, -17.996781 ], [ 31.156658, -17.995825 ], [ 31.157835, -17.997229 ], [ 31.15617, -17.999775 ], [ 31.157042, -18.00207 ], [ 31.165022, -18.007361 ], [ 31.171869, -18.004439 ], [ 31.177974, -18.008861 ], [ 31.182904, -18.007722 ], [ 31.183473, -18.011707 ], [ 31.187438, -18.015979 ], [ 31.191327, -18.016996 ], [ 31.196681, -18.021166 ], [ 31.196479, -18.026227 ], [ 31.206471, -18.023587 ], [ 31.206803, -18.026604 ], [ 31.208816, -18.026871 ], [ 31.209126, -18.031216 ], [ 31.216354, -18.036375 ], [ 31.21694, -18.039396 ], [ 31.220096, -18.038955 ], [ 31.224058, -18.051907 ], [ 31.228779, -18.05643 ], [ 31.229235, -18.05957 ], [ 31.22641, -18.063028 ], [ 31.227331, -18.068826 ], [ 31.224893, -18.071674 ], [ 31.226847, -18.075921 ], [ 31.226997, -18.082553 ], [ 31.232811, -18.089861 ], [ 31.245626, -18.092439 ], [ 31.252782, -18.097936 ], [ 31.258229, -18.099467 ], [ 31.259936, -18.103633 ], [ 31.26339, -18.102443 ], [ 31.270034, -18.102948 ], [ 31.280396, -18.11207 ], [ 31.287918, -18.110402 ], [ 31.29121, -18.108203 ], [ 31.30096, -18.116464 ], [ 31.306633, -18.124194 ], [ 31.319794, -18.12737 ], [ 31.326781, -18.131331 ], [ 31.331753, -18.130845 ], [ 31.337655, -18.132367 ], [ 31.342166, -18.131019 ], [ 31.349328, -18.136998 ], [ 31.352732, -18.144175 ], [ 31.357456, -18.148018 ], [ 31.363678, -18.150979 ], [ 31.371658, -18.149734 ], [ 31.384428, -18.157527 ], [ 31.393307, -18.158355 ], [ 31.398614, -18.148842 ], [ 31.384561, -18.140924 ], [ 31.399751, -18.127543 ], [ 31.407797, -18.131968 ], [ 31.422616, -18.104411 ], [ 31.442747, -18.099395 ], [ 31.479004, -18.06492 ], [ 31.463187, -18.043239 ], [ 31.481518, -18.023232 ], [ 31.489403, -17.998513 ], [ 31.509098, -18.013658 ], [ 31.512359, -18.00984 ], [ 31.512592, -18.002898 ], [ 31.516965, -18.002083 ], [ 31.522108, -17.995548 ], [ 31.527639, -17.992584 ], [ 31.520675, -17.988225 ], [ 31.503086, -17.984973 ], [ 31.499397, -17.975676 ], [ 31.504518, -17.970703 ], [ 31.504476, -17.967393 ], [ 31.506694, -17.96646 ], [ 31.508731, -17.96873 ], [ 31.511356, -17.969074 ], [ 31.512203, -17.965593 ], [ 31.521926, -17.967132 ], [ 31.532055, -17.965331 ], [ 31.540846, -17.959399 ], [ 31.548497, -17.958104 ], [ 31.55926, -17.946808 ], [ 31.557379, -17.927601 ], [ 31.555733, -17.914929 ], [ 31.555886, -17.908383 ], [ 31.557522, -17.905148 ], [ 31.554352, -17.901169 ], [ 31.549357, -17.886188 ], [ 31.54946, -17.875853 ], [ 31.545655, -17.869125 ], [ 31.54529, -17.859601 ], [ 31.546448, -17.856601 ], [ 31.54406, -17.848133 ], [ 31.547352, -17.843374 ], [ 31.547081, -17.840966 ], [ 31.544245, -17.834916 ], [ 31.540377, -17.832436 ], [ 31.538245, -17.825243 ], [ 31.540797, -17.818897 ], [ 31.539322, -17.816159 ], [ 31.540339, -17.811438 ], [ 31.537014, -17.804705 ], [ 31.537627, -17.796547 ], [ 31.530014, -17.791816 ], [ 31.530442, -17.787907 ], [ 31.533024, -17.783742 ], [ 31.53283, -17.77812 ], [ 31.529946, -17.777582 ], [ 31.521446, -17.768844 ], [ 31.519296, -17.769445 ], [ 31.516336, -17.762934 ], [ 31.520578, -17.757487 ], [ 31.518692, -17.750736 ], [ 31.520036, -17.747339 ], [ 31.516351, -17.739167 ], [ 31.518362, -17.729031 ], [ 31.524498, -17.713734 ], [ 31.523099, -17.701474 ], [ 31.520862, -17.699006 ], [ 31.522344, -17.687506 ], [ 31.525921, -17.68018 ], [ 31.52553, -17.677197 ], [ 31.529065, -17.676895 ], [ 31.534018, -17.666789 ], [ 31.541037, -17.663356 ], [ 31.53868, -17.658869 ], [ 31.540066, -17.651573 ], [ 31.537814, -17.648135 ], [ 31.5406, -17.639037 ], [ 31.539526, -17.626125 ], [ 31.545571, -17.615523 ], [ 31.548243, -17.604811 ], [ 31.545216, -17.595811 ], [ 31.548912, -17.590495 ], [ 31.54699, -17.58665 ], [ 31.570091, -17.559822 ], [ 31.571582, -17.553743 ], [ 31.574151, -17.55151 ], [ 31.576429, -17.542346 ], [ 31.585058, -17.535164 ], [ 31.580156, -17.529592 ], [ 31.583688, -17.520075 ], [ 31.594303, -17.511162 ], [ 31.596474, -17.505466 ], [ 31.604403, -17.497002 ], [ 31.603768, -17.494921 ], [ 31.606793, -17.490532 ], [ 31.60577, -17.48642 ], [ 31.60816, -17.479799 ], [ 31.605595, -17.468518 ], [ 31.613222, -17.458074 ], [ 31.613182, -17.454069 ], [ 31.610833, -17.452207 ], [ 31.612025, -17.448661 ], [ 31.610726, -17.441338 ], [ 31.60578, -17.443253 ], [ 31.604857, -17.447343 ], [ 31.602452, -17.447254 ], [ 31.596352, -17.452953 ], [ 31.592288, -17.451967 ], [ 31.590108, -17.454364 ], [ 31.588102, -17.45108 ], [ 31.585895, -17.451814 ], [ 31.584262, -17.459511 ], [ 31.573127, -17.460274 ], [ 31.571554, -17.458516 ], [ 31.569612, -17.458629 ], [ 31.563997, -17.460831 ], [ 31.563352, -17.464476 ], [ 31.552769, -17.46542 ], [ 31.541907, -17.467787 ], [ 31.540446, -17.469221 ], [ 31.531489, -17.468167 ], [ 31.527661, -17.472103 ], [ 31.526438, -17.481899 ], [ 31.52119, -17.486718 ], [ 31.513113, -17.489726 ], [ 31.513286, -17.494093 ], [ 31.510112, -17.496491 ], [ 31.508737, -17.500141 ], [ 31.50797, -17.505121 ], [ 31.505338, -17.508909 ], [ 31.507308, -17.514397 ], [ 31.506198, -17.517365 ], [ 31.4838, -17.546199 ], [ 31.482878, -17.550056 ], [ 31.473864, -17.558855 ], [ 31.472653, -17.565835 ], [ 31.475573, -17.57161 ], [ 31.469996, -17.578977 ], [ 31.469481, -17.582846 ], [ 31.458628, -17.562543 ], [ 31.420005, -17.594621 ], [ 31.374523, -17.628757 ], [ 31.335244, -17.608328 ], [ 31.308603, -17.643403 ], [ 31.290352, -17.641431 ], [ 31.27993, -17.643687 ], [ 31.280304, -17.63545 ], [ 31.284332, -17.629948 ], [ 31.282125, -17.626949 ], [ 31.285244, -17.621741 ], [ 31.285188, -17.617711 ], [ 31.2805, -17.60948 ], [ 31.279871, -17.600616 ], [ 31.276802, -17.590131 ], [ 31.282812, -17.581392 ], [ 31.284225, -17.577389 ], [ 31.282804, -17.575159 ], [ 31.283476, -17.573156 ], [ 31.285934, -17.572695 ], [ 31.28467, -17.569428 ], [ 31.28775, -17.554779 ], [ 31.290319, -17.549686 ], [ 31.292129, -17.539071 ], [ 31.295009, -17.535382 ], [ 31.297752, -17.528785 ], [ 31.298286, -17.522676 ], [ 31.300258, -17.520339 ], [ 31.299207, -17.517212 ], [ 31.300264, -17.512442 ], [ 31.302381, -17.510167 ], [ 31.301075, -17.507463 ], [ 31.304725, -17.503013 ], [ 31.307068, -17.486607 ], [ 31.292311, -17.485802 ], [ 31.275533, -17.478292 ], [ 31.26925, -17.47997 ], [ 31.26191, -17.475891 ], [ 31.253386, -17.476512 ], [ 31.245267, -17.472156 ], [ 31.243419, -17.473293 ], [ 31.238601, -17.470605 ], [ 31.227837, -17.473684 ], [ 31.173894, -17.455947 ], [ 31.155237, -17.451677 ], [ 31.152216, -17.449439 ], [ 31.138185, -17.444827 ] ] ] } },
{ "type": "Feature", "properties": { "admin_name": "Guruve", "tiles": 3.0, "tests": 8.0, "devices": 3.0, "pop_weight": 591.40361022949219, "area_km2": 1.0287494720072279, "d_mean_tile": 5.259, "d_median_tile": 6.226, "d_mean_pop": 6.1225743182215222, "d_median_pop": 6.9719843483996327, "d_p10_pop": 0.94, "d_p90_pop": 8.611, "u_median_pop": 2.6766044729188869, "lat_median_pop": 51.061654907673415, "pct_above_bb": 0.0, "pct_above_hi": 0.0, "divide_ratio": 9.1606382978723424, "pop_total": 169685.7339070313, "pop_covered": 591.40361022949219, "pop_coverage_pct": 0.34852877529086496, "level": "ADM2" }, "geometry": { "type": "Polygon", "coordinates": [ [ [ 30.79253, -16.416862 ], [ 30.771944, -16.412938 ], [ 30.750015, -16.402924 ], [ 30.715529, -16.39403 ], [ 30.691216, -16.396624 ], [ 30.659361, -16.396567 ], [ 30.64695, -16.400469 ], [ 30.639897, -16.391114 ], [ 30.62716, -16.386167 ], [ 30.623412, -16.377398 ], [ 30.622094, -16.376957 ], [ 30.616696, -16.376145 ], [ 30.594049, -16.378321 ], [ 30.582317, -16.372639 ], [ 30.56959, -16.369927 ], [ 30.548301, -16.36945 ], [ 30.536684, -16.36366 ], [ 30.527889, -16.361205 ], [ 30.506904, -16.360656 ], [ 30.50211, -16.355525 ], [ 30.49244, -16.351048 ], [ 30.483147, -16.354488 ], [ 30.469666, -16.356134 ], [ 30.463144, -16.355933 ], [ 30.455131, -16.35264 ], [ 30.442102, -16.35033 ], [ 30.432984, -16.351572 ], [ 30.431331, -16.349945 ], [ 30.428254, -16.339072 ], [ 30.420035, -16.339105 ], [ 30.418769, -16.346613 ], [ 30.421609, -16.350887 ], [ 30.417468, -16.355104 ], [ 30.420623, -16.358354 ], [ 30.424771, -16.36821 ], [ 30.427623, -16.371458 ], [ 30.430671, -16.384969 ], [ 30.436689, -16.390296 ], [ 30.438171, -16.393828 ], [ 30.435095, -16.397759 ], [ 30.434868, -16.405086 ], [ 30.43332, -16.408149 ], [ 30.427499, -16.413228 ], [ 30.423448, -16.423161 ], [ 30.417958, -16.425604 ], [ 30.418502, -16.431751 ], [ 30.41134, -16.434179 ], [ 30.406289, -16.437946 ], [ 30.406409, -16.441024 ], [ 30.41603, -16.45049 ], [ 30.413405, -16.454569 ], [ 30.413638, -16.46146 ], [ 30.407786, -16.469323 ], [ 30.408441, -16.479441 ], [ 30.403783, -16.489219 ], [ 30.405848, -16.494956 ], [ 30.405431, -16.509735 ], [ 30.406886, -16.513767 ], [ 30.403365, -16.516886 ], [ 30.397419, -16.516758 ], [ 30.394735, -16.521577 ], [ 30.395426, -16.526274 ], [ 30.391117, -16.526746 ], [ 30.388336, -16.529783 ], [ 30.389967, -16.535408 ], [ 30.388977, -16.539173 ], [ 30.386841, -16.541092 ], [ 30.38784, -16.546611 ], [ 30.380259, -16.555141 ], [ 30.381413, -16.560562 ], [ 30.385929, -16.563333 ], [ 30.385937, -16.56473 ], [ 30.377783, -16.57376 ], [ 30.378445, -16.577168 ], [ 30.375095, -16.582611 ], [ 30.372524, -16.594508 ], [ 30.378283, -16.608496 ], [ 30.385441, -16.613293 ], [ 30.394753, -16.622966 ], [ 30.394596, -16.62786 ], [ 30.396788, -16.630738 ], [ 30.394737, -16.634493 ], [ 30.39946, -16.638005 ], [ 30.399391, -16.644634 ], [ 30.40275, -16.647113 ], [ 30.406644, -16.648982 ], [ 30.410008, -16.647992 ], [ 30.411307, -16.64525 ], [ 30.413739, -16.645374 ], [ 30.422206, -16.655242 ], [ 30.42941, -16.654275 ], [ 30.439653, -16.656201 ], [ 30.447935, -16.663618 ], [ 30.455767, -16.663584 ], [ 30.461964, -16.668127 ], [ 30.471659, -16.671985 ], [ 30.497533, -16.675849 ], [ 30.501771, -16.685259 ], [ 30.510026, -16.680776 ], [ 30.514585, -16.681809 ], [ 30.510327, -16.695884 ], [ 30.514829, -16.702287 ], [ 30.519163, -16.714936 ], [ 30.519901, -16.720312 ], [ 30.518232, -16.723793 ], [ 30.522144, -16.726127 ], [ 30.525513, -16.72512 ], [ 30.527706, -16.727352 ], [ 30.527918, -16.730002 ], [ 30.518446, -16.735381 ], [ 30.518654, -16.739621 ], [ 30.521068, -16.741217 ], [ 30.52161, -16.743974 ], [ 30.510182, -16.756867 ], [ 30.508872, -16.76357 ], [ 30.506408, -16.767151 ], [ 30.499814, -16.774942 ], [ 30.495252, -16.776918 ], [ 30.490262, -16.78731 ], [ 30.484568, -16.790742 ], [ 30.485391, -16.796255 ], [ 30.488763, -16.798071 ], [ 30.489148, -16.802274 ], [ 30.497124, -16.805771 ], [ 30.496408, -16.813468 ], [ 30.497615, -16.815262 ], [ 30.501618, -16.815014 ], [ 30.503745, -16.817114 ], [ 30.505721, -16.831249 ], [ 30.503664, -16.831224 ], [ 30.503117, -16.833694 ], [ 30.505155, -16.835205 ], [ 30.51014, -16.834489 ], [ 30.511309, -16.836795 ], [ 30.509772, -16.841516 ], [ 30.518053, -16.847326 ], [ 30.521334, -16.847067 ], [ 30.524101, -16.85326 ], [ 30.520307, -16.860114 ], [ 30.520428, -16.862985 ], [ 30.523084, -16.865434 ], [ 30.520836, -16.866849 ], [ 30.520363, -16.869429 ], [ 30.517969, -16.870413 ], [ 30.520775, -16.872732 ], [ 30.525274, -16.884536 ], [ 30.524998, -16.89716 ], [ 30.522949, -16.908189 ], [ 30.523445, -16.918094 ], [ 30.518762, -16.922222 ], [ 30.52211, -16.931697 ], [ 30.52083, -16.937086 ], [ 30.526951, -16.942743 ], [ 30.527553, -16.959514 ], [ 30.532705, -16.960069 ], [ 30.533884, -16.96137 ], [ 30.53372, -16.962947 ], [ 30.52998, -16.964349 ], [ 30.529571, -16.966465 ], [ 30.532381, -16.968503 ], [ 30.535009, -16.96817 ], [ 30.548685, -16.97267 ], [ 30.550209, -16.979308 ], [ 30.552362, -16.981509 ], [ 30.550749, -16.986267 ], [ 30.542047, -16.988222 ], [ 30.536899, -16.998006 ], [ 30.540359, -17.001769 ], [ 30.538315, -17.005896 ], [ 30.538875, -17.009758 ], [ 30.53684, -17.013017 ], [ 30.539423, -17.015062 ], [ 30.542162, -17.02164 ], [ 30.544979, -17.04017 ], [ 30.544578, -17.049903 ], [ 30.546257, -17.052422 ], [ 30.576918, -17.051812 ], [ 30.580819, -17.042496 ], [ 30.59836, -17.031266 ], [ 30.611402, -17.029254 ], [ 30.619011, -17.029797 ], [ 30.63345, -17.025094 ], [ 30.636534, -17.027432 ], [ 30.640591, -17.048091 ], [ 30.663021, -17.036175 ], [ 30.669305, -17.063164 ], [ 30.692114, -17.050813 ], [ 30.738875, -17.061296 ], [ 30.760641, -17.043476 ], [ 30.760717, -17.014406 ], [ 30.769043, -16.988659 ], [ 30.782938, -16.969413 ], [ 30.790543, -16.946798 ], [ 30.80832, -16.914895 ], [ 30.837977, -16.898533 ], [ 30.840605, -16.883379 ], [ 30.860199, -16.8625 ], [ 30.863263, -16.829378 ], [ 30.869772, -16.812428 ], [ 30.936421, -16.77915 ], [ 30.957702, -16.759393 ], [ 30.955516, -16.748254 ], [ 30.960908, -16.72845 ], [ 30.964252, -16.70791 ], [ 30.97445, -16.69516 ], [ 30.979878, -16.676563 ], [ 30.968126, -16.656278 ], [ 30.955316, -16.648948 ], [ 30.946191, -16.639399 ], [ 30.882301, -16.640642 ], [ 30.869191, -16.637085 ], [ 30.835017, -16.602071 ], [ 30.817249, -16.608467 ], [ 30.801259, -16.610344 ], [ 30.847651, -16.559481 ], [ 30.824981, -16.55185 ], [ 30.82591, -16.541288 ], [ 30.830485, -16.531564 ], [ 30.831547, -16.52534 ], [ 30.827424, -16.52262 ], [ 30.826335, -16.513834 ], [ 30.821908, -16.516241 ], [ 30.819953, -16.511062 ], [ 30.816381, -16.509145 ], [ 30.816894, -16.506621 ], [ 30.815195, -16.505391 ], [ 30.817745, -16.502295 ], [ 30.816165, -16.496846 ], [ 30.81775, -16.494864 ], [ 30.8157, -16.493528 ], [ 30.815948, -16.490493 ], [ 30.812091, -16.490163 ], [ 30.810844, -16.482753 ], [ 30.807451, -16.480071 ], [ 30.807302, -16.477433 ], [ 30.803516, -16.475442 ], [ 30.80338, -16.473488 ], [ 30.806196, -16.47227 ], [ 30.80565, -16.470128 ], [ 30.807882, -16.470286 ], [ 30.807216, -16.467069 ], [ 30.804597, -16.467992 ], [ 30.799327, -16.462308 ], [ 30.801801, -16.459043 ], [ 30.803575, -16.461849 ], [ 30.806075, -16.460048 ], [ 30.806129, -16.457408 ], [ 30.804216, -16.458124 ], [ 30.803174, -16.456574 ], [ 30.807115, -16.455924 ], [ 30.805564, -16.45419 ], [ 30.807273, -16.453476 ], [ 30.806127, -16.451735 ], [ 30.808971, -16.45208 ], [ 30.80874, -16.450617 ], [ 30.8064, -16.44998 ], [ 30.806949, -16.446745 ], [ 30.807952, -16.44624 ], [ 30.80961, -16.448266 ], [ 30.813964, -16.442621 ], [ 30.811193, -16.440614 ], [ 30.808584, -16.441926 ], [ 30.809232, -16.438592 ], [ 30.804779, -16.438859 ], [ 30.806812, -16.433645 ], [ 30.801456, -16.434318 ], [ 30.799917, -16.433269 ], [ 30.802308, -16.431078 ], [ 30.799528, -16.42858 ], [ 30.797605, -16.428612 ], [ 30.797574, -16.426951 ], [ 30.795343, -16.426791 ], [ 30.79511, -16.425133 ], [ 30.798433, -16.424004 ], [ 30.793813, -16.420657 ], [ 30.79253, -16.416862 ] ] ] } },
{ "type": "Feature", "properties": { "admin_name": "Gutu", "tiles": 7.0, "tests": 11.0, "devices": 9.0, "pop_weight": 4187.3241777420044, "area_km2": 2.3222449786588553, "d_mean_tile": 56.734714285714283, "d_median_tile": 23.669, "d_mean_pop": 15.866335831442738, "d_median_pop": 12.382287370680267, "d_p10_pop": 8.53, "d_p90_pop": 22.013286339253071, "u_median_pop": 7.6097570158497732, "lat_median_pop": 33.762393228190369, "pct_above_bb": 36.500837799518465, "pct_above_hi": 5.9753875141128461, "divide_ratio": 2.5806900749417436, "pop_total": 230602.76397394601, "pop_covered": 4187.3241777420044, "pop_coverage_pct": 1.8158169943770046, "level": "ADM2" }, "geometry": { "type": "Polygon", "coordinates": [ [ [ 31.97267, -19.821373 ], [ 31.969489, -19.803577 ], [ 31.967406, -19.799059 ], [ 31.92668, -19.767954 ], [ 31.919104, -19.7548 ], [ 31.899377, -19.711849 ], [ 31.895896, -19.708544 ], [ 31.877019, -19.701993 ], [ 31.858912, -19.683811 ], [ 31.858402, -19.684955 ], [ 31.855915, -19.68297 ], [ 31.848919, -19.681793 ], [ 31.843489, -19.678517 ], [ 31.842979, -19.667934 ], [ 31.835306, -19.664919 ], [ 31.834627, -19.658939 ], [ 31.832944, -19.656948 ], [ 31.823514, -19.655193 ], [ 31.827708, -19.630357 ], [ 31.825494, -19.620306 ], [ 31.81623, -19.617539 ], [ 31.802215, -19.60695 ], [ 31.795508, -19.605096 ], [ 31.791296, -19.599894 ], [ 31.790974, -19.59396 ], [ 31.785681, -19.591746 ], [ 31.774723, -19.590124 ], [ 31.772043, -19.584674 ], [ 31.770138, -19.583694 ], [ 31.760854, -19.58328 ], [ 31.756278, -19.585838 ], [ 31.739345, -19.583982 ], [ 31.736097, -19.579706 ], [ 31.733541, -19.56018 ], [ 31.726475, -19.542399 ], [ 31.714342, -19.540537 ], [ 31.709538, -19.528638 ], [ 31.703133, -19.524325 ], [ 31.683173, -19.52233 ], [ 31.681819, -19.506011 ], [ 31.678392, -19.497247 ], [ 31.679319, -19.492695 ], [ 31.675941, -19.486612 ], [ 31.67642, -19.47803 ], [ 31.675222, -19.474265 ], [ 31.67781, -19.470153 ], [ 31.67535, -19.461902 ], [ 31.668916, -19.460861 ], [ 31.65674, -19.466162 ], [ 31.649344, -19.466492 ], [ 31.645607, -19.464168 ], [ 31.641781, -19.45821 ], [ 31.639614, -19.457508 ], [ 31.63237, -19.460871 ], [ 31.621985, -19.463354 ], [ 31.617053, -19.458139 ], [ 31.614589, -19.451934 ], [ 31.610359, -19.447055 ], [ 31.599803, -19.450286 ], [ 31.593666, -19.450673 ], [ 31.589645, -19.455877 ], [ 31.58628, -19.456005 ], [ 31.58317, -19.453875 ], [ 31.573014, -19.456892 ], [ 31.566901, -19.447566 ], [ 31.563569, -19.444947 ], [ 31.560608, -19.437193 ], [ 31.548645, -19.417332 ], [ 31.527502, -19.411834 ], [ 31.524963, -19.405733 ], [ 31.526441, -19.394679 ], [ 31.521567, -19.390498 ], [ 31.512152, -19.388876 ], [ 31.503209, -19.385446 ], [ 31.492304, -19.385164 ], [ 31.490292, -19.383569 ], [ 31.489258, -19.376768 ], [ 31.480015, -19.372664 ], [ 31.477298, -19.37267 ], [ 31.46409, -19.381008 ], [ 31.461296, -19.381263 ], [ 31.451887, -19.369227 ], [ 31.448354, -19.362425 ], [ 31.443832, -19.360132 ], [ 31.440165, -19.362708 ], [ 31.43377, -19.377481 ], [ 31.431014, -19.376915 ], [ 31.425139, -19.370007 ], [ 31.411107, -19.374779 ], [ 31.40677, -19.374293 ], [ 31.402136, -19.37045 ], [ 31.396005, -19.368779 ], [ 31.382129, -19.352153 ], [ 31.364909, -19.336922 ], [ 31.358817, -19.335122 ], [ 31.353991, -19.329152 ], [ 31.33832, -19.318812 ], [ 31.325231, -19.311457 ], [ 31.318139, -19.309384 ], [ 31.311245, -19.299455 ], [ 31.293853, -19.291094 ], [ 31.283833, -19.280833 ], [ 31.25881, -19.272929 ], [ 31.250164, -19.267342 ], [ 31.241424, -19.258576 ], [ 31.230573, -19.25476 ], [ 31.217793, -19.24479 ], [ 31.209289, -19.244403 ], [ 31.203645, -19.239767 ], [ 31.19323, -19.240696 ], [ 31.188503, -19.233831 ], [ 31.145007, -19.238924 ], [ 31.082132, -19.244014 ], [ 31.014867, -19.256184 ], [ 30.996003, -19.25787 ], [ 30.996028, -19.253768 ], [ 31.000137, -19.24874 ], [ 30.989093, -19.22502 ], [ 30.989503, -19.19529 ], [ 30.999063, -19.155643 ], [ 30.969492, -19.155664 ], [ 30.937621, -19.148562 ], [ 30.91999, -19.180178 ], [ 30.921405, -19.192277 ], [ 30.892378, -19.192017 ], [ 30.88978, -19.197339 ], [ 30.895213, -19.202032 ], [ 30.906973, -19.222268 ], [ 30.908453, -19.243901 ], [ 30.893908, -19.244462 ], [ 30.870544, -19.260546 ], [ 30.698856, -19.391164 ], [ 30.695662, -19.395849 ], [ 30.758369, -19.402552 ], [ 30.75517, -19.40677 ], [ 30.76, -19.414494 ], [ 30.754056, -19.42251 ], [ 30.753403, -19.437404 ], [ 30.714037, -19.428997 ], [ 30.712186, -19.438235 ], [ 30.709348, -19.456503 ], [ 30.718227, -19.463687 ], [ 30.720077, -19.521115 ], [ 30.718955, -19.530104 ], [ 30.715697, -19.538565 ], [ 30.709737, -19.547842 ], [ 30.709205, -19.553787 ], [ 30.71272, -19.558933 ], [ 30.69778, -19.568946 ], [ 30.694926, -19.580387 ], [ 30.687194, -19.58794 ], [ 30.697248, -19.606349 ], [ 30.709375, -19.636868 ], [ 30.705472, -19.658924 ], [ 30.705527, -19.686557 ], [ 30.696487, -19.691117 ], [ 30.6961, -19.718075 ], [ 30.699175, -19.722791 ], [ 30.698623, -19.730011 ], [ 30.704706, -19.744117 ], [ 30.766124, -19.718111 ], [ 30.761352, -19.738458 ], [ 30.760181, -19.757999 ], [ 30.755237, -19.758362 ], [ 30.749749, -19.76552 ], [ 30.746355, -19.783332 ], [ 30.734088, -19.79338 ], [ 30.737189, -19.796395 ], [ 30.734369, -19.805287 ], [ 30.740529, -19.814292 ], [ 30.756547, -19.825122 ], [ 30.781779, -19.819486 ], [ 30.774907, -19.796869 ], [ 30.770854, -19.765359 ], [ 30.796146, -19.787354 ], [ 30.799884, -19.744037 ], [ 30.808051, -19.73776 ], [ 30.809047, -19.730545 ], [ 30.816304, -19.725107 ], [ 30.821351, -19.717091 ], [ 30.82287, -19.704355 ], [ 30.853882, -19.715014 ], [ 30.939481, -19.6944 ], [ 30.958996, -19.686216 ], [ 30.963949, -19.690659 ], [ 30.965393, -19.694337 ], [ 30.972584, -19.696641 ], [ 30.975012, -19.700055 ], [ 30.979889, -19.70024 ], [ 30.983038, -19.716328 ], [ 30.990187, -19.736564 ], [ 30.989121, -19.737203 ], [ 30.990986, -19.73761 ], [ 30.991112, -19.736575 ], [ 31.002085, -19.747213 ], [ 30.99454, -19.758521 ], [ 30.971217, -19.773156 ], [ 30.961605, -19.801088 ], [ 30.952158, -19.815877 ], [ 30.950817, -19.848285 ], [ 30.957208, -19.855369 ], [ 30.955416, -19.877997 ], [ 30.963061, -19.913426 ], [ 30.968537, -19.93168 ], [ 31.025153, -19.922369 ], [ 31.027122, -19.933193 ], [ 30.985652, -19.956603 ], [ 30.987025, -19.966851 ], [ 30.983965, -19.97108 ], [ 30.986872, -19.975787 ], [ 31.032226, -19.968054 ], [ 31.061888, -19.992004 ], [ 31.099387, -19.989166 ], [ 31.111301, -19.996521 ], [ 31.152272, -20.002877 ], [ 31.194885, -20.032754 ], [ 31.201695, -20.026875 ], [ 31.203435, -20.012234 ], [ 31.205476, -20.010555 ], [ 31.204154, -20.008205 ], [ 31.207313, -20.003782 ], [ 31.207968, -19.996809 ], [ 31.212623, -19.993449 ], [ 31.212673, -19.988978 ], [ 31.215642, -19.985282 ], [ 31.218093, -19.973942 ], [ 31.299381, -19.949428 ], [ 31.308042, -19.958769 ], [ 31.349263, -19.929816 ], [ 31.35921, -19.92438 ], [ 31.369712, -19.933242 ], [ 31.373675, -19.932836 ], [ 31.374599, -19.934838 ], [ 31.384676, -19.93799 ], [ 31.400045, -19.937746 ], [ 31.413888, -19.928309 ], [ 31.429567, -19.922514 ], [ 31.433439, -19.913949 ], [ 31.4423, -19.917469 ], [ 31.449281, -19.906439 ], [ 31.464284, -19.90198 ], [ 31.472369, -19.90205 ], [ 31.481227, -19.90595 ], [ 31.481289, -19.899449 ], [ 31.49324, -19.883549 ], [ 31.496739, -19.886201 ], [ 31.499501, -19.886636 ], [ 31.501252, -19.885335 ], [ 31.505627, -19.886596 ], [ 31.511334, -19.88392 ], [ 31.513524, -19.879823 ], [ 31.515582, -19.879863 ], [ 31.516654, -19.882299 ], [ 31.51824, -19.882461 ], [ 31.526392, -19.876782 ], [ 31.52948, -19.876904 ], [ 31.533685, -19.873375 ], [ 31.540544, -19.870819 ], [ 31.545732, -19.875082 ], [ 31.552419, -19.886123 ], [ 31.555034, -19.886691 ], [ 31.578579, -19.881702 ], [ 31.5815, -19.874842 ], [ 31.583516, -19.873827 ], [ 31.597583, -19.871676 ], [ 31.60333, -19.868996 ], [ 31.613754, -19.868101 ], [ 31.622756, -19.863149 ], [ 31.625286, -19.849068 ], [ 31.629273, -19.843994 ], [ 31.637808, -19.851338 ], [ 31.645184, -19.855598 ], [ 31.648959, -19.855514 ], [ 31.655907, -19.86099 ], [ 31.662551, -19.860378 ], [ 31.663665, -19.857171 ], [ 31.66718, -19.854207 ], [ 31.667436, -19.847348 ], [ 31.671811, -19.848685 ], [ 31.67361, -19.845072 ], [ 31.6806, -19.845961 ], [ 31.689601, -19.832685 ], [ 31.715927, -19.836156 ], [ 31.719187, -19.836234 ], [ 31.722059, -19.834365 ], [ 31.742727, -19.838041 ], [ 31.748996, -19.83772 ], [ 31.769461, -19.842142 ], [ 31.795326, -19.841336 ], [ 31.806607, -19.846861 ], [ 31.813079, -19.847622 ], [ 31.831655, -19.840131 ], [ 31.853153, -19.838144 ], [ 31.862896, -19.833696 ], [ 31.886626, -19.830293 ], [ 31.893323, -19.83298 ], [ 31.902246, -19.832259 ], [ 31.916573, -19.830241 ], [ 31.927229, -19.825983 ], [ 31.946971, -19.824461 ], [ 31.962617, -19.82124 ], [ 31.97267, -19.821373 ] ] ] } },
{ "type": "Feature", "properties": { "admin_name": "Gwanda", "tiles": 23.0, "tests": 103.0, "devices": 32.0, "pop_weight": 6567.7090041339397, "area_km2": 7.4816169646145223, "d_mean_tile": 36.742608695652187, "d_median_tile": 43.877, "d_mean_pop": 23.615155699972213, "d_median_pop": 14.419449740148774, "d_p10_pop": 1.774132997513199, "d_p90_pop": 46.845633126299994, "u_median_pop": 13.674436534468892, "lat_median_pop": 28.7351327525027, "pct_above_bb": 59.508623774753389, "pct_above_hi": 43.743043709710285, "divide_ratio": 26.404803468490517, "pop_total": 138681.28327483911, "pop_covered": 4773.8342482745647, "pop_coverage_pct": 3.442306081646044, "level": "ADM2" }, "geometry": { "type": "Polygon", "coordinates": [ [ [ 29.906236, -21.269408 ], [ 29.899792, -21.267995 ], [ 29.891424, -21.269781 ], [ 29.889278, -21.265224 ], [ 29.886469, -21.263368 ], [ 29.892383, -21.250975 ], [ 29.887428, -21.245959 ], [ 29.886188, -21.231656 ], [ 29.893417, -21.228937 ], [ 29.894785, -21.227391 ], [ 29.893818, -21.225363 ], [ 29.887789, -21.221411 ], [ 29.885694, -21.217015 ], [ 29.880796, -21.214315 ], [ 29.879093, -21.210044 ], [ 29.874484, -21.210042 ], [ 29.849683, -21.203355 ], [ 29.846692, -21.20031 ], [ 29.847155, -21.192841 ], [ 29.845681, -21.188996 ], [ 29.844828, -21.187822 ], [ 29.842212, -21.188405 ], [ 29.838468, -21.178958 ], [ 29.831304, -21.175114 ], [ 29.83143, -21.164867 ], [ 29.835075, -21.161828 ], [ 29.84344, -21.158526 ], [ 29.841058, -21.151374 ], [ 29.838787, -21.149879 ], [ 29.834122, -21.150088 ], [ 29.820368, -21.142176 ], [ 29.815874, -21.142172 ], [ 29.81275, -21.139393 ], [ 29.807688, -21.139122 ], [ 29.803995, -21.135756 ], [ 29.801324, -21.135647 ], [ 29.791461, -21.128009 ], [ 29.785958, -21.119516 ], [ 29.77724, -21.112314 ], [ 29.774283, -21.111563 ], [ 29.77068, -21.107397 ], [ 29.770091, -21.102244 ], [ 29.765522, -21.098025 ], [ 29.765965, -21.088899 ], [ 29.75675, -21.090862 ], [ 29.754707, -21.087789 ], [ 29.752121, -21.08728 ], [ 29.747381, -21.07725 ], [ 29.747799, -21.073228 ], [ 29.736094, -21.042943 ], [ 29.731033, -21.033302 ], [ 29.732098, -21.031187 ], [ 29.730701, -21.022919 ], [ 29.689604, -21.021338 ], [ 29.592461, -21.040538 ], [ 29.534468, -21.036807 ], [ 29.498596, -21.028181 ], [ 29.43954, -21.056263 ], [ 29.357294, -21.030744 ], [ 29.35794, -21.018509 ], [ 29.346657, -21.007212 ], [ 29.349937, -21.000661 ], [ 29.345829, -20.973098 ], [ 29.347169, -20.967777 ], [ 29.352617, -20.961329 ], [ 29.355655, -20.952547 ], [ 29.356075, -20.944965 ], [ 29.353382, -20.93805 ], [ 29.349201, -20.931135 ], [ 29.337447, -20.923026 ], [ 29.324772, -20.91086 ], [ 29.311493, -20.906149 ], [ 29.301941, -20.906616 ], [ 29.297552, -20.90316 ], [ 29.289835, -20.885402 ], [ 29.289903, -20.870371 ], [ 29.285303, -20.856077 ], [ 29.271294, -20.847364 ], [ 29.26896, -20.844372 ], [ 29.270234, -20.83792 ], [ 29.258137, -20.828276 ], [ 29.257643, -20.817434 ], [ 29.248521, -20.806523 ], [ 29.245694, -20.794561 ], [ 29.240391, -20.784402 ], [ 29.2389, -20.769783 ], [ 29.235104, -20.756774 ], [ 29.222584, -20.722146 ], [ 29.216087, -20.711687 ], [ 29.199945, -20.671074 ], [ 29.197828, -20.652988 ], [ 29.193837, -20.643435 ], [ 29.190753, -20.626622 ], [ 29.185406, -20.613735 ], [ 29.18599, -20.606254 ], [ 29.18401, -20.597088 ], [ 29.182088, -20.594658 ], [ 29.181042, -20.568546 ], [ 29.182915, -20.560835 ], [ 29.158744, -20.557363 ], [ 29.13372, -20.588091 ], [ 29.048112, -20.60494 ], [ 28.976237, -20.611105 ], [ 28.956987, -20.597173 ], [ 28.923201, -20.6992 ], [ 28.825387, -20.659044 ], [ 28.81513, -20.659293 ], [ 28.78438, -20.622962 ], [ 28.748006, -20.647126 ], [ 28.733052, -20.679803 ], [ 28.679513, -20.692738 ], [ 28.65531, -20.69347 ], [ 28.706066, -20.853782 ], [ 28.699144, -20.94866 ], [ 28.762342, -20.994459 ], [ 28.742558, -21.015485 ], [ 28.762866, -21.051645 ], [ 28.719947, -21.070009 ], [ 28.7, -21.036072 ], [ 28.675272, -21.054736 ], [ 28.68921, -21.082818 ], [ 28.633817, -21.139379 ], [ 28.656971, -21.18924 ], [ 28.620385, -21.227708 ], [ 28.695056, -21.239936 ], [ 28.681124, -21.270819 ], [ 28.746979, -21.32934 ], [ 28.766779, -21.459224 ], [ 28.723855, -21.605324 ], [ 28.730581, -21.625852 ], [ 28.732803, -21.627485 ], [ 28.738805, -21.627464 ], [ 28.74186, -21.62944 ], [ 28.742052, -21.631598 ], [ 28.739385, -21.634286 ], [ 28.734125, -21.634908 ], [ 28.731555, -21.638627 ], [ 28.732122, -21.642688 ], [ 28.738325, -21.646725 ], [ 28.743432, -21.654211 ], [ 28.749028, -21.655997 ], [ 28.755256, -21.655262 ], [ 28.756653, -21.660792 ], [ 28.763525, -21.662536 ], [ 28.764204, -21.667882 ], [ 28.774501, -21.67678 ], [ 28.77368, -21.693232 ], [ 28.779806, -21.700718 ], [ 28.775145, -21.716264 ], [ 28.794547, -21.728535 ], [ 28.80379, -21.730105 ], [ 28.821339, -21.730192 ], [ 28.828247, -21.732021 ], [ 28.860133, -21.75225 ], [ 28.88945, -21.756177 ], [ 28.902148, -21.761324 ], [ 28.917368, -21.762108 ], [ 28.942952, -21.769253 ], [ 28.959234, -21.772222 ], [ 28.978846, -21.76734 ], [ 28.990142, -21.767254 ], [ 28.999293, -21.77423 ], [ 29.008691, -21.787358 ], [ 29.032219, -21.791369 ], [ 29.03862, -21.795389 ], [ 29.047567, -21.798514 ], [ 29.058485, -21.79916 ], [ 29.071651, -21.806779 ], [ 29.078296, -21.816616 ], [ 29.053106, -21.839897 ], [ 29.036795, -21.863926 ], [ 29.02568, -21.889906 ], [ 29.023034, -21.904208 ], [ 29.020902, -21.916307 ], [ 29.020469, -21.940288 ], [ 29.027322, -21.973064 ], [ 29.03772, -21.996843 ], [ 29.188097, -21.897655 ], [ 29.187334, -21.894285 ], [ 29.182993, -21.890133 ], [ 29.181681, -21.880824 ], [ 29.178392, -21.87419 ], [ 29.180048, -21.87208 ], [ 29.183576, -21.871646 ], [ 29.185894, -21.867406 ], [ 29.1905, -21.863432 ], [ 29.200869, -21.858273 ], [ 29.198845, -21.849951 ], [ 29.204491, -21.840631 ], [ 29.207705, -21.839265 ], [ 29.212863, -21.841077 ], [ 29.215888, -21.839277 ], [ 29.215083, -21.834407 ], [ 29.208022, -21.828917 ], [ 29.206223, -21.820742 ], [ 29.208506, -21.817929 ], [ 29.217175, -21.816665 ], [ 29.217967, -21.812259 ], [ 29.221701, -21.809474 ], [ 29.223113, -21.804645 ], [ 29.225907, -21.80284 ], [ 29.226228, -21.792206 ], [ 29.223983, -21.786807 ], [ 29.228196, -21.783174 ], [ 29.22894, -21.777404 ], [ 29.232931, -21.776695 ], [ 29.234876, -21.768591 ], [ 29.232217, -21.767897 ], [ 29.237497, -21.757642 ], [ 29.247941, -21.747417 ], [ 29.298729, -21.65386 ], [ 29.359917, -21.561184 ], [ 29.429871, -21.54677 ], [ 29.452638, -21.539872 ], [ 29.467115, -21.533198 ], [ 29.519765, -21.51474 ], [ 29.495878, -21.453989 ], [ 29.803527, -21.498949 ], [ 29.850242, -21.426486 ], [ 29.896383, -21.359269 ], [ 29.890699, -21.328467 ], [ 29.854804, -21.310324 ], [ 29.906236, -21.269408 ] ], [ [ 28.995644, -20.913633 ], [ 28.996312, -20.910227 ], [ 29.005627, -20.912414 ], [ 29.004372, -20.916171 ], [ 29.035621, -20.924407 ], [ 29.03391, -20.93081 ], [ 29.034399, -20.935238 ], [ 29.03076, -20.947213 ], [ 29.00164, -20.958918 ], [ 28.999673, -20.950522 ], [ 28.994605, -20.950713 ], [ 28.99458, -20.947678 ], [ 28.989966, -20.946506 ], [ 28.988445, -20.942875 ], [ 28.973727, -20.939599 ], [ 28.950123, -20.927231 ], [ 28.949652, -20.919751 ], [ 28.992243, -20.930627 ], [ 28.988513, -20.923801 ], [ 28.989605, -20.915809 ], [ 28.994964, -20.917338 ], [ 28.995644, -20.913633 ] ] ] } },
{ "type": "Feature", "properties": { "admin_name": "Gwanda Urban", "tiles": 8.0, "tests": 38.0, "devices": 15.0, "pop_weight": 18632.594329833984, "area_km2": 2.6093017056461738, "d_mean_tile": 56.789375, "d_median_tile": 37.448, "d_mean_pop": 36.106058460545945, "d_median_pop": 32.700114094201844, "d_p10_pop": 0.46787538744761653, "d_p90_pop": 105.76229143683241, "u_median_pop": 4.4359530071221123, "lat_median_pop": 34.139356770133595, "pct_above_bb": 56.824580940332062, "pct_above_hi": 56.824580940332062, "divide_ratio": 226.04799114096079, "pop_total": 28856.76849181205, "pop_covered": 20426.469085693359, "pop_coverage_pct": 70.78571216832286, "level": "ADM2" }, "geometry": { "type": "Polygon", "coordinates": [ [ [ 28.995644, -20.913633 ], [ 28.994964, -20.917338 ], [ 28.989605, -20.915809 ], [ 28.988513, -20.923801 ], [ 28.992243, -20.930627 ], [ 28.949652, -20.919751 ], [ 28.950123, -20.927231 ], [ 28.973727, -20.939599 ], [ 28.988445, -20.942875 ], [ 28.989966, -20.946506 ], [ 28.99458, -20.947678 ], [ 28.994605, -20.950713 ], [ 28.999673, -20.950522 ], [ 29.00164, -20.958918 ], [ 29.03076, -20.947213 ], [ 29.034399, -20.935238 ], [ 29.03391, -20.93081 ], [ 29.035621, -20.924407 ], [ 29.004372, -20.916171 ], [ 29.005627, -20.912414 ], [ 28.996312, -20.910227 ], [ 28.995644, -20.913633 ] ] ] } },
{ "type": "Feature", "properties": { "admin_name": "Gweru", "tiles": 14.0, "tests": 67.0, "devices": 17.0, "pop_weight": 3314.5852947235112, "area_km2": 4.6523604799126286, "d_mean_tile": 40.96592857142857, "d_median_tile": 21.864, "d_mean_pop": 40.37132558688689, "d_median_pop": 21.506545688275512, "d_p10_pop": 4.7779468368592521, "d_p90_pop": 115.68420771049666, "u_median_pop": 21.290943318740641, "lat_median_pop": 29.839367132905377, "pct_above_bb": 66.417712621271704, "pct_above_hi": 30.561452719183031, "divide_ratio": 24.212116974189865, "pop_total": 135314.53522023678, "pop_covered": 3344.9893321990967, "pop_coverage_pct": 2.4720103621941432, "level": "ADM2" }, "geometry": { "type": "Polygon", "coordinates": [ [ [ 29.231908, -19.480533 ], [ 29.239908, -19.484115 ], [ 29.243704, -19.489973 ], [ 29.246009, -19.498104 ], [ 29.25377, -19.50261 ], [ 29.25795, -19.511966 ], [ 29.265148, -19.514904 ], [ 29.271145, -19.524006 ], [ 29.274806, -19.525997 ], [ 29.27983, -19.532262 ], [ 29.279523, -19.545492 ], [ 29.281487, -19.552244 ], [ 29.282307, -19.565065 ], [ 29.285275, -19.567729 ], [ 29.291981, -19.568684 ], [ 29.295928, -19.57279 ], [ 29.301491, -19.574292 ], [ 29.300704, -19.577006 ], [ 29.295634, -19.581187 ], [ 29.29554, -19.583461 ], [ 29.307581, -19.595269 ], [ 29.306961, -19.601119 ], [ 29.312789, -19.603634 ], [ 29.316675, -19.609195 ], [ 29.315244, -19.61329 ], [ 29.316461, -19.617313 ], [ 29.317388, -19.618474 ], [ 29.321981, -19.618536 ], [ 29.348227, -19.631657 ], [ 29.356761, -19.641351 ], [ 29.354388, -19.643184 ], [ 29.356413, -19.644359 ], [ 29.356303, -19.646766 ], [ 29.358786, -19.649594 ], [ 29.358824, -19.6523 ], [ 29.356711, -19.654875 ], [ 29.361844, -19.660613 ], [ 29.359925, -19.662363 ], [ 29.35969, -19.669031 ], [ 29.363066, -19.679082 ], [ 29.370272, -19.677697 ], [ 29.376883, -19.688209 ], [ 29.386686, -19.690426 ], [ 29.389179, -19.693844 ], [ 29.392156, -19.693649 ], [ 29.401466, -19.699016 ], [ 29.400701, -19.703223 ], [ 29.404132, -19.709502 ], [ 29.403976, -19.712979 ], [ 29.406358, -19.714438 ], [ 29.403583, -19.717102 ], [ 29.403533, -19.719337 ], [ 29.406473, -19.722082 ], [ 29.407501, -19.727205 ], [ 29.412975, -19.733291 ], [ 29.413648, -19.74354 ], [ 29.409488, -19.747847 ], [ 29.412113, -19.75197 ], [ 29.415099, -19.752413 ], [ 29.415293, -19.750475 ], [ 29.416752, -19.750393 ], [ 29.423581, -19.756673 ], [ 29.423394, -19.758348 ], [ 29.42112, -19.758611 ], [ 29.416022, -19.763625 ], [ 29.415995, -19.765174 ], [ 29.418404, -19.765904 ], [ 29.415522, -19.7726 ], [ 29.412759, -19.806843 ], [ 29.403686, -19.818343 ], [ 29.403238, -19.842677 ], [ 29.41385, -19.887084 ], [ 29.445412, -19.863834 ], [ 29.472432, -19.847751 ], [ 29.502404, -19.861365 ], [ 29.517622, -19.863454 ], [ 29.531234, -19.870622 ], [ 29.542903, -19.874862 ], [ 29.562247, -19.886067 ], [ 29.582245, -19.918165 ], [ 29.598462, -19.93421 ], [ 29.606067, -19.935021 ], [ 29.618499, -19.932198 ], [ 29.65406, -19.912213 ], [ 29.663895, -19.908276 ], [ 29.680213, -19.905144 ], [ 29.687352, -19.928863 ], [ 29.695233, -19.972158 ], [ 29.710966, -19.972864 ], [ 29.752793, -19.955068 ], [ 29.797666, -19.944948 ], [ 29.786802, -19.923435 ], [ 29.848034, -19.89574 ], [ 29.84462, -19.894779 ], [ 29.841245, -19.896007 ], [ 29.841133, -19.893827 ], [ 29.843952, -19.889876 ], [ 29.837043, -19.887478 ], [ 29.836215, -19.869853 ], [ 29.839416, -19.87001 ], [ 29.840698, -19.868081 ], [ 29.835168, -19.864296 ], [ 29.839485, -19.860348 ], [ 29.841244, -19.851908 ], [ 29.843864, -19.848043 ], [ 29.840456, -19.843236 ], [ 29.841801, -19.838733 ], [ 29.83772, -19.835936 ], [ 29.841093, -19.828373 ], [ 29.841493, -19.8201 ], [ 29.845375, -19.812455 ], [ 29.845949, -19.805466 ], [ 29.84424, -19.801857 ], [ 29.845833, -19.794952 ], [ 29.8421, -19.794965 ], [ 29.84201, -19.793279 ], [ 29.843695, -19.788936 ], [ 29.84742, -19.786111 ], [ 29.850105, -19.776465 ], [ 29.853832, -19.774202 ], [ 29.851768, -19.764812 ], [ 29.85524, -19.76263 ], [ 29.854116, -19.756126 ], [ 29.859526, -19.749521 ], [ 29.85173, -19.745832 ], [ 29.847002, -19.7371 ], [ 29.83729, -19.736243 ], [ 29.833873, -19.725725 ], [ 29.834601, -19.722647 ], [ 29.833144, -19.721701 ], [ 29.826009, -19.722242 ], [ 29.813521, -19.720341 ], [ 29.815236, -19.711369 ], [ 29.818555, -19.708888 ], [ 29.819003, -19.705314 ], [ 29.816203, -19.701105 ], [ 29.816966, -19.699947 ], [ 29.812442, -19.699564 ], [ 29.808106, -19.692259 ], [ 29.810973, -19.688964 ], [ 29.821511, -19.685893 ], [ 29.816857, -19.672344 ], [ 29.832406, -19.636712 ], [ 29.828557, -19.610737 ], [ 29.855953, -19.550349 ], [ 29.906307, -19.547023 ], [ 29.937928, -19.547477 ], [ 29.953711, -19.526364 ], [ 29.994135, -19.506664 ], [ 30.017817, -19.514354 ], [ 30.033646, -19.485765 ], [ 30.043373, -19.457951 ], [ 30.080283, -19.463714 ], [ 30.105771, -19.481546 ], [ 30.144388, -19.483088 ], [ 30.157772, -19.474689 ], [ 30.167946, -19.45644 ], [ 30.166907, -19.434012 ], [ 30.175774, -19.433837 ], [ 30.18711, -19.407117 ], [ 30.169949, -19.406085 ], [ 30.153489, -19.400995 ], [ 30.12972, -19.390341 ], [ 30.126871, -19.393396 ], [ 30.126399, -19.396328 ], [ 30.116479, -19.395149 ], [ 30.130197, -19.356631 ], [ 30.073681, -19.348085 ], [ 30.074921, -19.325016 ], [ 30.03712, -19.325528 ], [ 30.035759, -19.298092 ], [ 30.063875, -19.295217 ], [ 30.071564, -19.283978 ], [ 30.114789, -19.269513 ], [ 30.135406, -19.250147 ], [ 30.166266, -19.273571 ], [ 30.17108, -19.249178 ], [ 30.065145, -19.200401 ], [ 30.130666, -19.131421 ], [ 30.114868, -19.122831 ], [ 30.105987, -19.122488 ], [ 30.103044, -19.11853 ], [ 30.102891, -19.113129 ], [ 30.101701, -19.112517 ], [ 30.090741, -19.111649 ], [ 30.08829, -19.109173 ], [ 30.084443, -19.108544 ], [ 30.070662, -19.100656 ], [ 30.065416, -19.100431 ], [ 30.057357, -19.102503 ], [ 30.049909, -19.098297 ], [ 30.047742, -19.104096 ], [ 30.045789, -19.104497 ], [ 30.043855, -19.101357 ], [ 30.037735, -19.101727 ], [ 30.031124, -19.099634 ], [ 30.029391, -19.097141 ], [ 30.029915, -19.092395 ], [ 30.018782, -19.090965 ], [ 30.01542, -19.093765 ], [ 30.017857, -19.153123 ], [ 29.938405, -19.133786 ], [ 29.925473, -19.108954 ], [ 29.889987, -19.134871 ], [ 29.860186, -19.145391 ], [ 29.861516, -19.148605 ], [ 29.840919, -19.150408 ], [ 29.796712, -19.15911 ], [ 29.755705, -19.181411 ], [ 29.752476, -19.153559 ], [ 29.736186, -19.159011 ], [ 29.729169, -19.142334 ], [ 29.674331, -19.167847 ], [ 29.626478, -19.185191 ], [ 29.552254, -19.167366 ], [ 29.525543, -19.167604 ], [ 29.416285, -19.132682 ], [ 29.364311, -19.151749 ], [ 29.238416, -19.22394 ], [ 29.185821, -19.269373 ], [ 29.131251, -19.319888 ], [ 29.098825, -19.358232 ], [ 29.092138, -19.373206 ], [ 29.104744, -19.378615 ], [ 29.121174, -19.3894 ], [ 29.128981, -19.388689 ], [ 29.148656, -19.395068 ], [ 29.155385, -19.401633 ], [ 29.156611, -19.407889 ], [ 29.163238, -19.422723 ], [ 29.175018, -19.433978 ], [ 29.181951, -19.43717 ], [ 29.193447, -19.447851 ], [ 29.19624, -19.458581 ], [ 29.20074, -19.461347 ], [ 29.207289, -19.459529 ], [ 29.216677, -19.470247 ], [ 29.219161, -19.476037 ], [ 29.226714, -19.479831 ], [ 29.231908, -19.480533 ] ], [ [ 29.810156, -19.372979 ], [ 29.817007, -19.384705 ], [ 29.831979, -19.390844 ], [ 29.82643, -19.399291 ], [ 29.827628, -19.40019 ], [ 29.83007, -19.39852 ], [ 29.832247, -19.400118 ], [ 29.835735, -19.396801 ], [ 29.841192, -19.401711 ], [ 29.845629, -19.398111 ], [ 29.853339, -19.404788 ], [ 29.86471, -19.401036 ], [ 29.867111, -19.405659 ], [ 29.864379, -19.413317 ], [ 29.873665, -19.419833 ], [ 29.882112, -19.411269 ], [ 29.902685, -19.419336 ], [ 29.906273, -19.416233 ], [ 29.918703, -19.423105 ], [ 29.90023, -19.431514 ], [ 29.92017, -19.447533 ], [ 29.911035, -19.453604 ], [ 29.899619, -19.444524 ], [ 29.892839, -19.44458 ], [ 29.88546, -19.446635 ], [ 29.884547, -19.443591 ], [ 29.881225, -19.444153 ], [ 29.876325, -19.452694 ], [ 29.878085, -19.473261 ], [ 29.867479, -19.469147 ], [ 29.866105, -19.476612 ], [ 29.871323, -19.479894 ], [ 29.867146, -19.486579 ], [ 29.872731, -19.492668 ], [ 29.869134, -19.495988 ], [ 29.865328, -19.505734 ], [ 29.851773, -19.506059 ], [ 29.849191, -19.499391 ], [ 29.846802, -19.497599 ], [ 29.841167, -19.506327 ], [ 29.833983, -19.506135 ], [ 29.824154, -19.495617 ], [ 29.815028, -19.507041 ], [ 29.786522, -19.50728 ], [ 29.784479, -19.499352 ], [ 29.761874, -19.539972 ], [ 29.750575, -19.482117 ], [ 29.745626, -19.475073 ], [ 29.75072, -19.47215 ], [ 29.733177, -19.447526 ], [ 29.746061, -19.433974 ], [ 29.750861, -19.425438 ], [ 29.757072, -19.430543 ], [ 29.754193, -19.434718 ], [ 29.765416, -19.440919 ], [ 29.776359, -19.43341 ], [ 29.779182, -19.435101 ], [ 29.782025, -19.431692 ], [ 29.774066, -19.424982 ], [ 29.780684, -19.41601 ], [ 29.785979, -19.417148 ], [ 29.792975, -19.386707 ], [ 29.810156, -19.372979 ] ] ] } },
{ "type": "Feature", "properties": { "admin_name": "Gweru Urban", "tiles": 55.0, "tests": 247.0, "devices": 96.0, "pop_weight": 105951.49706268311, "area_km2": 18.283361176473761, "d_mean_tile": 56.780818181818184, "d_median_tile": 40.971, "d_mean_pop": 61.912482825624423, "d_median_pop": 36.683307819913992, "d_p10_pop": 0.95775130487092297, "d_p90_pop": 164.29593381122652, "u_median_pop": 21.66591494282028, "lat_median_pop": 22.0, "pct_above_bb": 68.442844352326304, "pct_above_hi": 57.132267861923836, "divide_ratio": 171.54341944057057, "pop_total": 177836.45315812065, "pop_covered": 105921.09302520752, "pop_coverage_pct": 59.560956791591735, "level": "ADM2" }, "geometry": { "type": "Polygon", "coordinates": [ [ [ 29.810156, -19.372979 ], [ 29.792975, -19.386707 ], [ 29.785979, -19.417148 ], [ 29.780684, -19.41601 ], [ 29.774066, -19.424982 ], [ 29.782025, -19.431692 ], [ 29.779182, -19.435101 ], [ 29.776359, -19.43341 ], [ 29.765416, -19.440919 ], [ 29.754193, -19.434718 ], [ 29.757072, -19.430543 ], [ 29.750861, -19.425438 ], [ 29.746061, -19.433974 ], [ 29.733177, -19.447526 ], [ 29.75072, -19.47215 ], [ 29.745626, -19.475073 ], [ 29.750575, -19.482117 ], [ 29.761874, -19.539972 ], [ 29.784479, -19.499352 ], [ 29.786522, -19.50728 ], [ 29.815028, -19.507041 ], [ 29.824154, -19.495617 ], [ 29.833983, -19.506135 ], [ 29.841167, -19.506327 ], [ 29.846802, -19.497599 ], [ 29.849191, -19.499391 ], [ 29.851773, -19.506059 ], [ 29.865328, -19.505734 ], [ 29.869134, -19.495988 ], [ 29.872731, -19.492668 ], [ 29.867146, -19.486579 ], [ 29.871323, -19.479894 ], [ 29.866105, -19.476612 ], [ 29.867479, -19.469147 ], [ 29.878085, -19.473261 ], [ 29.876325, -19.452694 ], [ 29.881225, -19.444153 ], [ 29.884547, -19.443591 ], [ 29.88546, -19.446635 ], [ 29.892839, -19.44458 ], [ 29.899619, -19.444524 ], [ 29.911035, -19.453604 ], [ 29.92017, -19.447533 ], [ 29.90023, -19.431514 ], [ 29.918703, -19.423105 ], [ 29.906273, -19.416233 ], [ 29.902685, -19.419336 ], [ 29.882112, -19.411269 ], [ 29.873665, -19.419833 ], [ 29.864379, -19.413317 ], [ 29.867111, -19.405659 ], [ 29.86471, -19.401036 ], [ 29.853339, -19.404788 ], [ 29.845629, -19.398111 ], [ 29.841192, -19.401711 ], [ 29.835735, -19.396801 ], [ 29.832247, -19.400118 ], [ 29.83007, -19.39852 ], [ 29.827628, -19.40019 ], [ 29.82643, -19.399291 ], [ 29.831979, -19.390844 ], [ 29.817007, -19.384705 ], [ 29.810156, -19.372979 ] ] ] } },
{ "type": "Feature", "properties": { "admin_name": "Harare", "tiles": 738.0, "tests": 4192.0, "devices": 1644.0, "pop_weight": 1322687.419631958, "area_km2": 250.08826703270853, "d_mean_tile": 48.871888888888883, "d_median_tile": 29.9045, "d_mean_pop": 43.20130589327372, "d_median_pop": 26.406891281573756, "d_p10_pop": 0.92568773125236115, "d_p90_pop": 101.82346218104415, "u_median_pop": 12.540178368075374, "lat_median_pop": 20.0, "pct_above_bb": 69.346817297312185, "pct_above_hi": 50.754977892781284, "divide_ratio": 109.9976360746268, "pop_total": 1656949.3609052151, "pop_covered": 1342199.758644104, "pop_coverage_pct": 81.004271483036817, "level": "ADM2" }, "geometry": { "type": "Polygon", "coordinates": [ [ [ 31.203056, -17.886325 ], [ 31.21182, -17.886561 ], [ 31.208626, -17.879587 ], [ 31.215359, -17.879692 ], [ 31.195094, -17.861859 ], [ 31.196298, -17.859304 ], [ 31.220317, -17.850516 ], [ 31.221657, -17.848987 ], [ 31.215055, -17.820475 ], [ 31.213952, -17.819175 ], [ 31.203242, -17.81995 ], [ 31.209656, -17.812568 ], [ 31.192102, -17.804996 ], [ 31.211834, -17.792597 ], [ 31.201218, -17.77492 ], [ 31.196042, -17.752424 ], [ 31.195927, -17.749359 ], [ 31.202081, -17.742466 ], [ 31.201491, -17.729649 ], [ 31.209813, -17.726472 ], [ 31.205443, -17.711934 ], [ 31.200408, -17.71206 ], [ 31.197312, -17.715995 ], [ 31.197286, -17.71858 ], [ 31.189214, -17.70524 ], [ 31.181211, -17.6962 ], [ 31.172547, -17.699566 ], [ 31.163774, -17.696038 ], [ 31.159916, -17.704102 ], [ 31.157223, -17.703732 ], [ 31.154369, -17.701465 ], [ 31.157804, -17.699601 ], [ 31.159094, -17.696511 ], [ 31.151576, -17.693338 ], [ 31.150371, -17.688157 ], [ 31.146975, -17.686229 ], [ 31.143887, -17.689302 ], [ 31.146201, -17.691564 ], [ 31.145815, -17.694146 ], [ 31.148137, -17.695546 ], [ 31.148264, -17.700718 ], [ 31.137868, -17.69769 ], [ 31.139142, -17.696151 ], [ 31.13882, -17.692529 ], [ 31.122113, -17.691336 ], [ 31.116154, -17.693864 ], [ 31.118856, -17.680893 ], [ 31.116868, -17.677326 ], [ 31.115384, -17.667812 ], [ 31.101487, -17.665591 ], [ 31.088808, -17.665559 ], [ 31.085398, -17.673227 ], [ 31.08441, -17.680147 ], [ 31.078838, -17.680332 ], [ 31.073952, -17.687001 ], [ 31.081673, -17.73041 ], [ 31.046324, -17.740229 ], [ 31.041554, -17.732426 ], [ 31.037544, -17.737384 ], [ 31.025914, -17.7271 ], [ 31.026177, -17.739179 ], [ 30.995628, -17.737135 ], [ 30.975478, -17.71883 ], [ 30.962546, -17.713913 ], [ 30.950817, -17.7094 ], [ 30.948627, -17.757097 ], [ 30.908586, -17.764288 ], [ 30.918504, -17.779436 ], [ 30.905215, -17.77722 ], [ 30.890249, -17.780506 ], [ 30.889348, -17.796004 ], [ 30.895943, -17.801073 ], [ 30.883235, -17.811102 ], [ 30.890121, -17.826414 ], [ 30.899143, -17.865684 ], [ 30.896806, -17.869121 ], [ 30.885804, -17.867727 ], [ 30.881051, -17.874051 ], [ 30.877435, -17.875476 ], [ 30.936574, -17.911892 ], [ 30.925863, -17.916951 ], [ 30.9458, -17.91828 ], [ 30.960277, -17.92722 ], [ 30.96566, -17.920815 ], [ 30.971775, -17.926184 ], [ 30.979671, -17.92764 ], [ 30.985226, -17.919295 ], [ 30.99095, -17.922456 ], [ 30.992216, -17.919726 ], [ 30.997799, -17.919895 ], [ 31.005691, -17.932172 ], [ 31.032002, -17.921325 ], [ 31.028558, -17.90716 ], [ 31.063918, -17.899501 ], [ 31.064019, -17.900409 ], [ 31.107715, -17.888559 ], [ 31.117004, -17.891937 ], [ 31.120656, -17.888255 ], [ 31.125008, -17.888041 ], [ 31.117644, -17.882014 ], [ 31.120141, -17.873644 ], [ 31.124443, -17.871763 ], [ 31.130328, -17.86535 ], [ 31.197472, -17.882685 ], [ 31.203056, -17.886325 ] ] ] } },
{ "type": "Feature", "properties": { "admin_name": "Harare Rural", "tiles": 65.0, "tests": 212.0, "devices": 92.0, "pop_weight": 168720.29777018228, "area_km2": 21.998497369836873, "d_mean_tile": 36.243553846153844, "d_median_tile": 13.355, "d_mean_pop": 45.478608767964531, "d_median_pop": 23.454182031903258, "d_p10_pop": 0.73840247750032084, "d_p90_pop": 135.07868471837193, "u_median_pop": 8.2853932582050707, "lat_median_pop": 20.0, "pct_above_bb": 58.064873167666661, "pct_above_hi": 46.471181754382663, "divide_ratio": 182.93368296331758, "pop_total": 388668.46413910249, "pop_covered": 160203.45465087891, "pop_coverage_pct": 41.218536987745651, "level": "ADM2" }, "geometry": { "type": "Polygon", "coordinates": [ [ [ 31.05611, -17.979294 ], [ 31.056401, -17.978075 ], [ 31.059245, -17.978302 ], [ 31.064928, -17.980096 ], [ 31.068003, -17.983351 ], [ 31.083809, -17.983756 ], [ 31.103217, -17.986676 ], [ 31.113525, -17.994466 ], [ 31.115622, -17.991522 ], [ 31.111795, -17.986511 ], [ 31.127337, -17.962848 ], [ 31.141632, -17.959016 ], [ 31.133946, -17.950508 ], [ 31.137323, -17.949797 ], [ 31.135019, -17.947046 ], [ 31.136322, -17.946314 ], [ 31.136124, -17.928884 ], [ 31.142914, -17.902181 ], [ 31.125008, -17.888041 ], [ 31.120656, -17.888255 ], [ 31.117004, -17.891937 ], [ 31.107715, -17.888559 ], [ 31.064019, -17.900409 ], [ 31.063918, -17.899501 ], [ 31.028558, -17.90716 ], [ 31.032002, -17.921325 ], [ 31.005691, -17.932172 ], [ 30.997799, -17.919895 ], [ 30.992216, -17.919726 ], [ 30.99095, -17.922456 ], [ 30.985226, -17.919295 ], [ 30.979671, -17.92764 ], [ 30.971775, -17.926184 ], [ 30.96566, -17.920815 ], [ 30.960277, -17.92722 ], [ 30.9458, -17.91828 ], [ 30.925863, -17.916951 ], [ 30.88687, -17.936407 ], [ 30.894512, -17.94903 ], [ 30.901735, -17.957407 ], [ 30.908239, -17.955245 ], [ 30.909005, -17.956245 ], [ 30.904276, -17.961651 ], [ 30.905543, -17.964145 ], [ 30.907616, -17.964167 ], [ 30.911555, -17.959745 ], [ 30.922175, -17.960107 ], [ 30.936581, -17.96919 ], [ 30.941738, -17.971478 ], [ 30.947183, -17.971287 ], [ 30.947658, -17.975013 ], [ 30.950998, -17.977529 ], [ 30.960321, -17.978123 ], [ 30.960543, -17.98135 ], [ 30.967785, -17.982666 ], [ 30.971105, -17.978276 ], [ 30.973956, -17.978305 ], [ 30.980324, -17.988046 ], [ 30.982907, -17.988817 ], [ 30.987358, -17.984894 ], [ 30.988628, -17.98714 ], [ 30.988065, -17.991103 ], [ 30.994989, -17.997624 ], [ 30.999655, -17.997672 ], [ 30.999959, -17.999413 ], [ 31.004574, -17.999613 ], [ 31.0072, -17.997947 ], [ 31.009498, -18.000599 ], [ 31.016776, -18.003391 ], [ 31.020636, -18.002537 ], [ 31.020846, -17.996258 ], [ 31.024873, -17.987483 ], [ 31.029622, -17.987338 ], [ 31.032204, -17.98477 ], [ 31.039559, -17.984924 ], [ 31.046683, -17.981089 ], [ 31.049868, -17.981487 ], [ 31.05251, -17.979132 ], [ 31.05611, -17.979294 ] ] ] } },
{ "type": "Feature", "properties": { "admin_name": "Hurungwe", "tiles": 28.0, "tests": 126.0, "devices": 34.0, "pop_weight": 11794.612699985504, "area_km2": 9.6273520242636028, "d_mean_tile": 18.164357142857138, "d_median_tile": 7.4835, "d_mean_pop": 22.33759523299107, "d_median_pop": 18.209247966139621, "d_p10_pop": 7.9977596989126267, "d_p90_pop": 42.943863148529218, "u_median_pop": 8.9477040791906024, "lat_median_pop": 38.140235890319701, "pct_above_bb": 85.49964606114176, "pct_above_hi": 44.509936902017508, "divide_ratio": 5.369486551886256, "pop_total": 432969.57287730096, "pop_covered": 4397.5987839698792, "pop_coverage_pct": 1.0156831009499396, "level": "ADM2" }, "geometry": { "type": "Polygon", "coordinates": [ [ [ 29.332351, -17.430431 ], [ 29.348623, -17.433648 ], [ 29.350872, -17.431331 ], [ 29.349498, -17.426848 ], [ 29.350712, -17.423449 ], [ 29.358492, -17.421141 ], [ 29.362893, -17.425543 ], [ 29.368508, -17.4263 ], [ 29.374041, -17.424153 ], [ 29.377577, -17.427643 ], [ 29.383711, -17.42815 ], [ 29.385098, -17.425165 ], [ 29.384325, -17.422428 ], [ 29.386745, -17.421105 ], [ 29.384592, -17.416621 ], [ 29.385548, -17.413139 ], [ 29.391176, -17.404853 ], [ 29.398609, -17.402292 ], [ 29.397663, -17.399304 ], [ 29.395589, -17.399384 ], [ 29.393003, -17.395813 ], [ 29.393697, -17.39374 ], [ 29.397762, -17.391423 ], [ 29.405959, -17.397078 ], [ 29.40933, -17.397083 ], [ 29.413131, -17.396757 ], [ 29.419052, -17.393448 ], [ 29.420007, -17.389548 ], [ 29.417249, -17.384982 ], [ 29.421309, -17.385238 ], [ 29.42252, -17.383912 ], [ 29.419504, -17.379013 ], [ 29.420807, -17.372627 ], [ 29.42297, -17.37064 ], [ 29.433844, -17.377043 ], [ 29.441866, -17.386096 ], [ 29.447565, -17.387265 ], [ 29.449894, -17.38959 ], [ 29.454476, -17.387773 ], [ 29.460778, -17.388194 ], [ 29.464059, -17.389857 ], [ 29.463969, -17.393343 ], [ 29.469928, -17.394013 ], [ 29.472863, -17.396671 ], [ 29.474246, -17.39493 ], [ 29.472694, -17.392607 ], [ 29.47425, -17.391944 ], [ 29.476926, -17.393772 ], [ 29.480123, -17.393444 ], [ 29.483573, -17.397015 ], [ 29.483922, -17.394942 ], [ 29.480642, -17.393362 ], [ 29.480039, -17.391536 ], [ 29.483924, -17.392702 ], [ 29.484445, -17.390546 ], [ 29.481941, -17.390044 ], [ 29.481509, -17.388137 ], [ 29.487386, -17.386567 ], [ 29.490665, -17.388644 ], [ 29.492134, -17.387817 ], [ 29.491014, -17.385825 ], [ 29.492396, -17.385827 ], [ 29.502672, -17.3896 ], [ 29.502495, -17.38779 ], [ 29.499661, -17.385989 ], [ 29.499283, -17.380492 ], [ 29.504458, -17.385976 ], [ 29.504273, -17.382108 ], [ 29.505552, -17.380706 ], [ 29.50408, -17.376349 ], [ 29.506556, -17.374203 ], [ 29.510075, -17.375591 ], [ 29.508604, -17.372057 ], [ 29.510996, -17.369755 ], [ 29.513565, -17.369911 ], [ 29.516146, -17.37262 ], [ 29.516476, -17.368834 ], [ 29.52076, -17.368986 ], [ 29.521605, -17.365937 ], [ 29.5247, -17.368811 ], [ 29.525639, -17.367655 ], [ 29.524681, -17.363708 ], [ 29.527606, -17.367403 ], [ 29.529388, -17.36246 ], [ 29.52665, -17.363208 ], [ 29.526041, -17.360824 ], [ 29.530149, -17.359988 ], [ 29.532874, -17.355702 ], [ 29.53609, -17.354441 ], [ 29.541364, -17.358064 ], [ 29.545337, -17.363246 ], [ 29.547095, -17.360389 ], [ 29.549321, -17.359723 ], [ 29.549825, -17.357089 ], [ 29.551883, -17.357593 ], [ 29.551526, -17.354301 ], [ 29.556661, -17.352804 ], [ 29.566088, -17.353928 ], [ 29.566767, -17.35261 ], [ 29.565041, -17.349323 ], [ 29.567263, -17.348 ], [ 29.566908, -17.344709 ], [ 29.577679, -17.339246 ], [ 29.585831, -17.322269 ], [ 29.587729, -17.325226 ], [ 29.589094, -17.324234 ], [ 29.590727, -17.326038 ], [ 29.593638, -17.325699 ], [ 29.593306, -17.328333 ], [ 29.596224, -17.32997 ], [ 29.601504, -17.323042 ], [ 29.605956, -17.322533 ], [ 29.606116, -17.319734 ], [ 29.609201, -17.319889 ], [ 29.609185, -17.316434 ], [ 29.614995, -17.312959 ], [ 29.613101, -17.310824 ], [ 29.61703, -17.308345 ], [ 29.620292, -17.309979 ], [ 29.624053, -17.30832 ], [ 29.625068, -17.30519 ], [ 29.627118, -17.304195 ], [ 29.627448, -17.301231 ], [ 29.630015, -17.300894 ], [ 29.630008, -17.298919 ], [ 29.632066, -17.299736 ], [ 29.63308, -17.296442 ], [ 29.635994, -17.297418 ], [ 29.641462, -17.294437 ], [ 29.645245, -17.297552 ], [ 29.649862, -17.296055 ], [ 29.655516, -17.296692 ], [ 29.657219, -17.294548 ], [ 29.661507, -17.295519 ], [ 29.665098, -17.294355 ], [ 29.669019, -17.290721 ], [ 29.684232, -17.284413 ], [ 29.686975, -17.284732 ], [ 29.685964, -17.28852 ], [ 29.691455, -17.290639 ], [ 29.690413, -17.287844 ], [ 29.693147, -17.286355 ], [ 29.692279, -17.284055 ], [ 29.693644, -17.282897 ], [ 29.698968, -17.286004 ], [ 29.698781, -17.282878 ], [ 29.702378, -17.2827 ], [ 29.700814, -17.278263 ], [ 29.704246, -17.27973 ], [ 29.705948, -17.27742 ], [ 29.70767, -17.279552 ], [ 29.709038, -17.279054 ], [ 29.707485, -17.276426 ], [ 29.708158, -17.274286 ], [ 29.706789, -17.274456 ], [ 29.705406, -17.271499 ], [ 29.702842, -17.272167 ], [ 29.700246, -17.266251 ], [ 29.69168, -17.26546 ], [ 29.692349, -17.262168 ], [ 29.689237, -17.255761 ], [ 29.688697, -17.250003 ], [ 29.686887, -17.248897 ], [ 29.686769, -17.245954 ], [ 29.690534, -17.243126 ], [ 29.684648, -17.24075 ], [ 29.687236, -17.237017 ], [ 29.68229, -17.234528 ], [ 29.681464, -17.230343 ], [ 29.677932, -17.227626 ], [ 29.676637, -17.224233 ], [ 29.673812, -17.225591 ], [ 29.673694, -17.221065 ], [ 29.667926, -17.22084 ], [ 29.665689, -17.219257 ], [ 29.666394, -17.21722 ], [ 29.66157, -17.216316 ], [ 29.664042, -17.215748 ], [ 29.661804, -17.213147 ], [ 29.665922, -17.210206 ], [ 29.668277, -17.214617 ], [ 29.671689, -17.209866 ], [ 29.670863, -17.206925 ], [ 29.673335, -17.206585 ], [ 29.675216, -17.203189 ], [ 29.676982, -17.203077 ], [ 29.67863, -17.205113 ], [ 29.678393, -17.203189 ], [ 29.680867, -17.206244 ], [ 29.683337, -17.20285 ], [ 29.687221, -17.2007 ], [ 29.688868, -17.201265 ], [ 29.692044, -17.198663 ], [ 29.70087, -17.19753 ], [ 29.701929, -17.200811 ], [ 29.708164, -17.19572 ], [ 29.711697, -17.196964 ], [ 29.715343, -17.195152 ], [ 29.717697, -17.197866 ], [ 29.719816, -17.197978 ], [ 29.724699, -17.195829 ], [ 29.729284, -17.189717 ], [ 29.730104, -17.183609 ], [ 29.732693, -17.180893 ], [ 29.735281, -17.180327 ], [ 29.73881, -17.181795 ], [ 29.742339, -17.17874 ], [ 29.745751, -17.179871 ], [ 29.749545, -17.176908 ], [ 29.757659, -17.178986 ], [ 29.76722, -17.174011 ], [ 29.769442, -17.1661 ], [ 29.800379, -17.178085 ], [ 29.85601, -17.128761 ], [ 29.836335, -17.101329 ], [ 29.881154, -17.068658 ], [ 29.885256, -17.082876 ], [ 29.899188, -17.104069 ], [ 29.905057, -17.106512 ], [ 29.907349, -17.105528 ], [ 29.907609, -17.108225 ], [ 29.912968, -17.110914 ], [ 29.918695, -17.106001 ], [ 29.923158, -17.105995 ], [ 29.928388, -17.10807 ], [ 29.93017, -17.105984 ], [ 29.935011, -17.104504 ], [ 29.94203, -17.10854 ], [ 29.944322, -17.107554 ], [ 29.948635, -17.097003 ], [ 29.948503, -17.094182 ], [ 29.945955, -17.095168 ], [ 29.945058, -17.093085 ], [ 29.947731, -17.090872 ], [ 29.953473, -17.093928 ], [ 29.954739, -17.090124 ], [ 29.953326, -17.084856 ], [ 29.951924, -17.08449 ], [ 29.95369, -17.075292 ], [ 29.952792, -17.072841 ], [ 29.957633, -17.071116 ], [ 29.958659, -17.074914 ], [ 29.96197, -17.07307 ], [ 29.960047, -17.068047 ], [ 29.952893, -17.059599 ], [ 29.953652, -17.0569 ], [ 29.95773, -17.057138 ], [ 29.958485, -17.052354 ], [ 29.961794, -17.050141 ], [ 29.960255, -17.045117 ], [ 29.956421, -17.040096 ], [ 29.956412, -17.035314 ], [ 29.960362, -17.035309 ], [ 29.962271, -17.033834 ], [ 29.962264, -17.030157 ], [ 29.968674, -17.022219 ], [ 29.967265, -17.01879 ], [ 29.971333, -17.01449 ], [ 29.968768, -17.005912 ], [ 29.974677, -16.999407 ], [ 29.97304, -16.990887 ], [ 29.976784, -16.98834 ], [ 29.975875, -16.983684 ], [ 29.979987, -16.978679 ], [ 29.977797, -16.978063 ], [ 29.977616, -16.976216 ], [ 29.981358, -16.974902 ], [ 29.983184, -16.972619 ], [ 29.983278, -16.97007 ], [ 29.980815, -16.969805 ], [ 29.980542, -16.968136 ], [ 29.981455, -16.966996 ], [ 29.985015, -16.967261 ], [ 29.984563, -16.959968 ], [ 29.99032, -16.950922 ], [ 29.984939, -16.945559 ], [ 29.97609, -16.94196 ], [ 29.984399, -16.933971 ], [ 29.977469, -16.928255 ], [ 29.979306, -16.914548 ], [ 29.9846, -16.910598 ], [ 29.981775, -16.90594 ], [ 29.985246, -16.900584 ], [ 29.983337, -16.89206 ], [ 29.991188, -16.886794 ], [ 29.992101, -16.884774 ], [ 29.983532, -16.878267 ], [ 29.981346, -16.872736 ], [ 29.9964, -16.871431 ], [ 29.996675, -16.869324 ], [ 29.993393, -16.866949 ], [ 30.000709, -16.865976 ], [ 30.001611, -16.861993 ], [ 30.000125, -16.858531 ], [ 30.001762, -16.856214 ], [ 30.010706, -16.855672 ], [ 30.007375, -16.84786 ], [ 30.01254, -16.849098 ], [ 30.015301, -16.8459 ], [ 30.023598, -16.845982 ], [ 30.023503, -16.843229 ], [ 30.019351, -16.840479 ], [ 30.020449, -16.835593 ], [ 30.027361, -16.833812 ], [ 30.034729, -16.82821 ], [ 30.031313, -16.824484 ], [ 30.025778, -16.822712 ], [ 30.024664, -16.817394 ], [ 30.032586, -16.812413 ], [ 30.029444, -16.807622 ], [ 30.029255, -16.804336 ], [ 30.032555, -16.791811 ], [ 30.032357, -16.782931 ], [ 30.030413, -16.776807 ], [ 30.032895, -16.772983 ], [ 30.028008, -16.770946 ], [ 30.027443, -16.762866 ], [ 30.021637, -16.763584 ], [ 30.020899, -16.762429 ], [ 30.020144, -16.750175 ], [ 30.016642, -16.749735 ], [ 30.015944, -16.746446 ], [ 30.010202, -16.743179 ], [ 30.014061, -16.739097 ], [ 30.011802, -16.731656 ], [ 30.013873, -16.728028 ], [ 30.011049, -16.724489 ], [ 30.005024, -16.707793 ], [ 30.004459, -16.705071 ], [ 30.007473, -16.700443 ], [ 30.007095, -16.69872 ], [ 30.00333, -16.697721 ], [ 29.998245, -16.703623 ], [ 29.994649, -16.704472 ], [ 29.993829, -16.696336 ], [ 29.984869, -16.684504 ], [ 29.986209, -16.681824 ], [ 29.985181, -16.677851 ], [ 29.97756, -16.672477 ], [ 29.973029, -16.667009 ], [ 29.976636, -16.664132 ], [ 29.976329, -16.657278 ], [ 29.967475, -16.649617 ], [ 29.967684, -16.644752 ], [ 29.971188, -16.642471 ], [ 29.97624, -16.63324 ], [ 29.975317, -16.62728 ], [ 29.978921, -16.62619 ], [ 29.977172, -16.623614 ], [ 29.979234, -16.61885 ], [ 29.973574, -16.611691 ], [ 29.972136, -16.606623 ], [ 29.979965, -16.60117 ], [ 29.979658, -16.598685 ], [ 29.973791, -16.592023 ], [ 29.97719, -16.591531 ], [ 29.983682, -16.585281 ], [ 29.980491, -16.58041 ], [ 29.979362, -16.575144 ], [ 29.97937, -16.561832 ], [ 29.98277, -16.556475 ], [ 29.99101, -16.555294 ], [ 29.994306, -16.552118 ], [ 29.992662, -16.546554 ], [ 29.986072, -16.546853 ], [ 29.983911, -16.544764 ], [ 29.984016, -16.541587 ], [ 29.988445, -16.537619 ], [ 29.991125, -16.532656 ], [ 29.990921, -16.528683 ], [ 29.983097, -16.526983 ], [ 29.973526, -16.521605 ], [ 29.973115, -16.520215 ], [ 29.973527, -16.518428 ], [ 29.979293, -16.51913 ], [ 29.981565, -16.507511 ], [ 29.985788, -16.504041 ], [ 29.98908, -16.506529 ], [ 29.993509, -16.504448 ], [ 29.994335, -16.500377 ], [ 29.991762, -16.498088 ], [ 29.99234, -16.492741 ], [ 29.998397, -16.495967 ], [ 30.002758, -16.493876 ], [ 30.002962, -16.490546 ], [ 29.999015, -16.489356 ], [ 29.997928, -16.487506 ], [ 30.004438, -16.48076 ], [ 30.008534, -16.480745 ], [ 30.008486, -16.466387 ], [ 30.005216, -16.45537 ], [ 30.006926, -16.451412 ], [ 30.01381, -16.447016 ], [ 30.020936, -16.450115 ], [ 30.024163, -16.448229 ], [ 30.019394, -16.440756 ], [ 30.022616, -16.436999 ], [ 30.022395, -16.435335 ], [ 30.013974, -16.431617 ], [ 30.010941, -16.427259 ], [ 30.015025, -16.423499 ], [ 30.015009, -16.418921 ], [ 30.016512, -16.41746 ], [ 30.020825, -16.417445 ], [ 30.025794, -16.420756 ], [ 30.027945, -16.419501 ], [ 30.0322, -16.403282 ], [ 30.029797, -16.394133 ], [ 30.046319, -16.395949 ], [ 30.045881, -16.394078 ], [ 30.0491, -16.390112 ], [ 30.049521, -16.386575 ], [ 30.051229, -16.382613 ], [ 30.04948, -16.375752 ], [ 30.050308, -16.365553 ], [ 30.054603, -16.361793 ], [ 30.054161, -16.358049 ], [ 30.05824, -16.354081 ], [ 30.058425, -16.345549 ], [ 30.065095, -16.343027 ], [ 30.065725, -16.337823 ], [ 30.063552, -16.332837 ], [ 30.074066, -16.320522 ], [ 30.085789, -16.317629 ], [ 30.089056, -16.308511 ], [ 30.091706, -16.307012 ], [ 30.089253, -16.303048 ], [ 30.094103, -16.293438 ], [ 30.090462, -16.289843 ], [ 30.090353, -16.287934 ], [ 30.094878, -16.283532 ], [ 30.095248, -16.274511 ], [ 30.090422, -16.259974 ], [ 30.093184, -16.248817 ], [ 30.090063, -16.228003 ], [ 30.095572, -16.227853 ], [ 30.107846, -16.214175 ], [ 30.112052, -16.21299 ], [ 30.119928, -16.203005 ], [ 30.123288, -16.19243 ], [ 30.127189, -16.188878 ], [ 30.135219, -16.185769 ], [ 30.141486, -16.177335 ], [ 30.138421, -16.167652 ], [ 30.139718, -16.16107 ], [ 30.133678, -16.165586 ], [ 30.130311, -16.162407 ], [ 30.127862, -16.162409 ], [ 30.124502, -16.168476 ], [ 30.128633, -16.17106 ], [ 30.124732, -16.172763 ], [ 30.120525, -16.171953 ], [ 30.113944, -16.167232 ], [ 30.113714, -16.164275 ], [ 30.117845, -16.164864 ], [ 30.118915, -16.163605 ], [ 30.111991, -16.158141 ], [ 30.109844, -16.146903 ], [ 30.10158, -16.137001 ], [ 30.099055, -16.131089 ], [ 30.102724, -16.128277 ], [ 30.098977, -16.127466 ], [ 30.098517, -16.126209 ], [ 30.104176, -16.124727 ], [ 30.100104, -16.121227 ], [ 30.093203, -16.122222 ], [ 30.08746, -16.118436 ], [ 30.085036, -16.113615 ], [ 30.08688, -16.10912 ], [ 30.085829, -16.104712 ], [ 30.081421, -16.104668 ], [ 30.078291, -16.101306 ], [ 30.080857, -16.094138 ], [ 30.078663, -16.093185 ], [ 30.078814, -16.091987 ], [ 30.088053, -16.079558 ], [ 30.089074, -16.074771 ], [ 30.094029, -16.075086 ], [ 30.099013, -16.072871 ], [ 30.097666, -16.070327 ], [ 30.094786, -16.069232 ], [ 30.09426, -16.067096 ], [ 30.095417, -16.062311 ], [ 30.100502, -16.063293 ], [ 30.099848, -16.060225 ], [ 30.10125, -16.058239 ], [ 30.099423, -16.049428 ], [ 30.10785, -16.047114 ], [ 30.11009, -16.044072 ], [ 30.107896, -16.043252 ], [ 30.098643, -16.045424 ], [ 30.09356, -16.044309 ], [ 30.093453, -16.041644 ], [ 30.096096, -16.039404 ], [ 30.092577, -16.03404 ], [ 30.087838, -16.038923 ], [ 30.086655, -16.033981 ], [ 30.082356, -16.036604 ], [ 30.079489, -16.034443 ], [ 30.075087, -16.033867 ], [ 30.072241, -16.029974 ], [ 30.074196, -16.027597 ], [ 30.065019, -16.023507 ], [ 30.063127, -16.020425 ], [ 30.063589, -16.016299 ], [ 30.058906, -16.016253 ], [ 30.061977, -16.012819 ], [ 30.063301, -16.00564 ], [ 30.061153, -16.000821 ], [ 30.057996, -15.999991 ], [ 30.055341, -16.003294 ], [ 30.047357, -16.00308 ], [ 30.046277, -16.001204 ], [ 30.052003, -15.993851 ], [ 30.051546, -15.988289 ], [ 30.151282, -15.918897 ], [ 30.331086, -15.751751 ], [ 30.334519, -15.750298 ], [ 30.313076, -15.716822 ], [ 30.286327, -15.70168 ], [ 30.284744, -15.667547 ], [ 30.285437, -15.644609 ], [ 30.272576, -15.638779 ], [ 30.269492, -15.636212 ], [ 30.263843, -15.625327 ], [ 30.258481, -15.624448 ], [ 30.252977, -15.628761 ], [ 30.24119, -15.645593 ], [ 30.218214, -15.665828 ], [ 30.212284, -15.667402 ], [ 30.209021, -15.664668 ], [ 30.20665, -15.658631 ], [ 30.188564, -15.646398 ], [ 30.184858, -15.640503 ], [ 30.181152, -15.63001 ], [ 30.175668, -15.622245 ], [ 30.164702, -15.616485 ], [ 30.147805, -15.616462 ], [ 30.135723, -15.618169 ], [ 30.112451, -15.62661 ], [ 30.074658, -15.62267 ], [ 30.067988, -15.624094 ], [ 30.052123, -15.631968 ], [ 30.027814, -15.63537 ], [ 30.000668, -15.636595 ], [ 29.984046, -15.641493 ], [ 29.967657, -15.641656 ], [ 29.955474, -15.636787 ], [ 29.946696, -15.627753 ], [ 29.942935, -15.6261 ], [ 29.915664, -15.61974 ], [ 29.906797, -15.619124 ], [ 29.8939, -15.620934 ], [ 29.884945, -15.613459 ], [ 29.881632, -15.612586 ], [ 29.832781, -15.607146 ], [ 29.822212, -15.607218 ], [ 29.807166, -15.609715 ], [ 29.797942, -15.607704 ], [ 29.789344, -15.608039 ], [ 29.782534, -15.611501 ], [ 29.775813, -15.617741 ], [ 29.759777, -15.624052 ], [ 29.749731, -15.626836 ], [ 29.738211, -15.626741 ], [ 29.72865, -15.63183 ], [ 29.719577, -15.634662 ], [ 29.712363, -15.63501 ], [ 29.705384, -15.638404 ], [ 29.693167, -15.638533 ], [ 29.670946, -15.643523 ], [ 29.652684, -15.65347 ], [ 29.636397, -15.66014 ], [ 29.624762, -15.661958 ], [ 29.612249, -15.661971 ], [ 29.60026, -15.659837 ], [ 29.580932, -15.643275 ], [ 29.575345, -15.641813 ], [ 29.557423, -15.641825 ], [ 29.544508, -15.65176 ], [ 29.526823, -15.674104 ], [ 29.507619, -15.683024 ], [ 29.498765, -15.686117 ], [ 29.494311, -15.68396 ], [ 29.480953, -15.685764 ], [ 29.47576, -15.684686 ], [ 29.463885, -15.687927 ], [ 29.436424, -15.686855 ], [ 29.430114, -15.689373 ], [ 29.424918, -15.689373 ], [ 29.416012, -15.695487 ], [ 29.403761, -15.708072 ], [ 29.398936, -15.71059 ], [ 29.390026, -15.711309 ], [ 29.364047, -15.708069 ], [ 29.345113, -15.715977 ], [ 29.333973, -15.726043 ], [ 29.307985, -15.732148 ], [ 29.29424, -15.743649 ], [ 29.268986, -15.755144 ], [ 29.245587, -15.763402 ], [ 29.228139, -15.761951 ], [ 29.214393, -15.768773 ], [ 29.194464, -15.790659 ], [ 29.158041, -15.813281 ], [ 29.130898, -15.833033 ], [ 29.117507, -15.844885 ], [ 29.091844, -15.862835 ], [ 29.064697, -15.878263 ], [ 29.043467, -15.905207 ], [ 29.035624, -15.925335 ], [ 29.028544, -15.934316 ], [ 29.015154, -15.940408 ], [ 28.981713, -15.936037 ], [ 28.975018, -15.938901 ], [ 28.964238, -15.939601 ], [ 28.928562, -15.937733 ], [ 28.913308, -15.943818 ], [ 28.910699, -15.947049 ], [ 28.903214, -15.966456 ], [ 28.889411, -15.984771 ], [ 28.881111, -16.007319 ], [ 28.876442, -16.014832 ], [ 28.871292, -16.021776 ], [ 28.851242, -16.035064 ], [ 28.848899, -16.037959 ], [ 28.8471, -16.047283 ], [ 28.847755, -16.052906 ], [ 28.852167, -16.065504 ], [ 28.853373, -16.078017 ], [ 28.863628, -16.103072 ], [ 28.864481, -16.115933 ], [ 28.863024, -16.123875 ], [ 28.854164, -16.139699 ], [ 28.839931, -16.15328 ], [ 28.836284, -16.162275 ], [ 28.839772, -16.187854 ], [ 28.835618, -16.210415 ], [ 28.839225, -16.224858 ], [ 28.84275, -16.231949 ], [ 28.8557, -16.236305 ], [ 28.857292, -16.240542 ], [ 28.855004, -16.251923 ], [ 28.835702, -16.275355 ], [ 28.831735, -16.288683 ], [ 28.826779, -16.295733 ], [ 28.82297, -16.305916 ], [ 28.823964, -16.312735 ], [ 28.828401, -16.319694 ], [ 28.840552, -16.326057 ], [ 28.84405, -16.332134 ], [ 28.84403, -16.33968 ], [ 28.840493, -16.349233 ], [ 28.842113, -16.353262 ], [ 28.846517, -16.356636 ], [ 28.851092, -16.368184 ], [ 28.850946, -16.372228 ], [ 28.846198, -16.378624 ], [ 28.931499, -16.376262 ], [ 28.997191, -16.373122 ], [ 28.998935, -16.37198 ], [ 29.155304, -16.365629 ], [ 29.214369, -16.459168 ], [ 29.076325, -16.76556 ], [ 29.079354, -16.817656 ], [ 29.124764, -16.945896 ], [ 29.122299, -16.946033 ], [ 29.1191, -16.953575 ], [ 29.117359, -16.953573 ], [ 29.11504, -16.95008 ], [ 29.109813, -16.95259 ], [ 29.108078, -16.947841 ], [ 29.106626, -16.948259 ], [ 29.106767, -16.951473 ], [ 29.099657, -16.953981 ], [ 29.097046, -16.951746 ], [ 29.098503, -16.94602 ], [ 29.090084, -16.948669 ], [ 29.085881, -16.94629 ], [ 29.081527, -16.946706 ], [ 29.07964, -16.947822 ], [ 29.078765, -16.951175 ], [ 29.076878, -16.951452 ], [ 29.075429, -16.950195 ], [ 29.077609, -16.946704 ], [ 29.076888, -16.94335 ], [ 29.074563, -16.946702 ], [ 29.068757, -16.948654 ], [ 29.066872, -16.946975 ], [ 29.069634, -16.942229 ], [ 29.068185, -16.940411 ], [ 29.063683, -16.943619 ], [ 29.058167, -16.945293 ], [ 29.055844, -16.947525 ], [ 29.055983, -16.951437 ], [ 29.053231, -16.948501 ], [ 29.029562, -16.961888 ], [ 29.023319, -16.963559 ], [ 29.019396, -16.967589 ], [ 29.010102, -16.972469 ], [ 29.007489, -16.972326 ], [ 29.006045, -16.967434 ], [ 29.002562, -16.967431 ], [ 28.998856, -16.964963 ], [ 28.993005, -16.970876 ], [ 28.989043, -16.971109 ], [ 28.986703, -16.973701 ], [ 28.98421, -16.969283 ], [ 28.981104, -16.969096 ], [ 28.978006, -16.97056 ], [ 28.977282, -16.974172 ], [ 28.975784, -16.974491 ], [ 28.970818, -16.968852 ], [ 28.968189, -16.976291 ], [ 28.965727, -16.976307 ], [ 28.965963, -16.979604 ], [ 28.964579, -16.980852 ], [ 28.958635, -16.981094 ], [ 28.960686, -16.983557 ], [ 28.959627, -16.985213 ], [ 28.953623, -16.984425 ], [ 28.951776, -16.980724 ], [ 28.950275, -16.980527 ], [ 28.948252, -16.982396 ], [ 28.951178, -16.987431 ], [ 28.947117, -16.988898 ], [ 28.943719, -16.993354 ], [ 28.940288, -16.992962 ], [ 28.939198, -16.990288 ], [ 28.936843, -16.990508 ], [ 28.936208, -16.991646 ], [ 28.938157, -16.994831 ], [ 28.936469, -16.998909 ], [ 28.932097, -16.999614 ], [ 28.928321, -17.002992 ], [ 28.928233, -17.005935 ], [ 28.925265, -17.006456 ], [ 28.925088, -17.009227 ], [ 28.920774, -17.013644 ], [ 28.920238, -17.018666 ], [ 28.918078, -17.020311 ], [ 28.91439, -17.01936 ], [ 28.914123, -17.023517 ], [ 28.908276, -17.02222 ], [ 28.904049, -17.023868 ], [ 28.89802, -17.022312 ], [ 28.896038, -17.019716 ], [ 28.89271, -17.021015 ], [ 28.886322, -17.020239 ], [ 28.883354, -17.022318 ], [ 28.881374, -17.020155 ], [ 28.875977, -17.022753 ], [ 28.873998, -17.021454 ], [ 28.870402, -17.026476 ], [ 28.868871, -17.024658 ], [ 28.862756, -17.027864 ], [ 28.862126, -17.029928 ], [ 28.854392, -17.036338 ], [ 28.855653, -17.042569 ], [ 28.859614, -17.045687 ], [ 28.869153, -17.04932 ], [ 28.873118, -17.059966 ], [ 28.886601, -17.056021 ], [ 28.889629, -17.06153 ], [ 28.897572, -17.06408 ], [ 28.901415, -17.066796 ], [ 28.907709, -17.079699 ], [ 28.912422, -17.082607 ], [ 28.920791, -17.098581 ], [ 28.920989, -17.104338 ], [ 28.924716, -17.11707 ], [ 28.93221, -17.132042 ], [ 28.931497, -17.138883 ], [ 28.936503, -17.151337 ], [ 28.937772, -17.159993 ], [ 28.941827, -17.164146 ], [ 28.947951, -17.165527 ], [ 28.950307, -17.173706 ], [ 28.956087, -17.180718 ], [ 28.961811, -17.20353 ], [ 28.968233, -17.21076 ], [ 28.972811, -17.213031 ], [ 28.977501, -17.221124 ], [ 28.981655, -17.223881 ], [ 28.986551, -17.224898 ], [ 29.000205, -17.223446 ], [ 29.017672, -17.224557 ], [ 29.021632, -17.22762 ], [ 29.027366, -17.236246 ], [ 29.04434, -17.238508 ], [ 29.048796, -17.24007 ], [ 29.057804, -17.248281 ], [ 29.06668, -17.249008 ], [ 29.070319, -17.256299 ], [ 29.070565, -17.268234 ], [ 29.073212, -17.271362 ], [ 29.097503, -17.27115 ], [ 29.100355, -17.269033 ], [ 29.105695, -17.270183 ], [ 29.114942, -17.279221 ], [ 29.116586, -17.284354 ], [ 29.127756, -17.285348 ], [ 29.14807, -17.292219 ], [ 29.162429, -17.299524 ], [ 29.174715, -17.301011 ], [ 29.186086, -17.304843 ], [ 29.202621, -17.30638 ], [ 29.213421, -17.305505 ], [ 29.228387, -17.296585 ], [ 29.232667, -17.296808 ], [ 29.238137, -17.299887 ], [ 29.242179, -17.303422 ], [ 29.251466, -17.317169 ], [ 29.264831, -17.325554 ], [ 29.270864, -17.33121 ], [ 29.272398, -17.340755 ], [ 29.278504, -17.352383 ], [ 29.278321, -17.356862 ], [ 29.276329, -17.360591 ], [ 29.276046, -17.370712 ], [ 29.280169, -17.381257 ], [ 29.294972, -17.390496 ], [ 29.308733, -17.4038 ], [ 29.31521, -17.407401 ], [ 29.319499, -17.412688 ], [ 29.328393, -17.415859 ], [ 29.332351, -17.430431 ] ], [ [ 29.69155, -16.798279 ], [ 29.693693, -16.795978 ], [ 29.696913, -16.7954 ], [ 29.698828, -16.798618 ], [ 29.706972, -16.801497 ], [ 29.706979, -16.804275 ], [ 29.703962, -16.807386 ], [ 29.714551, -16.818805 ], [ 29.714776, -16.839423 ], [ 29.702767, -16.849173 ], [ 29.70204, -16.844127 ], [ 29.697511, -16.837078 ], [ 29.68655, -16.835996 ], [ 29.684918, -16.83277 ], [ 29.677876, -16.83266 ], [ 29.670829, -16.828067 ], [ 29.673091, -16.823696 ], [ 29.671414, -16.819559 ], [ 29.674872, -16.817947 ], [ 29.672839, -16.81473 ], [ 29.672954, -16.81082 ], [ 29.685702, -16.798397 ], [ 29.689166, -16.800349 ], [ 29.69155, -16.798279 ] ] ] } },
{ "type": "Feature", "properties": { "admin_name": "Hwange", "tiles": 24.0, "tests": 118.0, "devices": 37.0, "pop_weight": 1063.964108256856, "area_km2": 8.0930246424846217, "d_mean_tile": 101.08566666666667, "d_median_tile": 89.9545, "d_mean_pop": 134.55128608318191, "d_median_pop": 153.96537022399676, "d_p10_pop": 63.386651336380936, "d_p90_pop": 230.23616117231734, "u_median_pop": 26.680246891255383, "lat_median_pop": 28.774299404219278, "pct_above_bb": 98.580390974723642, "pct_above_hi": 98.580390974723642, "divide_ratio": 3.6322499503956709, "pop_total": 76648.423596748602, "pop_covered": 1063.964108256856, "pop_coverage_pct": 1.3881095765966789, "level": "ADM2" }, "geometry": { "type": "Polygon", "coordinates": [ [ [ 26.923447, -17.97499 ], [ 26.913007, -17.97823 ], [ 26.903858, -17.984356 ], [ 26.895698, -17.987135 ], [ 26.88845, -17.986796 ], [ 26.876345, -17.981295 ], [ 26.872342, -17.983775 ], [ 26.868405, -17.989764 ], [ 26.86147, -17.992155 ], [ 26.830683, -17.990635 ], [ 26.828642, -17.99164 ], [ 26.824865, -17.997783 ], [ 26.830685, -18.007622 ], [ 26.829943, -18.009648 ], [ 26.824636, -18.011731 ], [ 26.804277, -18.00931 ], [ 26.802806, -18.012189 ], [ 26.802686, -18.020298 ], [ 26.799333, -18.022779 ], [ 26.794848, -18.023307 ], [ 26.769216, -18.016494 ], [ 26.747898, -18.018678 ], [ 26.741959, -18.021433 ], [ 26.732727, -18.029868 ], [ 26.719388, -18.045059 ], [ 26.700624, -18.057206 ], [ 26.69445, -18.065309 ], [ 26.697218, -18.07201 ], [ 26.693394, -18.074032 ], [ 26.675562, -18.067657 ], [ 26.652852, -18.053971 ], [ 26.642556, -18.052329 ], [ 26.630847, -18.054511 ], [ 26.610319, -18.052913 ], [ 26.598963, -18.048282 ], [ 26.597199, -18.045072 ], [ 26.601906, -18.037028 ], [ 26.6012, -18.033705 ], [ 26.590849, -18.023616 ], [ 26.574851, -18.015552 ], [ 26.569621, -17.992464 ], [ 26.566917, -17.988802 ], [ 26.560449, -17.98502 ], [ 26.553869, -17.983605 ], [ 26.541283, -17.983754 ], [ 26.512872, -17.988214 ], [ 26.507932, -17.987529 ], [ 26.500875, -17.982989 ], [ 26.48595, -17.980475 ], [ 26.470673, -17.964372 ], [ 26.465102, -17.961326 ], [ 26.458233, -17.962934 ], [ 26.447747, -17.951865 ], [ 26.438199, -17.952683 ], [ 26.42654, -17.949059 ], [ 26.415458, -17.937475 ], [ 26.406527, -17.934591 ], [ 26.379754, -17.93518 ], [ 26.359674, -17.930891 ], [ 26.349498, -17.927302 ], [ 26.343515, -17.927906 ], [ 26.330433, -17.932294 ], [ 26.317362, -17.931848 ], [ 26.309563, -17.934831 ], [ 26.293321, -17.919661 ], [ 26.286173, -17.916667 ], [ 26.267154, -17.915065 ], [ 26.250277, -17.915157 ], [ 26.247777, -17.916242 ], [ 26.226331, -17.896906 ], [ 26.227099, -17.888921 ], [ 26.218511, -17.880658 ], [ 26.18866, -17.8962 ], [ 26.175174, -17.905921 ], [ 26.167794, -17.906387 ], [ 26.161322, -17.908748 ], [ 26.152752, -17.916798 ], [ 26.148256, -17.91713 ], [ 26.14241, -17.91409 ], [ 26.136143, -17.920269 ], [ 26.126352, -17.916817 ], [ 26.107962, -17.925474 ], [ 26.102546, -17.923176 ], [ 26.093615, -17.931493 ], [ 26.090007, -17.932071 ], [ 26.088033, -17.935115 ], [ 26.091048, -17.943671 ], [ 26.095261, -17.945561 ], [ 26.104972, -17.944649 ], [ 26.107467, -17.947115 ], [ 26.105151, -17.951231 ], [ 26.096562, -17.958387 ], [ 26.097426, -17.965297 ], [ 26.093392, -17.971966 ], [ 26.093312, -17.977643 ], [ 26.0879, -17.982254 ], [ 26.07501, -17.976666 ], [ 26.068994, -17.979221 ], [ 26.061085, -17.977744 ], [ 26.052059, -17.978488 ], [ 26.044065, -17.970322 ], [ 26.033504, -17.978365 ], [ 26.01243, -17.973237 ], [ 26.004868, -17.976695 ], [ 25.99481, -17.977765 ], [ 25.97648, -17.99795 ], [ 25.969472, -18.001454 ], [ 25.959062, -17.997695 ], [ 25.954228, -18.00043 ], [ 25.94023, -17.995087 ], [ 25.92792, -17.996419 ], [ 25.920504, -17.999503 ], [ 25.916634, -17.999158 ], [ 25.910788, -17.988832 ], [ 25.890559, -17.982673 ], [ 25.883489, -17.983865 ], [ 25.87712, -17.975676 ], [ 25.867602, -17.975802 ], [ 25.865366, -17.974141 ], [ 25.86088, -17.963852 ], [ 25.864329, -17.954137 ], [ 25.863562, -17.95215 ], [ 25.859802, -17.949904 ], [ 25.850044, -17.949187 ], [ 25.847079, -17.943907 ], [ 25.847166, -17.940897 ], [ 25.836758, -17.948233 ], [ 25.83022, -17.959604 ], [ 25.813443, -17.968808 ], [ 25.80997, -17.973727 ], [ 25.809539, -17.925243 ], [ 25.817262, -17.909232 ], [ 25.820302, -17.897713 ], [ 25.820243, -17.890789 ], [ 25.805307, -17.885578 ], [ 25.793108, -17.876647 ], [ 25.790209, -17.860359 ], [ 25.77606, -17.854091 ], [ 25.767094, -17.844561 ], [ 25.759582, -17.842867 ], [ 25.751394, -17.847663 ], [ 25.748878, -17.847554 ], [ 25.73294, -17.839481 ], [ 25.704268, -17.834969 ], [ 25.698944, -17.825471 ], [ 25.699692, -17.814136 ], [ 25.692278, -17.809256 ], [ 25.683807, -17.808384 ], [ 25.669979, -17.812378 ], [ 25.66333, -17.815895 ], [ 25.656457, -17.823777 ], [ 25.643713, -17.8326 ], [ 25.619519, -17.838648 ], [ 25.607696, -17.836939 ], [ 25.595264, -17.840761 ], [ 25.590604, -17.840811 ], [ 25.580302, -17.836168 ], [ 25.568732, -17.837318 ], [ 25.560372, -17.835281 ], [ 25.552634, -17.835571 ], [ 25.529876, -17.856798 ], [ 25.523967, -17.860495 ], [ 25.514814, -17.862467 ], [ 25.499942, -17.858137 ], [ 25.498906, -17.855318 ], [ 25.481074, -17.84695 ], [ 25.457035, -17.839895 ], [ 25.453579, -17.84042 ], [ 25.43559, -17.850856 ], [ 25.432271, -17.85085 ], [ 25.420247, -17.845666 ], [ 25.400055, -17.84934 ], [ 25.396322, -17.848935 ], [ 25.380983, -17.841502 ], [ 25.368969, -17.831413 ], [ 25.355134, -17.837082 ], [ 25.348359, -17.837597 ], [ 25.331515, -17.83041 ], [ 25.310375, -17.823609 ], [ 25.300018, -17.817626 ], [ 25.279317, -17.800492 ], [ 25.263026, -17.790122 ], [ 25.264768, -17.816064 ], [ 25.252825, -17.840669 ], [ 25.248804, -17.846089 ], [ 25.239201, -17.873214 ], [ 25.240545, -17.890039 ], [ 25.242603, -17.897064 ], [ 25.237597, -17.90856 ], [ 25.25247, -17.937338 ], [ 25.259373, -17.944244 ], [ 25.265592, -17.946643 ], [ 25.268624, -17.951551 ], [ 25.282384, -17.986947 ], [ 25.28099, -17.992639 ], [ 25.282084, -18.005465 ], [ 25.288421, -18.022692 ], [ 25.295207, -18.033198 ], [ 25.298633, -18.041951 ], [ 25.316599, -18.062123 ], [ 25.31966, -18.069756 ], [ 25.320089, -18.076477 ], [ 25.333622, -18.079851 ], [ 25.339317, -18.083636 ], [ 25.34846, -18.085885 ], [ 25.362651, -18.091916 ], [ 25.36601, -18.097241 ], [ 25.365849, -18.108852 ], [ 25.368699, -18.113475 ], [ 25.374549, -18.117118 ], [ 25.388529, -18.117129 ], [ 25.394892, -18.120284 ], [ 25.419152, -18.15572 ], [ 25.424706, -18.165305 ], [ 25.425797, -18.174196 ], [ 25.444518, -18.202065 ], [ 25.445096, -18.211794 ], [ 25.447875, -18.217109 ], [ 25.45651, -18.224884 ], [ 25.463083, -18.250015 ], [ 25.461624, -18.257962 ], [ 25.474653, -18.275303 ], [ 25.492391, -18.310248 ], [ 25.50055, -18.315049 ], [ 25.517869, -18.359477 ], [ 25.517989, -18.370073 ], [ 25.521399, -18.379168 ], [ 25.561823, -18.42061 ], [ 25.574954, -18.432266 ], [ 25.582062, -18.445289 ], [ 25.604571, -18.475195 ], [ 25.619432, -18.48528 ], [ 25.642038, -18.491249 ], [ 25.649024, -18.495243 ], [ 25.651557, -18.499364 ], [ 25.653868, -18.512232 ], [ 25.656947, -18.517513 ], [ 25.665768, -18.525648 ], [ 25.669463, -18.537099 ], [ 25.673884, -18.545366 ], [ 25.681717, -18.557824 ], [ 25.691482, -18.569267 ], [ 25.695823, -18.571298 ], [ 25.719747, -18.590615 ], [ 25.733628, -18.592701 ], [ 25.759571, -18.603062 ], [ 25.766185, -18.610537 ], [ 25.775573, -18.615556 ], [ 25.778436, -18.620499 ], [ 25.782955, -18.622978 ], [ 25.787795, -18.633925 ], [ 25.790876, -18.660949 ], [ 25.797305, -18.671845 ], [ 25.79852, -18.677622 ], [ 25.804091, -18.683798 ], [ 25.803435, -18.686376 ], [ 25.7966, -18.690391 ], [ 25.791759, -18.695871 ], [ 25.793546, -18.706078 ], [ 25.79115, -18.717843 ], [ 25.796712, -18.750493 ], [ 25.807165, -18.788709 ], [ 25.819529, -18.80379 ], [ 25.823292, -18.819391 ], [ 25.822234, -18.826208 ], [ 25.826113, -18.834878 ], [ 25.837704, -18.842296 ], [ 25.846639, -18.844423 ], [ 25.855073, -18.852627 ], [ 25.863679, -18.853432 ], [ 25.874336, -18.859208 ], [ 25.894423, -18.876564 ], [ 25.924903, -18.896791 ], [ 25.939115, -18.89876 ], [ 25.944169, -18.901936 ], [ 25.950444, -18.908021 ], [ 25.968163, -18.937686 ], [ 25.971165, -18.949743 ], [ 25.986836, -18.97671 ], [ 25.987227, -18.985909 ], [ 25.996669, -19.025201 ], [ 25.996688, -19.030186 ], [ 25.967943, -19.060618 ], [ 25.962908, -19.08031 ], [ 25.963486, -19.099081 ], [ 25.965963, -19.106576 ], [ 25.969727, -19.112197 ], [ 25.975578, -19.129593 ], [ 25.99526, -19.149086 ], [ 26.042202, -19.207516 ], [ 26.044474, -19.213269 ], [ 26.044428, -19.23599 ], [ 26.056494, -19.249886 ], [ 26.061935, -19.260161 ], [ 26.071659, -19.269008 ], [ 26.077015, -19.296056 ], [ 26.085031, -19.31248 ], [ 26.091182, -19.321571 ], [ 26.098708, -19.345827 ], [ 26.110175, -19.362063 ], [ 26.127251, -19.425362 ], [ 26.1423, -19.4362 ], [ 26.141684, -19.446322 ], [ 26.148186, -19.465058 ], [ 26.149954, -19.482039 ], [ 26.15435, -19.499549 ], [ 26.159065, -19.505467 ], [ 26.160972, -19.519382 ], [ 26.169238, -19.541332 ], [ 26.171498, -19.54364 ], [ 26.184405, -19.548656 ], [ 26.196721, -19.556139 ], [ 26.206693, -19.559794 ], [ 26.215332, -19.560036 ], [ 26.240542, -19.580322 ], [ 26.244817, -19.582232 ], [ 26.249177, -19.582631 ], [ 26.277948, -19.577468 ], [ 26.311993, -19.573575 ], [ 26.325822, -19.591384 ], [ 26.335883, -19.599731 ], [ 26.350221, -19.608713 ], [ 26.357183, -19.611018 ], [ 26.340481, -19.628902 ], [ 26.33351, -19.643771 ], [ 26.329398, -19.648381 ], [ 26.329137, -19.663171 ], [ 26.338872, -19.664521 ], [ 26.350698, -19.672389 ], [ 26.358671, -19.672547 ], [ 26.37705, -19.669679 ], [ 26.386944, -19.666495 ], [ 26.390635, -19.66705 ], [ 26.392481, -19.668956 ], [ 26.396508, -19.681438 ], [ 26.405739, -19.690568 ], [ 26.410439, -19.702172 ], [ 26.415307, -19.723399 ], [ 26.431844, -19.740641 ], [ 26.442087, -19.74645 ], [ 26.452751, -19.749938 ], [ 26.469307, -19.751039 ], [ 26.4814, -19.754207 ], [ 26.492315, -19.755231 ], [ 26.500713, -19.75729 ], [ 26.511442, -19.765173 ], [ 26.525864, -19.765474 ], [ 26.536654, -19.774696 ], [ 26.556883, -19.7821 ], [ 26.572111, -19.793167 ], [ 26.579292, -19.805528 ], [ 26.594453, -19.844172 ], [ 26.616299, -19.875998 ], [ 26.622677, -19.878639 ], [ 26.644321, -19.881311 ], [ 26.663739, -19.887127 ], [ 26.675394, -19.888198 ], [ 26.681229, -19.886369 ], [ 26.696774, -19.886398 ], [ 26.698033, -19.887474 ], [ 26.718675, -19.856744 ], [ 26.744322, -19.769571 ], [ 26.743504, -19.766455 ], [ 26.758328, -19.75246 ], [ 26.778136, -19.698756 ], [ 26.785571, -19.671511 ], [ 26.806173, -19.624814 ], [ 26.808661, -19.606128 ], [ 26.823486, -19.571881 ], [ 26.82349, -19.568766 ], [ 26.848191, -19.503377 ], [ 26.847558, -19.499652 ], [ 26.863862, -19.455802 ], [ 26.863774, -19.452636 ], [ 26.872126, -19.447196 ], [ 26.870464, -19.443148 ], [ 26.871395, -19.440159 ], [ 26.868902, -19.434879 ], [ 26.872431, -19.431014 ], [ 26.87244, -19.425649 ], [ 26.875507, -19.42073 ], [ 26.883675, -19.413618 ], [ 26.88777, -19.402806 ], [ 26.887133, -19.395505 ], [ 26.894283, -19.385938 ], [ 26.895031, -19.381717 ], [ 26.908395, -19.36749 ], [ 26.908398, -19.36441 ], [ 26.924069, -19.348689 ], [ 26.928899, -19.340339 ], [ 26.934456, -19.34061 ], [ 26.939092, -19.336658 ], [ 26.942055, -19.338157 ], [ 26.946411, -19.336931 ], [ 26.949558, -19.338342 ], [ 26.959749, -19.337211 ], [ 26.965311, -19.333875 ], [ 26.977351, -19.336351 ], [ 26.983561, -19.333631 ], [ 26.993289, -19.332321 ], [ 26.99042, -19.329065 ], [ 26.991256, -19.327481 ], [ 26.999997, -19.331735 ], [ 27.008863, -19.332626 ], [ 27.017341, -19.329788 ], [ 27.030513, -19.328625 ], [ 27.061022, -19.322464 ], [ 27.065518, -19.326121 ], [ 27.06754, -19.324574 ], [ 27.067671, -19.322407 ], [ 27.074188, -19.324704 ], [ 27.088337, -19.324961 ], [ 27.098964, -19.321316 ], [ 27.101703, -19.318966 ], [ 27.106529, -19.318413 ], [ 27.109004, -19.319838 ], [ 27.112134, -19.317239 ], [ 27.119305, -19.319535 ], [ 27.126534, -19.3196 ], [ 27.132142, -19.317682 ], [ 27.134554, -19.314712 ], [ 27.141659, -19.316202 ], [ 27.15372, -19.314474 ], [ 27.165323, -19.317943 ], [ 27.180056, -19.317327 ], [ 27.19035, -19.318877 ], [ 27.204627, -19.323397 ], [ 27.211667, -19.319314 ], [ 27.225877, -19.317703 ], [ 27.230766, -19.314235 ], [ 27.234287, -19.313741 ], [ 27.234546, -19.312007 ], [ 27.231286, -19.308914 ], [ 27.233892, -19.301615 ], [ 27.233629, -19.293383 ], [ 27.243267, -19.283477 ], [ 27.242811, -19.281186 ], [ 27.267666, -19.263521 ], [ 27.272635, -19.26214 ], [ 27.278849, -19.262662 ], [ 27.279942, -19.254924 ], [ 27.278698, -19.252892 ], [ 27.280075, -19.250595 ], [ 27.291295, -19.240764 ], [ 27.29745, -19.238116 ], [ 27.299959, -19.23548 ], [ 27.302978, -19.235831 ], [ 27.306241, -19.233432 ], [ 27.306756, -19.236776 ], [ 27.309144, -19.236411 ], [ 27.321825, -19.229444 ], [ 27.32383, -19.226927 ], [ 27.341311, -19.225918 ], [ 27.349495, -19.228045 ], [ 27.353887, -19.225044 ], [ 27.35703, -19.224795 ], [ 27.358382, -19.216307 ], [ 27.374892, -19.224978 ], [ 27.390631, -19.22875 ], [ 27.398413, -19.227409 ], [ 27.40819, -19.219011 ], [ 27.418356, -19.213479 ], [ 27.440234, -19.21149 ], [ 27.449439, -19.216952 ], [ 27.453214, -19.217179 ], [ 27.454965, -19.214902 ], [ 27.453527, -19.202358 ], [ 27.45465, -19.200203 ], [ 27.459919, -19.197315 ], [ 27.459511, -19.19004 ], [ 27.455593, -19.185393 ], [ 27.454945, -19.180854 ], [ 27.456568, -19.177979 ], [ 27.456545, -19.172602 ], [ 27.452594, -19.160188 ], [ 27.449176, -19.154584 ], [ 27.444133, -19.151255 ], [ 27.442855, -19.146479 ], [ 27.445476, -19.141689 ], [ 27.445445, -19.134398 ], [ 27.447568, -19.131045 ], [ 27.445283, -19.125796 ], [ 27.466536, -19.098121 ], [ 27.468296, -19.098084 ], [ 27.283079, -18.955782 ], [ 27.366371, -18.860028 ], [ 27.336323, -18.805573 ], [ 27.242678, -18.782829 ], [ 27.18162, -18.777595 ], [ 27.153395, -18.76115 ], [ 27.157008, -18.731674 ], [ 27.141543, -18.73342 ], [ 27.035995, -18.665854 ], [ 27.074189, -18.598568 ], [ 27.103339, -18.587974 ], [ 27.11387, -18.590095 ], [ 27.118236, -18.58699 ], [ 27.122348, -18.59042 ], [ 27.125772, -18.588947 ], [ 27.12877, -18.59107 ], [ 27.131168, -18.589599 ], [ 27.135877, -18.590414 ], [ 27.136732, -18.585921 ], [ 27.140325, -18.580285 ], [ 27.135181, -18.570976 ], [ 27.135776, -18.563637 ], [ 27.140739, -18.559386 ], [ 27.147843, -18.557423 ], [ 27.148095, -18.547622 ], [ 27.157515, -18.540432 ], [ 27.166571, -18.527604 ], [ 27.176922, -18.521472 ], [ 27.18085, -18.511589 ], [ 27.186326, -18.508645 ], [ 27.192832, -18.510845 ], [ 27.212509, -18.500935 ], [ 27.22188, -18.498978 ], [ 27.235535, -18.483528 ], [ 27.237608, -18.474001 ], [ 27.239081, -18.451639 ], [ 27.252704, -18.442149 ], [ 27.261106, -18.439037 ], [ 27.270397, -18.437572 ], [ 27.277376, -18.433759 ], [ 27.298197, -18.43395 ], [ 27.296177, -18.427773 ], [ 27.29694, -18.424223 ], [ 27.292174, -18.409087 ], [ 27.292118, -18.398825 ], [ 27.294455, -18.391959 ], [ 27.293644, -18.384656 ], [ 27.287703, -18.382869 ], [ 27.27658, -18.382447 ], [ 27.270288, -18.377964 ], [ 27.262222, -18.375456 ], [ 27.269691, -18.362649 ], [ 27.269077, -18.341906 ], [ 27.251094, -18.345964 ], [ 27.246265, -18.349001 ], [ 27.241316, -18.346445 ], [ 27.233416, -18.34988 ], [ 27.217858, -18.350382 ], [ 27.209195, -18.353397 ], [ 27.200351, -18.351631 ], [ 27.193429, -18.343082 ], [ 27.191087, -18.336196 ], [ 27.188604, -18.334308 ], [ 27.170134, -18.327728 ], [ 27.166596, -18.322527 ], [ 27.159426, -18.324302 ], [ 27.156199, -18.322883 ], [ 27.151179, -18.310586 ], [ 27.150313, -18.303574 ], [ 27.147835, -18.299612 ], [ 27.130992, -18.300865 ], [ 27.129516, -18.302991 ], [ 27.126564, -18.301426 ], [ 27.12154, -18.302531 ], [ 27.116878, -18.29931 ], [ 27.117717, -18.284882 ], [ 27.123554, -18.278086 ], [ 27.124469, -18.275028 ], [ 27.120883, -18.262866 ], [ 27.125101, -18.248327 ], [ 27.122066, -18.244886 ], [ 27.11934, -18.234683 ], [ 27.110445, -18.235617 ], [ 27.084134, -18.231574 ], [ 27.074168, -18.23342 ], [ 27.063071, -18.231392 ], [ 27.057102, -18.233742 ], [ 27.052763, -18.2242 ], [ 27.04375, -18.225872 ], [ 27.041914, -18.215211 ], [ 27.019416, -18.218677 ], [ 27.000148, -18.217002 ], [ 26.988168, -18.219449 ], [ 26.984194, -18.213668 ], [ 26.964971, -18.206044 ], [ 26.957636, -18.186294 ], [ 26.97221, -18.169818 ], [ 26.971138, -18.158489 ], [ 26.869027, -18.160537 ], [ 26.864182, -18.149954 ], [ 26.853108, -18.146324 ], [ 26.852727, -18.14071 ], [ 26.862412, -18.1264 ], [ 26.864484, -18.119391 ], [ 26.863566, -18.10575 ], [ 26.867595, -18.09828 ], [ 26.866824, -18.088141 ], [ 26.871007, -18.082621 ], [ 26.887346, -18.07387 ], [ 26.890133, -18.069982 ], [ 26.890165, -18.062808 ], [ 26.887174, -18.05695 ], [ 26.88812, -18.045812 ], [ 26.884069, -18.040339 ], [ 26.891262, -18.035374 ], [ 26.886555, -18.031069 ], [ 26.886526, -18.019062 ], [ 26.881992, -18.012339 ], [ 26.881679, -18.009143 ], [ 26.906477, -18.000732 ], [ 26.912362, -17.996074 ], [ 26.921328, -17.994945 ], [ 26.923619, -17.992691 ], [ 26.924048, -17.987313 ], [ 26.927411, -17.981633 ], [ 26.923447, -17.97499 ] ], [ [ 26.51621, -18.249722 ], [ 26.515035, -18.243529 ], [ 26.555222, -18.202538 ], [ 26.571384, -18.191268 ], [ 26.580922, -18.194828 ], [ 26.588519, -18.194668 ], [ 26.566077, -18.210287 ], [ 26.533646, -18.246316 ], [ 26.532631, -18.261917 ], [ 26.546582, -18.277463 ], [ 26.546004, -18.340454 ], [ 26.545739, -18.343126 ], [ 26.542742, -18.344564 ], [ 26.54658, -18.350942 ], [ 26.546526, -18.356538 ], [ 26.551317, -18.362522 ], [ 26.548336, -18.37015 ], [ 26.547398, -18.376081 ], [ 26.548432, -18.379466 ], [ 26.545372, -18.383639 ], [ 26.54188, -18.403972 ], [ 26.536232, -18.409707 ], [ 26.536654, -18.414072 ], [ 26.533529, -18.418701 ], [ 26.528003, -18.419884 ], [ 26.524667, -18.422819 ], [ 26.522443, -18.432986 ], [ 26.515594, -18.440424 ], [ 26.515472, -18.445832 ], [ 26.508579, -18.450698 ], [ 26.503499, -18.451312 ], [ 26.49936, -18.444496 ], [ 26.48407, -18.446354 ], [ 26.392915, -18.483854 ], [ 26.352652, -18.394709 ], [ 26.384229, -18.371974 ], [ 26.41865, -18.342064 ], [ 26.412426, -18.337658 ], [ 26.423855, -18.326812 ], [ 26.431163, -18.324206 ], [ 26.438882, -18.323806 ], [ 26.441755, -18.321477 ], [ 26.443193, -18.314552 ], [ 26.449283, -18.311916 ], [ 26.452142, -18.314907 ], [ 26.473112, -18.315023 ], [ 26.51621, -18.249722 ] ] ] } },
{ "type": "Feature", "properties": { "admin_name": "Hwange Urban", "tiles": 18.0, "tests": 78.0, "devices": 22.0, "pop_weight": 14445.783784866333, "area_km2": 6.0636304270870802, "d_mean_tile": 62.858111111111107, "d_median_tile": 59.237, "d_mean_pop": 97.19392697908664, "d_median_pop": 101.20115267596202, "d_p10_pop": 18.242868342215942, "d_p90_pop": 157.75454702620414, "u_median_pop": 18.596325845198507, "lat_median_pop": 26.0, "pct_above_bb": 95.870677827606116, "pct_above_hi": 87.32853315718468, "divide_ratio": 8.6474639879488304, "pop_total": 44488.043588850625, "pop_covered": 14445.783784866333, "pop_coverage_pct": 32.471159933152613, "level": "ADM2" }, "geometry": { "type": "Polygon", "coordinates": [ [ [ 26.51621, -18.249722 ], [ 26.473112, -18.315023 ], [ 26.452142, -18.314907 ], [ 26.449283, -18.311916 ], [ 26.443193, -18.314552 ], [ 26.441755, -18.321477 ], [ 26.438882, -18.323806 ], [ 26.431163, -18.324206 ], [ 26.423855, -18.326812 ], [ 26.412426, -18.337658 ], [ 26.41865, -18.342064 ], [ 26.384229, -18.371974 ], [ 26.352652, -18.394709 ], [ 26.392915, -18.483854 ], [ 26.48407, -18.446354 ], [ 26.49936, -18.444496 ], [ 26.503499, -18.451312 ], [ 26.508579, -18.450698 ], [ 26.515472, -18.445832 ], [ 26.515594, -18.440424 ], [ 26.522443, -18.432986 ], [ 26.524667, -18.422819 ], [ 26.528003, -18.419884 ], [ 26.533529, -18.418701 ], [ 26.536654, -18.414072 ], [ 26.536232, -18.409707 ], [ 26.54188, -18.403972 ], [ 26.545372, -18.383639 ], [ 26.548432, -18.379466 ], [ 26.547398, -18.376081 ], [ 26.548336, -18.37015 ], [ 26.551317, -18.362522 ], [ 26.546526, -18.356538 ], [ 26.54658, -18.350942 ], [ 26.542742, -18.344564 ], [ 26.545739, -18.343126 ], [ 26.546004, -18.340454 ], [ 26.546582, -18.277463 ], [ 26.532631, -18.261917 ], [ 26.533646, -18.246316 ], [ 26.566077, -18.210287 ], [ 26.588519, -18.194668 ], [ 26.580922, -18.194828 ], [ 26.571384, -18.191268 ], [ 26.555222, -18.202538 ], [ 26.515035, -18.243529 ], [ 26.51621, -18.249722 ] ] ] } },
{ "type": "Feature", "properties": { "admin_name": "Hwedza", "tiles": 4.0, "tests": 9.0, "devices": 4.0, "pop_weight": 133.34961414337158, "area_km2": 1.3436130984007235, "d_mean_tile": 7.8735, "d_median_tile": 7.7415, "d_mean_pop": 6.6439135673633745, "d_median_pop": 7.3769305991484018, "d_p10_pop": 3.869, "d_p90_pop": 11.110648035162232, "u_median_pop": 2.4930909368795557, "lat_median_pop": 23.613017072970329, "pct_above_bb": 10.638126536248793, "pct_above_hi": 0.0, "divide_ratio": 2.8717105286022826, "pop_total": 83015.763060158017, "pop_covered": 133.34961414337158, "pop_coverage_pct": 0.1606316791266964, "level": "ADM2" }, "geometry": { "type": "Polygon", "coordinates": [ [ [ 31.982807, -19.118116 ], [ 31.982626, -19.112104 ], [ 31.97143, -19.093239 ], [ 31.969707, -19.084648 ], [ 31.971912, -19.0691 ], [ 31.969097, -19.053102 ], [ 31.97649, -19.046116 ], [ 31.977426, -19.042223 ], [ 31.975021, -19.034454 ], [ 31.974312, -19.0227 ], [ 31.975695, -19.010761 ], [ 31.978529, -19.005506 ], [ 31.975311, -18.996082 ], [ 31.975876, -18.970135 ], [ 31.96985, -18.966312 ], [ 31.967277, -18.958969 ], [ 31.956616, -18.948098 ], [ 31.952615, -18.94113 ], [ 31.948279, -18.937967 ], [ 31.951734, -18.924664 ], [ 31.954083, -18.920796 ], [ 31.95164, -18.921195 ], [ 31.946158, -18.912746 ], [ 31.934165, -18.904055 ], [ 31.931893, -18.904296 ], [ 31.929079, -18.90782 ], [ 31.923178, -18.907007 ], [ 31.921036, -18.904996 ], [ 31.917454, -18.891771 ], [ 31.917223, -18.874789 ], [ 31.91394, -18.870627 ], [ 31.912296, -18.8633 ], [ 31.913261, -18.849314 ], [ 31.909344, -18.84372 ], [ 31.906765, -18.8339 ], [ 31.906559, -18.822022 ], [ 31.908491, -18.8191 ], [ 31.908359, -18.815045 ], [ 31.906597, -18.812532 ], [ 31.909147, -18.798231 ], [ 31.908186, -18.793639 ], [ 31.902592, -18.787235 ], [ 31.892167, -18.762554 ], [ 31.888373, -18.758806 ], [ 31.883086, -18.748459 ], [ 31.869063, -18.745608 ], [ 31.858132, -18.748479 ], [ 31.85202, -18.752412 ], [ 31.848249, -18.751699 ], [ 31.841692, -18.746342 ], [ 31.829674, -18.747065 ], [ 31.829674, -18.743565 ], [ 31.833681, -18.735533 ], [ 31.830345, -18.722978 ], [ 31.813289, -18.694756 ], [ 31.795608, -18.676078 ], [ 31.792691, -18.667967 ], [ 31.790105, -18.667251 ], [ 31.787185, -18.669479 ], [ 31.785934, -18.669002 ], [ 31.785687, -18.663128 ], [ 31.781685, -18.658039 ], [ 31.781397, -18.654277 ], [ 31.77381, -18.649257 ], [ 31.772349, -18.646592 ], [ 31.772465, -18.639519 ], [ 31.763207, -18.636013 ], [ 31.756682, -18.622262 ], [ 31.758604, -18.616695 ], [ 31.758272, -18.611686 ], [ 31.75244, -18.605255 ], [ 31.750904, -18.601302 ], [ 31.746219, -18.59859 ], [ 31.746209, -18.593377 ], [ 31.744838, -18.591749 ], [ 31.737832, -18.591112 ], [ 31.733043, -18.588026 ], [ 31.732181, -18.583141 ], [ 31.734222, -18.57841 ], [ 31.715278, -18.581056 ], [ 31.70332, -18.580591 ], [ 31.694939, -18.573599 ], [ 31.685036, -18.576712 ], [ 31.676153, -18.576403 ], [ 31.671531, -18.569731 ], [ 31.661958, -18.564859 ], [ 31.655914, -18.548907 ], [ 31.644555, -18.547865 ], [ 31.638995, -18.539565 ], [ 31.633358, -18.539247 ], [ 31.630877, -18.535179 ], [ 31.626692, -18.535592 ], [ 31.609137, -18.518664 ], [ 31.635117, -18.512035 ], [ 31.621802, -18.480088 ], [ 31.579992, -18.475217 ], [ 31.55659, -18.464689 ], [ 31.553938, -18.431748 ], [ 31.460092, -18.407628 ], [ 31.455894, -18.425929 ], [ 31.478217, -18.449962 ], [ 31.435621, -18.473128 ], [ 31.402978, -18.494658 ], [ 31.400004, -18.49313 ], [ 31.356238, -18.446482 ], [ 31.349463, -18.442265 ], [ 31.347258, -18.45239 ], [ 31.305923, -18.480737 ], [ 31.27613, -18.477361 ], [ 31.255343, -18.47857 ], [ 31.221168, -18.530139 ], [ 31.203322, -18.557477 ], [ 31.20662, -18.592852 ], [ 31.215732, -18.602143 ], [ 31.21934, -18.602636 ], [ 31.228821, -18.607826 ], [ 31.232147, -18.607794 ], [ 31.239859, -18.60322 ], [ 31.242634, -18.603588 ], [ 31.246548, -18.606456 ], [ 31.245632, -18.611356 ], [ 31.246624, -18.613329 ], [ 31.254581, -18.6079 ], [ 31.259524, -18.610319 ], [ 31.266064, -18.609655 ], [ 31.271905, -18.620209 ], [ 31.276847, -18.622084 ], [ 31.283143, -18.628658 ], [ 31.285064, -18.633261 ], [ 31.288573, -18.633152 ], [ 31.289826, -18.636946 ], [ 31.296772, -18.641071 ], [ 31.301325, -18.640777 ], [ 31.307035, -18.644368 ], [ 31.31463, -18.645505 ], [ 31.322496, -18.644381 ], [ 31.324409, -18.647084 ], [ 31.33167, -18.63945 ], [ 31.338254, -18.646382 ], [ 31.345952, -18.648694 ], [ 31.348981, -18.647502 ], [ 31.351451, -18.648349 ], [ 31.354151, -18.656113 ], [ 31.368976, -18.660559 ], [ 31.370531, -18.666698 ], [ 31.374548, -18.672286 ], [ 31.374393, -18.678256 ], [ 31.378423, -18.685831 ], [ 31.379795, -18.69306 ], [ 31.39882, -18.701098 ], [ 31.407939, -18.702497 ], [ 31.413088, -18.706809 ], [ 31.416957, -18.718655 ], [ 31.416434, -18.726255 ], [ 31.427838, -18.728543 ], [ 31.431651, -18.731416 ], [ 31.449125, -18.732947 ], [ 31.454464, -18.736716 ], [ 31.459028, -18.737957 ], [ 31.468135, -18.737362 ], [ 31.467046, -18.745146 ], [ 31.470807, -18.749406 ], [ 31.475339, -18.763693 ], [ 31.478957, -18.768753 ], [ 31.495657, -18.774614 ], [ 31.500031, -18.772528 ], [ 31.503893, -18.7742 ], [ 31.514507, -18.770594 ], [ 31.520639, -18.770787 ], [ 31.518589, -18.776719 ], [ 31.519359, -18.783952 ], [ 31.523145, -18.793805 ], [ 31.528097, -18.79789 ], [ 31.534042, -18.799262 ], [ 31.543095, -18.796751 ], [ 31.54937, -18.792313 ], [ 31.558329, -18.789324 ], [ 31.562392, -18.789622 ], [ 31.574261, -18.795012 ], [ 31.578607, -18.79522 ], [ 31.584243, -18.78277 ], [ 31.592744, -18.777448 ], [ 31.597953, -18.778623 ], [ 31.603403, -18.782241 ], [ 31.608968, -18.781137 ], [ 31.619871, -18.787398 ], [ 31.636153, -18.832183 ], [ 31.642382, -18.840161 ], [ 31.64997, -18.856485 ], [ 31.656587, -18.879488 ], [ 31.668853, -18.906553 ], [ 31.670409, -18.918052 ], [ 31.679565, -18.928998 ], [ 31.681318, -18.941053 ], [ 31.690279, -18.955152 ], [ 31.698267, -18.975926 ], [ 31.701777, -18.980563 ], [ 31.701191, -18.992806 ], [ 31.702749, -18.999667 ], [ 31.706171, -19.000781 ], [ 31.705256, -19.007215 ], [ 31.719975, -19.02477 ], [ 31.722764, -19.024795 ], [ 31.726674, -19.021473 ], [ 31.729381, -19.021837 ], [ 31.738847, -19.027705 ], [ 31.74727, -19.027917 ], [ 31.774254, -19.034702 ], [ 31.784458, -19.047793 ], [ 31.790925, -19.049137 ], [ 31.795117, -19.051931 ], [ 31.797134, -19.059703 ], [ 31.802266, -19.05924 ], [ 31.806375, -19.066555 ], [ 31.81311, -19.071247 ], [ 31.811629, -19.078498 ], [ 31.814689, -19.081911 ], [ 31.820308, -19.085153 ], [ 31.832483, -19.086481 ], [ 31.836214, -19.09585 ], [ 31.839785, -19.099944 ], [ 31.854899, -19.103666 ], [ 31.860725, -19.101688 ], [ 31.878181, -19.113462 ], [ 31.880282, -19.116757 ], [ 31.886277, -19.114747 ], [ 31.892901, -19.117581 ], [ 31.895532, -19.114576 ], [ 31.897686, -19.114523 ], [ 31.910065, -19.122143 ], [ 31.919687, -19.123023 ], [ 31.928522, -19.122153 ], [ 31.940722, -19.115927 ], [ 31.953866, -19.117795 ], [ 31.957574, -19.115737 ], [ 31.963305, -19.115172 ], [ 31.966145, -19.116215 ], [ 31.972191, -19.123297 ], [ 31.982807, -19.118116 ] ] ] } },
{ "type": "Feature", "properties": { "admin_name": "Insiza", "tiles": 28.0, "tests": 163.0, "devices": 51.0, "pop_weight": 7233.8808765411377, "area_km2": 9.1962243976469473, "d_mean_tile": 32.953321428571435, "d_median_tile": 24.8215, "d_mean_pop": 22.648828147647052, "d_median_pop": 21.722191384218835, "d_p10_pop": 10.127057862129043, "d_p90_pop": 37.954951620707661, "u_median_pop": 11.531852042911696, "lat_median_pop": 37.317475079777218, "pct_above_bb": 90.901718978152033, "pct_above_hi": 37.510568566980126, "divide_ratio": 3.7478754577519786, "pop_total": 136015.08648205723, "pop_covered": 7233.8808765411377, "pop_coverage_pct": 5.3184400816415414, "level": "ADM2" }, "geometry": { "type": "Polygon", "coordinates": [ [ [ 28.983322, -19.956797 ], [ 29.014741, -19.974409 ], [ 29.019923, -20.006303 ], [ 29.040167, -20.003015 ], [ 29.056597, -20.101034 ], [ 29.089236, -20.108141 ], [ 29.088704, -20.148473 ], [ 29.15796, -20.191214 ], [ 29.210171, -20.191449 ], [ 29.193832, -20.224888 ], [ 29.187101, -20.266181 ], [ 29.199535, -20.287149 ], [ 29.193636, -20.320136 ], [ 29.231707, -20.378032 ], [ 29.176989, -20.405686 ], [ 29.121752, -20.410994 ], [ 29.121004, -20.421518 ], [ 29.122377, -20.424024 ], [ 29.125928, -20.422719 ], [ 29.129965, -20.424352 ], [ 29.127353, -20.42901 ], [ 29.127949, -20.439938 ], [ 29.1348, -20.45597 ], [ 29.132748, -20.459213 ], [ 29.128176, -20.460187 ], [ 29.127937, -20.471081 ], [ 29.126795, -20.474339 ], [ 29.123638, -20.476703 ], [ 29.127464, -20.482881 ], [ 29.124874, -20.48868 ], [ 29.128342, -20.499039 ], [ 29.126119, -20.49952 ], [ 29.126114, -20.500956 ], [ 29.129845, -20.513613 ], [ 29.126995, -20.525027 ], [ 29.136686, -20.533169 ], [ 29.152967, -20.555711 ], [ 29.158744, -20.557363 ], [ 29.182915, -20.560835 ], [ 29.181042, -20.568546 ], [ 29.182088, -20.594658 ], [ 29.18401, -20.597088 ], [ 29.18599, -20.606254 ], [ 29.185406, -20.613735 ], [ 29.190753, -20.626622 ], [ 29.193837, -20.643435 ], [ 29.197828, -20.652988 ], [ 29.199945, -20.671074 ], [ 29.216087, -20.711687 ], [ 29.222584, -20.722146 ], [ 29.235104, -20.756774 ], [ 29.2389, -20.769783 ], [ 29.240391, -20.784402 ], [ 29.245694, -20.794561 ], [ 29.248521, -20.806523 ], [ 29.257643, -20.817434 ], [ 29.258137, -20.828276 ], [ 29.270234, -20.83792 ], [ 29.26896, -20.844372 ], [ 29.271294, -20.847364 ], [ 29.285303, -20.856077 ], [ 29.289903, -20.870371 ], [ 29.289835, -20.885402 ], [ 29.297552, -20.90316 ], [ 29.301941, -20.906616 ], [ 29.311493, -20.906149 ], [ 29.324772, -20.91086 ], [ 29.337447, -20.923026 ], [ 29.349201, -20.931135 ], [ 29.353382, -20.93805 ], [ 29.356075, -20.944965 ], [ 29.355655, -20.952547 ], [ 29.352617, -20.961329 ], [ 29.347169, -20.967777 ], [ 29.345829, -20.973098 ], [ 29.349937, -21.000661 ], [ 29.346657, -21.007212 ], [ 29.35794, -21.018509 ], [ 29.357294, -21.030744 ], [ 29.43954, -21.056263 ], [ 29.498596, -21.028181 ], [ 29.457783, -21.01558 ], [ 29.481602, -20.999143 ], [ 29.489389, -20.995269 ], [ 29.541429, -20.953385 ], [ 29.585711, -20.925994 ], [ 29.624299, -20.891184 ], [ 29.637527, -20.828533 ], [ 29.650636, -20.755692 ], [ 29.6668, -20.712661 ], [ 29.675369, -20.670485 ], [ 29.663561, -20.655042 ], [ 29.661663, -20.654728 ], [ 29.607882, -20.668183 ], [ 29.596804, -20.650612 ], [ 29.584498, -20.604276 ], [ 29.620303, -20.595186 ], [ 29.605308, -20.575316 ], [ 29.701125, -20.516161 ], [ 29.707742, -20.498769 ], [ 29.713405, -20.473595 ], [ 29.731197, -20.455581 ], [ 29.730888, -20.391526 ], [ 29.756368, -20.334921 ], [ 29.778176, -20.284641 ], [ 29.78743, -20.248711 ], [ 29.79219, -20.239173 ], [ 29.792143, -20.215531 ], [ 29.815963, -20.159153 ], [ 29.840814, -20.105978 ], [ 29.873445, -20.061432 ], [ 29.875599, -20.005699 ], [ 29.809443, -20.000087 ], [ 29.800426, -20.003239 ], [ 29.801413, -19.954088 ], [ 29.798162, -19.952602 ], [ 29.797666, -19.944948 ], [ 29.752793, -19.955068 ], [ 29.710966, -19.972864 ], [ 29.695233, -19.972158 ], [ 29.687352, -19.928863 ], [ 29.680213, -19.905144 ], [ 29.663895, -19.908276 ], [ 29.65406, -19.912213 ], [ 29.618499, -19.932198 ], [ 29.606067, -19.935021 ], [ 29.598462, -19.93421 ], [ 29.582245, -19.918165 ], [ 29.562247, -19.886067 ], [ 29.542903, -19.874862 ], [ 29.531234, -19.870622 ], [ 29.517622, -19.863454 ], [ 29.502404, -19.861365 ], [ 29.472432, -19.847751 ], [ 29.445412, -19.863834 ], [ 29.41385, -19.887084 ], [ 29.403238, -19.842677 ], [ 29.403686, -19.818343 ], [ 29.412759, -19.806843 ], [ 29.415522, -19.7726 ], [ 29.418404, -19.765904 ], [ 29.415995, -19.765174 ], [ 29.416022, -19.763625 ], [ 29.42112, -19.758611 ], [ 29.423394, -19.758348 ], [ 29.423581, -19.756673 ], [ 29.416752, -19.750393 ], [ 29.415293, -19.750475 ], [ 29.415099, -19.752413 ], [ 29.412113, -19.75197 ], [ 29.409488, -19.747847 ], [ 29.413648, -19.74354 ], [ 29.412975, -19.733291 ], [ 29.407501, -19.727205 ], [ 29.406473, -19.722082 ], [ 29.403533, -19.719337 ], [ 29.403583, -19.717102 ], [ 29.406358, -19.714438 ], [ 29.403976, -19.712979 ], [ 29.404132, -19.709502 ], [ 29.400701, -19.703223 ], [ 29.401466, -19.699016 ], [ 29.392156, -19.693649 ], [ 29.389179, -19.693844 ], [ 29.386686, -19.690426 ], [ 29.376883, -19.688209 ], [ 29.370272, -19.677697 ], [ 29.363066, -19.679082 ], [ 29.35969, -19.669031 ], [ 29.359925, -19.662363 ], [ 29.361844, -19.660613 ], [ 29.356711, -19.654875 ], [ 29.358824, -19.6523 ], [ 29.358786, -19.649594 ], [ 29.356303, -19.646766 ], [ 29.356413, -19.644359 ], [ 29.354388, -19.643184 ], [ 29.356761, -19.641351 ], [ 29.348227, -19.631657 ], [ 29.321981, -19.618536 ], [ 29.317388, -19.618474 ], [ 29.316461, -19.617313 ], [ 29.315244, -19.61329 ], [ 29.316675, -19.609195 ], [ 29.312789, -19.603634 ], [ 29.306961, -19.601119 ], [ 29.307581, -19.595269 ], [ 29.29554, -19.583461 ], [ 29.295634, -19.581187 ], [ 29.300704, -19.577006 ], [ 29.301491, -19.574292 ], [ 29.295928, -19.57279 ], [ 29.291981, -19.568684 ], [ 29.285275, -19.567729 ], [ 29.282307, -19.565065 ], [ 29.281487, -19.552244 ], [ 29.279523, -19.545492 ], [ 29.27983, -19.532262 ], [ 29.274806, -19.525997 ], [ 29.271145, -19.524006 ], [ 29.265148, -19.514904 ], [ 29.25795, -19.511966 ], [ 29.25377, -19.50261 ], [ 29.246009, -19.498104 ], [ 29.243704, -19.489973 ], [ 29.239908, -19.484115 ], [ 29.231908, -19.480533 ], [ 29.233795, -19.482403 ], [ 29.215484, -19.5296 ], [ 29.171861, -19.49767 ], [ 29.107254, -19.490315 ], [ 29.102688, -19.491818 ], [ 29.09638, -19.50059 ], [ 29.092111, -19.501509 ], [ 29.09034, -19.506459 ], [ 29.082127, -19.509744 ], [ 29.083472, -19.519297 ], [ 29.094368, -19.53425 ], [ 29.127096, -19.534737 ], [ 29.195085, -19.564659 ], [ 29.115732, -19.601273 ], [ 29.06917, -19.654356 ], [ 29.041663, -19.65728 ], [ 29.102941, -19.709347 ], [ 29.1035, -19.775384 ], [ 29.085816, -19.807209 ], [ 29.097853, -19.814027 ], [ 29.07202, -19.829987 ], [ 29.046581, -19.853188 ], [ 28.955005, -19.82168 ], [ 28.991438, -19.942693 ], [ 28.988829, -19.945318 ], [ 28.983322, -19.956797 ] ] ] } },
{ "type": "Feature", "properties": { "admin_name": "Kadoma Urban", "tiles": 22.0, "tests": 59.0, "devices": 27.0, "pop_weight": 26121.342584609985, "area_km2": 7.4122676754531875, "d_mean_tile": 59.346136363636354, "d_median_tile": 23.1895, "d_mean_pop": 148.92845523939374, "d_median_pop": 26.249520331359669, "d_p10_pop": 1.0277240605433031, "d_p90_pop": 373.749, "u_median_pop": 19.640737455986002, "lat_median_pop": 20.399290120575834, "pct_above_bb": 72.704743729848687, "pct_above_hi": 58.107063735953822, "divide_ratio": 363.66668286662355, "pop_total": 130210.32799480548, "pop_covered": 26121.342584609985, "pop_coverage_pct": 20.060883792299524, "level": "ADM2" }, "geometry": { "type": "Polygon", "coordinates": [ [ [ 29.836241, -18.387053 ], [ 29.844518, -18.381581 ], [ 29.904089, -18.417895 ], [ 29.947242, -18.409974 ], [ 29.96304, -18.387017 ], [ 29.989387, -18.397644 ], [ 29.992532, -18.388447 ], [ 29.999959, -18.378552 ], [ 30.015357, -18.379294 ], [ 30.015015, -18.366655 ], [ 30.002662, -18.365907 ], [ 30.007463, -18.343431 ], [ 30.026925, -18.306593 ], [ 30.013925, -18.300873 ], [ 30.022718, -18.289281 ], [ 30.02198, -18.284577 ], [ 29.999547, -18.258076 ], [ 29.968778, -18.2249 ], [ 29.951381, -18.240282 ], [ 29.982871, -18.272405 ], [ 29.956002, -18.295776 ], [ 29.954939, -18.292857 ], [ 29.922524, -18.26618 ], [ 29.905951, -18.281362 ], [ 29.883919, -18.305811 ], [ 29.837519, -18.3356 ], [ 29.819901, -18.345293 ], [ 29.81859, -18.348301 ], [ 29.815348, -18.348535 ], [ 29.81547, -18.350082 ], [ 29.812797, -18.348324 ], [ 29.811533, -18.350651 ], [ 29.804746, -18.350124 ], [ 29.801975, -18.352348 ], [ 29.787278, -18.355614 ], [ 29.780343, -18.359401 ], [ 29.836241, -18.387053 ] ] ] } },
{ "type": "Feature", "properties": { "admin_name": "Kariba", "tiles": 14.0, "tests": 48.0, "devices": 15.0, "pop_weight": 1762.154956817627, "area_km2": 4.7966060185693626, "d_mean_tile": 45.3245, "d_median_tile": 20.088, "d_mean_pop": 50.71880371236076, "d_median_pop": 12.490687746785799, "d_p10_pop": 6.5875987520818455, "d_p90_pop": 128.54099881723033, "u_median_pop": 3.7266526590670459, "lat_median_pop": 34.649339219774902, "pct_above_bb": 56.272183790915356, "pct_above_hi": 48.507834700253476, "divide_ratio": 19.512572585968169, "pop_total": 58203.095689837108, "pop_covered": 5048.293568611145, "pop_coverage_pct": 8.6735825797194348, "level": "ADM2" }, "geometry": { "type": "Polygon", "coordinates": [ [ [ 28.250369, -17.400964 ], [ 28.253123, -17.402133 ], [ 28.257863, -17.399829 ], [ 28.265002, -17.400954 ], [ 28.279607, -17.394164 ], [ 28.283501, -17.399213 ], [ 28.286356, -17.400336 ], [ 28.29038, -17.399339 ], [ 28.297327, -17.394231 ], [ 28.300182, -17.395663 ], [ 28.301414, -17.399467 ], [ 28.304205, -17.400462 ], [ 28.315224, -17.3978 ], [ 28.319621, -17.39928 ], [ 28.32293, -17.398471 ], [ 28.325009, -17.401151 ], [ 28.327346, -17.401462 ], [ 28.334353, -17.394293 ], [ 28.337729, -17.393545 ], [ 28.338702, -17.395728 ], [ 28.340325, -17.395602 ], [ 28.343612, -17.393194 ], [ 28.348485, -17.38543 ], [ 28.351125, -17.38419 ], [ 28.432724, -17.373012 ], [ 28.437946, -17.371074 ], [ 28.458947, -17.378003 ], [ 28.458848, -17.374709 ], [ 28.456011, -17.370362 ], [ 28.457581, -17.368488 ], [ 28.465726, -17.36561 ], [ 28.466534, -17.367266 ], [ 28.463553, -17.372005 ], [ 28.46868, -17.373372 ], [ 28.473162, -17.378167 ], [ 28.476863, -17.379163 ], [ 28.474402, -17.384268 ], [ 28.480372, -17.383018 ], [ 28.486056, -17.386315 ], [ 28.499208, -17.385946 ], [ 28.503122, -17.390745 ], [ 28.504587, -17.398834 ], [ 28.507721, -17.397897 ], [ 28.508983, -17.400798 ], [ 28.517456, -17.405734 ], [ 28.523035, -17.413 ], [ 28.524549, -17.411047 ], [ 28.527053, -17.413283 ], [ 28.52993, -17.411068 ], [ 28.53463, -17.413771 ], [ 28.540854, -17.413384 ], [ 28.544749, -17.410917 ], [ 28.539546, -17.405811 ], [ 28.538912, -17.401736 ], [ 28.543675, -17.399581 ], [ 28.554482, -17.388907 ], [ 28.561608, -17.375419 ], [ 28.574672, -17.359472 ], [ 28.59011, -17.34391 ], [ 28.592845, -17.336517 ], [ 28.60092, -17.329013 ], [ 28.606732, -17.316011 ], [ 28.613429, -17.312294 ], [ 28.62065, -17.313 ], [ 28.629191, -17.309729 ], [ 28.636918, -17.302523 ], [ 28.638177, -17.300065 ], [ 28.635219, -17.296691 ], [ 28.634961, -17.29167 ], [ 28.631882, -17.287626 ], [ 28.635209, -17.276912 ], [ 28.638269, -17.273333 ], [ 28.63833, -17.266792 ], [ 28.657478, -17.240059 ], [ 28.663276, -17.23689 ], [ 28.663421, -17.234041 ], [ 28.661428, -17.231122 ], [ 28.663986, -17.22861 ], [ 28.664064, -17.224434 ], [ 28.67009, -17.21252 ], [ 28.668372, -17.210331 ], [ 28.671532, -17.200432 ], [ 28.67883, -17.203625 ], [ 28.684735, -17.209062 ], [ 28.689782, -17.208688 ], [ 28.700508, -17.213104 ], [ 28.70253, -17.215961 ], [ 28.703889, -17.215465 ], [ 28.703346, -17.212286 ], [ 28.707759, -17.211233 ], [ 28.708301, -17.216003 ], [ 28.709403, -17.21627 ], [ 28.709684, -17.213621 ], [ 28.712314, -17.215265 ], [ 28.713151, -17.213563 ], [ 28.713203, -17.205203 ], [ 28.710937, -17.20196 ], [ 28.7147, -17.195715 ], [ 28.718194, -17.192993 ], [ 28.722951, -17.192436 ], [ 28.725841, -17.190378 ], [ 28.732663, -17.184045 ], [ 28.734979, -17.178385 ], [ 28.742022, -17.178398 ], [ 28.743548, -17.177077 ], [ 28.749027, -17.167304 ], [ 28.748886, -17.161809 ], [ 28.752911, -17.159431 ], [ 28.756132, -17.15837 ], [ 28.75922, -17.159419 ], [ 28.76598, -17.156615 ], [ 28.770754, -17.163708 ], [ 28.77372, -17.164411 ], [ 28.776961, -17.163653 ], [ 28.779084, -17.157555 ], [ 28.783315, -17.158603 ], [ 28.786889, -17.162505 ], [ 28.79156, -17.156365 ], [ 28.793695, -17.155943 ], [ 28.798297, -17.16035 ], [ 28.801446, -17.157904 ], [ 28.802903, -17.15242 ], [ 28.807944, -17.150082 ], [ 28.810824, -17.150603 ], [ 28.823248, -17.147572 ], [ 28.832071, -17.147396 ], [ 28.833872, -17.150687 ], [ 28.842785, -17.15181 ], [ 28.851384, -17.154839 ], [ 28.854985, -17.153366 ], [ 28.859218, -17.155182 ], [ 28.864976, -17.148861 ], [ 28.872991, -17.152235 ], [ 28.881542, -17.151884 ], [ 28.885325, -17.153874 ], [ 28.890816, -17.151535 ], [ 28.891893, -17.147379 ], [ 28.90044, -17.141055 ], [ 28.909084, -17.141917 ], [ 28.9161, -17.137412 ], [ 28.922572, -17.125384 ], [ 28.922837, -17.119409 ], [ 28.924716, -17.11707 ], [ 28.920989, -17.104338 ], [ 28.920791, -17.098581 ], [ 28.912422, -17.082607 ], [ 28.907709, -17.079699 ], [ 28.901415, -17.066796 ], [ 28.897572, -17.06408 ], [ 28.889629, -17.06153 ], [ 28.886601, -17.056021 ], [ 28.873118, -17.059966 ], [ 28.869153, -17.04932 ], [ 28.859614, -17.045687 ], [ 28.855653, -17.042569 ], [ 28.854392, -17.036338 ], [ 28.862126, -17.029928 ], [ 28.862756, -17.027864 ], [ 28.868871, -17.024658 ], [ 28.870402, -17.026476 ], [ 28.873998, -17.021454 ], [ 28.875977, -17.022753 ], [ 28.881374, -17.020155 ], [ 28.883354, -17.022318 ], [ 28.886322, -17.020239 ], [ 28.89271, -17.021015 ], [ 28.896038, -17.019716 ], [ 28.89802, -17.022312 ], [ 28.904049, -17.023868 ], [ 28.908276, -17.02222 ], [ 28.914123, -17.023517 ], [ 28.91439, -17.01936 ], [ 28.918078, -17.020311 ], [ 28.920238, -17.018666 ], [ 28.920774, -17.013644 ], [ 28.925088, -17.009227 ], [ 28.925265, -17.006456 ], [ 28.928233, -17.005935 ], [ 28.928321, -17.002992 ], [ 28.932097, -16.999614 ], [ 28.936469, -16.998909 ], [ 28.938157, -16.994831 ], [ 28.936208, -16.991646 ], [ 28.936843, -16.990508 ], [ 28.939198, -16.990288 ], [ 28.940288, -16.992962 ], [ 28.943719, -16.993354 ], [ 28.947117, -16.988898 ], [ 28.951178, -16.987431 ], [ 28.948252, -16.982396 ], [ 28.950275, -16.980527 ], [ 28.951776, -16.980724 ], [ 28.953623, -16.984425 ], [ 28.959627, -16.985213 ], [ 28.960686, -16.983557 ], [ 28.958635, -16.981094 ], [ 28.964579, -16.980852 ], [ 28.965963, -16.979604 ], [ 28.965727, -16.976307 ], [ 28.968189, -16.976291 ], [ 28.970818, -16.968852 ], [ 28.975784, -16.974491 ], [ 28.977282, -16.974172 ], [ 28.978006, -16.97056 ], [ 28.981104, -16.969096 ], [ 28.98421, -16.969283 ], [ 28.986703, -16.973701 ], [ 28.989043, -16.971109 ], [ 28.993005, -16.970876 ], [ 28.998856, -16.964963 ], [ 29.002562, -16.967431 ], [ 29.006045, -16.967434 ], [ 29.007489, -16.972326 ], [ 29.010102, -16.972469 ], [ 29.019396, -16.967589 ], [ 29.023319, -16.963559 ], [ 29.029562, -16.961888 ], [ 29.053231, -16.948501 ], [ 29.055983, -16.951437 ], [ 29.055844, -16.947525 ], [ 29.058167, -16.945293 ], [ 29.063683, -16.943619 ], [ 29.068185, -16.940411 ], [ 29.069634, -16.942229 ], [ 29.066872, -16.946975 ], [ 29.068757, -16.948654 ], [ 29.074563, -16.946702 ], [ 29.076888, -16.94335 ], [ 29.077609, -16.946704 ], [ 29.075429, -16.950195 ], [ 29.076878, -16.951452 ], [ 29.078765, -16.951175 ], [ 29.07964, -16.947822 ], [ 29.081527, -16.946706 ], [ 29.085881, -16.94629 ], [ 29.090084, -16.948669 ], [ 29.098503, -16.94602 ], [ 29.097046, -16.951746 ], [ 29.099657, -16.953981 ], [ 29.106767, -16.951473 ], [ 29.106626, -16.948259 ], [ 29.108078, -16.947841 ], [ 29.109813, -16.95259 ], [ 29.11504, -16.95008 ], [ 29.117359, -16.953573 ], [ 29.1191, -16.953575 ], [ 29.122299, -16.946033 ], [ 29.124764, -16.945896 ], [ 29.079354, -16.817656 ], [ 29.076325, -16.76556 ], [ 29.214369, -16.459168 ], [ 29.155304, -16.365629 ], [ 28.998935, -16.37198 ], [ 28.997191, -16.373122 ], [ 28.931499, -16.376262 ], [ 28.846198, -16.378624 ], [ 28.844901, -16.392034 ], [ 28.84006, -16.401506 ], [ 28.839742, -16.40699 ], [ 28.823168, -16.425367 ], [ 28.818064, -16.43682 ], [ 28.817223, -16.446258 ], [ 28.822811, -16.456532 ], [ 28.823918, -16.465146 ], [ 28.815813, -16.48417 ], [ 28.808956, -16.487462 ], [ 28.778433, -16.509771 ], [ 28.800415, -16.509576 ], [ 28.810746, -16.518516 ], [ 28.810814, -16.521848 ], [ 28.813279, -16.519201 ], [ 28.814102, -16.515525 ], [ 28.817838, -16.515876 ], [ 28.834232, -16.509978 ], [ 28.848968, -16.509824 ], [ 28.852699, -16.510618 ], [ 28.854569, -16.515853 ], [ 28.854864, -16.518057 ], [ 28.851943, -16.521862 ], [ 28.868243, -16.52446 ], [ 28.866864, -16.526366 ], [ 28.868022, -16.527831 ], [ 28.866137, -16.52961 ], [ 28.866906, -16.530706 ], [ 28.861852, -16.532622 ], [ 28.861514, -16.534903 ], [ 28.858535, -16.536009 ], [ 28.859117, -16.537071 ], [ 28.857558, -16.536377 ], [ 28.856987, -16.537749 ], [ 28.855996, -16.536799 ], [ 28.854266, -16.537845 ], [ 28.855211, -16.536614 ], [ 28.853882, -16.535426 ], [ 28.856045, -16.534076 ], [ 28.853498, -16.5329 ], [ 28.854432, -16.530553 ], [ 28.853116, -16.531429 ], [ 28.853425, -16.530023 ], [ 28.850717, -16.532793 ], [ 28.847238, -16.52678 ], [ 28.845637, -16.530128 ], [ 28.843698, -16.528814 ], [ 28.843724, -16.530253 ], [ 28.842565, -16.529976 ], [ 28.841977, -16.528206 ], [ 28.843629, -16.526765 ], [ 28.842486, -16.524281 ], [ 28.841306, -16.52832 ], [ 28.840334, -16.52671 ], [ 28.840048, -16.527995 ], [ 28.838487, -16.527241 ], [ 28.839514, -16.52547 ], [ 28.838138, -16.524535 ], [ 28.838325, -16.525888 ], [ 28.836815, -16.525278 ], [ 28.838052, -16.527641 ], [ 28.835958, -16.528379 ], [ 28.836395, -16.529934 ], [ 28.83519, -16.528709 ], [ 28.833174, -16.529806 ], [ 28.833309, -16.528222 ], [ 28.831711, -16.528896 ], [ 28.831214, -16.527509 ], [ 28.830358, -16.531114 ], [ 28.827425, -16.532471 ], [ 28.826622, -16.530331 ], [ 28.824533, -16.530446 ], [ 28.822995, -16.528109 ], [ 28.82111, -16.529573 ], [ 28.821435, -16.531082 ], [ 28.819613, -16.531613 ], [ 28.819935, -16.532893 ], [ 28.817671, -16.534016 ], [ 28.816712, -16.528691 ], [ 28.813817, -16.533366 ], [ 28.806623, -16.536822 ], [ 28.800839, -16.534821 ], [ 28.802245, -16.532231 ], [ 28.799069, -16.533614 ], [ 28.793294, -16.532153 ], [ 28.791643, -16.53291 ], [ 28.791449, -16.530466 ], [ 28.788495, -16.530959 ], [ 28.786423, -16.528411 ], [ 28.783993, -16.531705 ], [ 28.784072, -16.528119 ], [ 28.782101, -16.527512 ], [ 28.781351, -16.529737 ], [ 28.779775, -16.529978 ], [ 28.778873, -16.528295 ], [ 28.776927, -16.533216 ], [ 28.774331, -16.532746 ], [ 28.776789, -16.528601 ], [ 28.775161, -16.530054 ], [ 28.773867, -16.52853 ], [ 28.77164, -16.530635 ], [ 28.770331, -16.528931 ], [ 28.769137, -16.529937 ], [ 28.773359, -16.531994 ], [ 28.773624, -16.535182 ], [ 28.771287, -16.536533 ], [ 28.76793, -16.533671 ], [ 28.76793, -16.532083 ], [ 28.765859, -16.532628 ], [ 28.767376, -16.535433 ], [ 28.76415, -16.537487 ], [ 28.765071, -16.540297 ], [ 28.755357, -16.546627 ], [ 28.754501, -16.542737 ], [ 28.75889, -16.530011 ], [ 28.755102, -16.531698 ], [ 28.759512, -16.528615 ], [ 28.759261, -16.525111 ], [ 28.763385, -16.521994 ], [ 28.761127, -16.521101 ], [ 28.742031, -16.542696 ], [ 28.640027, -16.561944 ], [ 28.502239, -16.620207 ], [ 28.496782, -16.617274 ], [ 28.488809, -16.61702 ], [ 28.482633, -16.621514 ], [ 28.48327, -16.629461 ], [ 28.471364, -16.636379 ], [ 28.467606, -16.640181 ], [ 28.461794, -16.650895 ], [ 28.448451, -16.65694 ], [ 28.445948, -16.662901 ], [ 28.440039, -16.667223 ], [ 28.429556, -16.667658 ], [ 28.425613, -16.665932 ], [ 28.421083, -16.660499 ], [ 28.417318, -16.659204 ], [ 28.41176, -16.654197 ], [ 28.406831, -16.653592 ], [ 28.401365, -16.654111 ], [ 28.394561, -16.657915 ], [ 28.384705, -16.658952 ], [ 28.37691, -16.658521 ], [ 28.366872, -16.653339 ], [ 28.350748, -16.658859 ], [ 28.344297, -16.65929 ], [ 28.330007, -16.663695 ], [ 28.321946, -16.671467 ], [ 28.318991, -16.679588 ], [ 28.314961, -16.684597 ], [ 28.295876, -16.699625 ], [ 28.287096, -16.701868 ], [ 28.273382, -16.698233 ], [ 28.263883, -16.700218 ], [ 28.261732, -16.704708 ], [ 28.263883, -16.713952 ], [ 28.263256, -16.716717 ], [ 28.255908, -16.720772 ], [ 28.2482, -16.720942 ], [ 28.248641, -16.731685 ], [ 28.246848, -16.735094 ], [ 28.238402, -16.7389 ], [ 28.135883, -16.823847 ], [ 28.063376, -16.852934 ], [ 28.013959, -16.87658 ], [ 28.023192, -16.885974 ], [ 28.029842, -16.896178 ], [ 28.02878, -16.925922 ], [ 28.03087, -16.936515 ], [ 28.033075, -16.938665 ], [ 28.033006, -16.948922 ], [ 28.020364, -16.980475 ], [ 28.021222, -16.984753 ], [ 28.02913, -16.997621 ], [ 28.040137, -17.007872 ], [ 28.032537, -17.019151 ], [ 28.047551, -17.02302 ], [ 28.065313, -17.022879 ], [ 28.067749, -17.026328 ], [ 28.063883, -17.031781 ], [ 28.051789, -17.040239 ], [ 28.046947, -17.045315 ], [ 28.046794, -17.049443 ], [ 28.05273, -17.061267 ], [ 28.052306, -17.08438 ], [ 28.047733, -17.090744 ], [ 28.032453, -17.09753 ], [ 28.032109, -17.101743 ], [ 28.046252, -17.111369 ], [ 28.062727, -17.099054 ], [ 28.067312, -17.098757 ], [ 28.070919, -17.101045 ], [ 28.09287, -17.124003 ], [ 28.092552, -17.126384 ], [ 28.08791, -17.130822 ], [ 28.087385, -17.134118 ], [ 28.090504, -17.136361 ], [ 28.091814, -17.144995 ], [ 28.095113, -17.147883 ], [ 28.099128, -17.147476 ], [ 28.108155, -17.139038 ], [ 28.11803, -17.136398 ], [ 28.124242, -17.136699 ], [ 28.134691, -17.139759 ], [ 28.143038, -17.145342 ], [ 28.144672, -17.148453 ], [ 28.143421, -17.154706 ], [ 28.140192, -17.160428 ], [ 28.131037, -17.167614 ], [ 28.136169, -17.18346 ], [ 28.1355, -17.195343 ], [ 28.137985, -17.19974 ], [ 28.14584, -17.20458 ], [ 28.153881, -17.201949 ], [ 28.155964, -17.212865 ], [ 28.152451, -17.218182 ], [ 28.137621, -17.218072 ], [ 28.136007, -17.221407 ], [ 28.138359, -17.228311 ], [ 28.150518, -17.231765 ], [ 28.15003, -17.234144 ], [ 28.143623, -17.24043 ], [ 28.143702, -17.242533 ], [ 28.164066, -17.2496 ], [ 28.164669, -17.254417 ], [ 28.160105, -17.256376 ], [ 28.156611, -17.254375 ], [ 28.154114, -17.25793 ], [ 28.150814, -17.257913 ], [ 28.147532, -17.254923 ], [ 28.14962, -17.250374 ], [ 28.14715, -17.24957 ], [ 28.142181, -17.252715 ], [ 28.142134, -17.260841 ], [ 28.145422, -17.262644 ], [ 28.149963, -17.26227 ], [ 28.153036, -17.265855 ], [ 28.165621, -17.265323 ], [ 28.170558, -17.267728 ], [ 28.171973, -17.272691 ], [ 28.165985, -17.273652 ], [ 28.164511, -17.278995 ], [ 28.165945, -17.28059 ], [ 28.168009, -17.280401 ], [ 28.169644, -17.282987 ], [ 28.172124, -17.282205 ], [ 28.172103, -17.285774 ], [ 28.171464, -17.289339 ], [ 28.16544, -17.296643 ], [ 28.163521, -17.307138 ], [ 28.171767, -17.307974 ], [ 28.173123, -17.323441 ], [ 28.174771, -17.323846 ], [ 28.175826, -17.319888 ], [ 28.17977, -17.315744 ], [ 28.18204, -17.315756 ], [ 28.189626, -17.324119 ], [ 28.197852, -17.329114 ], [ 28.198258, -17.330307 ], [ 28.193273, -17.336031 ], [ 28.193873, -17.339205 ], [ 28.196336, -17.341793 ], [ 28.204587, -17.34223 ], [ 28.209906, -17.350383 ], [ 28.221052, -17.35004 ], [ 28.23382, -17.355056 ], [ 28.240772, -17.366982 ], [ 28.242392, -17.372937 ], [ 28.239233, -17.384419 ], [ 28.239399, -17.391951 ], [ 28.241859, -17.394937 ], [ 28.24266, -17.399698 ], [ 28.248441, -17.399328 ], [ 28.250369, -17.400964 ] ] ] } },
{ "type": "Feature", "properties": { "admin_name": "Kariba Urban", "tiles": 21.0, "tests": 71.0, "devices": 31.0, "pop_weight": 24519.259598731995, "area_km2": 7.2174380963855871, "d_mean_tile": 55.256904761904764, "d_median_tile": 22.919, "d_mean_pop": 32.614982732183812, "d_median_pop": 18.93312503797544, "d_p10_pop": 4.7909893758665003, "d_p90_pop": 58.591526725422447, "u_median_pop": 9.7916028633564451, "lat_median_pop": 38.885334865842431, "pct_above_bb": 83.152127408580711, "pct_above_hi": 44.178590918446659, "divide_ratio": 12.229525496458768, "pop_total": 23316.941638946533, "pop_covered": 21233.120986938477, "pop_coverage_pct": 91.063061853157322, "level": "ADM2" }, "geometry": { "type": "Polygon", "coordinates": [ [ [ 28.778433, -16.509771 ], [ 28.770944, -16.512386 ], [ 28.761127, -16.521101 ], [ 28.763385, -16.521994 ], [ 28.759261, -16.525111 ], [ 28.759512, -16.528615 ], [ 28.755102, -16.531698 ], [ 28.75889, -16.530011 ], [ 28.754501, -16.542737 ], [ 28.755357, -16.546627 ], [ 28.765071, -16.540297 ], [ 28.76415, -16.537487 ], [ 28.767376, -16.535433 ], [ 28.765859, -16.532628 ], [ 28.76793, -16.532083 ], [ 28.76793, -16.533671 ], [ 28.771287, -16.536533 ], [ 28.773624, -16.535182 ], [ 28.773359, -16.531994 ], [ 28.769137, -16.529937 ], [ 28.770331, -16.528931 ], [ 28.77164, -16.530635 ], [ 28.773867, -16.52853 ], [ 28.775161, -16.530054 ], [ 28.776789, -16.528601 ], [ 28.774331, -16.532746 ], [ 28.776927, -16.533216 ], [ 28.778873, -16.528295 ], [ 28.779775, -16.529978 ], [ 28.781351, -16.529737 ], [ 28.782101, -16.527512 ], [ 28.784072, -16.528119 ], [ 28.783993, -16.531705 ], [ 28.786423, -16.528411 ], [ 28.788495, -16.530959 ], [ 28.791449, -16.530466 ], [ 28.791643, -16.53291 ], [ 28.793294, -16.532153 ], [ 28.799069, -16.533614 ], [ 28.802245, -16.532231 ], [ 28.800839, -16.534821 ], [ 28.806623, -16.536822 ], [ 28.813817, -16.533366 ], [ 28.816712, -16.528691 ], [ 28.817671, -16.534016 ], [ 28.819935, -16.532893 ], [ 28.819613, -16.531613 ], [ 28.821435, -16.531082 ], [ 28.82111, -16.529573 ], [ 28.822995, -16.528109 ], [ 28.824533, -16.530446 ], [ 28.826622, -16.530331 ], [ 28.827425, -16.532471 ], [ 28.830358, -16.531114 ], [ 28.831214, -16.527509 ], [ 28.831711, -16.528896 ], [ 28.833309, -16.528222 ], [ 28.833174, -16.529806 ], [ 28.83519, -16.528709 ], [ 28.836395, -16.529934 ], [ 28.835958, -16.528379 ], [ 28.838052, -16.527641 ], [ 28.836815, -16.525278 ], [ 28.838325, -16.525888 ], [ 28.838138, -16.524535 ], [ 28.839514, -16.52547 ], [ 28.838487, -16.527241 ], [ 28.840048, -16.527995 ], [ 28.840334, -16.52671 ], [ 28.841306, -16.52832 ], [ 28.842486, -16.524281 ], [ 28.843629, -16.526765 ], [ 28.841977, -16.528206 ], [ 28.842565, -16.529976 ], [ 28.843724, -16.530253 ], [ 28.843698, -16.528814 ], [ 28.845637, -16.530128 ], [ 28.847238, -16.52678 ], [ 28.850717, -16.532793 ], [ 28.853425, -16.530023 ], [ 28.853116, -16.531429 ], [ 28.854432, -16.530553 ], [ 28.853498, -16.5329 ], [ 28.856045, -16.534076 ], [ 28.853882, -16.535426 ], [ 28.855211, -16.536614 ], [ 28.854266, -16.537845 ], [ 28.855996, -16.536799 ], [ 28.856987, -16.537749 ], [ 28.857558, -16.536377 ], [ 28.859117, -16.537071 ], [ 28.858535, -16.536009 ], [ 28.861514, -16.534903 ], [ 28.861852, -16.532622 ], [ 28.866906, -16.530706 ], [ 28.866137, -16.52961 ], [ 28.868022, -16.527831 ], [ 28.866864, -16.526366 ], [ 28.868243, -16.52446 ], [ 28.851943, -16.521862 ], [ 28.854864, -16.518057 ], [ 28.854569, -16.515853 ], [ 28.852699, -16.510618 ], [ 28.848968, -16.509824 ], [ 28.834232, -16.509978 ], [ 28.817838, -16.515876 ], [ 28.814102, -16.515525 ], [ 28.813279, -16.519201 ], [ 28.810814, -16.521848 ], [ 28.810746, -16.518516 ], [ 28.800415, -16.509576 ], [ 28.778433, -16.509771 ] ] ] } },
{ "type": "Feature", "properties": { "admin_name": "Karoi", "tiles": 8.0, "tests": 18.0, "devices": 9.0, "pop_weight": 16476.844909667969, "area_km2": 2.7409512927795614, "d_mean_tile": 48.790875, "d_median_tile": 28.8505, "d_mean_pop": 47.7133255382873, "d_median_pop": 44.018512717499036, "d_p10_pop": 3.4950860191938871, "d_p90_pop": 174.55650796998228, "u_median_pop": 6.1591120469839131, "lat_median_pop": 104.14320612731485, "pct_above_bb": 68.566515686981077, "pct_above_hi": 68.566515686981077, "divide_ratio": 49.943408262736348, "pop_total": 41021.689933776855, "pop_covered": 23873.858825683594, "pop_coverage_pct": 58.198135825764929, "level": "ADM2" }, "geometry": { "type": "Polygon", "coordinates": [ [ [ 29.69155, -16.798279 ], [ 29.689166, -16.800349 ], [ 29.685702, -16.798397 ], [ 29.672954, -16.81082 ], [ 29.672839, -16.81473 ], [ 29.674872, -16.817947 ], [ 29.671414, -16.819559 ], [ 29.673091, -16.823696 ], [ 29.670829, -16.828067 ], [ 29.677876, -16.83266 ], [ 29.684918, -16.83277 ], [ 29.68655, -16.835996 ], [ 29.697511, -16.837078 ], [ 29.70204, -16.844127 ], [ 29.702767, -16.849173 ], [ 29.714776, -16.839423 ], [ 29.714551, -16.818805 ], [ 29.703962, -16.807386 ], [ 29.706979, -16.804275 ], [ 29.706972, -16.801497 ], [ 29.698828, -16.798618 ], [ 29.696913, -16.7954 ], [ 29.693693, -16.795978 ], [ 29.69155, -16.798279 ] ] ] } },
{ "type": "Feature", "properties": { "admin_name": "Kwekwe", "tiles": 33.0, "tests": 104.0, "devices": 36.0, "pop_weight": 3950.8857371807098, "area_km2": 11.049366823684338, "d_mean_tile": 37.010090909090913, "d_median_tile": 31.538, "d_mean_pop": 34.548010907657691, "d_median_pop": 21.712113498829851, "d_p10_pop": 6.6318621870358667, "d_p90_pop": 78.091254264454307, "u_median_pop": 8.5173561816779664, "lat_median_pop": 25.0, "pct_above_bb": 67.309332491296388, "pct_above_hi": 46.22710982633015, "divide_ratio": 11.77516239965135, "pop_total": 217940.8190816248, "pop_covered": 3840.6838014125824, "pop_coverage_pct": 1.7622599646990136, "level": "ADM2" }, "geometry": { "type": "Polygon", "coordinates": [ [ [ 29.092138, -19.373206 ], [ 29.098825, -19.358232 ], [ 29.131251, -19.319888 ], [ 29.185821, -19.269373 ], [ 29.238416, -19.22394 ], [ 29.364311, -19.151749 ], [ 29.416285, -19.132682 ], [ 29.525543, -19.167604 ], [ 29.552254, -19.167366 ], [ 29.626478, -19.185191 ], [ 29.674331, -19.167847 ], [ 29.729169, -19.142334 ], [ 29.736186, -19.159011 ], [ 29.752476, -19.153559 ], [ 29.755705, -19.181411 ], [ 29.796712, -19.15911 ], [ 29.840919, -19.150408 ], [ 29.861516, -19.148605 ], [ 29.860186, -19.145391 ], [ 29.889987, -19.134871 ], [ 29.925473, -19.108954 ], [ 29.938405, -19.133786 ], [ 30.017857, -19.153123 ], [ 30.01542, -19.093765 ], [ 30.018782, -19.090965 ], [ 30.029915, -19.092395 ], [ 30.029391, -19.097141 ], [ 30.031124, -19.099634 ], [ 30.037735, -19.101727 ], [ 30.043855, -19.101357 ], [ 30.045789, -19.104497 ], [ 30.047742, -19.104096 ], [ 30.049909, -19.098297 ], [ 30.057357, -19.102503 ], [ 30.065416, -19.100431 ], [ 30.070662, -19.100656 ], [ 30.084443, -19.108544 ], [ 30.08829, -19.109173 ], [ 30.090741, -19.111649 ], [ 30.101701, -19.112517 ], [ 30.102891, -19.113129 ], [ 30.103044, -19.11853 ], [ 30.105987, -19.122488 ], [ 30.114868, -19.122831 ], [ 30.130666, -19.131421 ], [ 30.180337, -19.080174 ], [ 30.258806, -19.119484 ], [ 30.259805, -19.113049 ], [ 30.258411, -19.106637 ], [ 30.261062, -19.099058 ], [ 30.261386, -19.091085 ], [ 30.270417, -19.071094 ], [ 30.269496, -19.065885 ], [ 30.271234, -19.062413 ], [ 30.271224, -19.055989 ], [ 30.286617, -19.056544 ], [ 30.290894, -19.048522 ], [ 30.30529, -19.048557 ], [ 30.305927, -19.045339 ], [ 30.311982, -19.046344 ], [ 30.320932, -19.052887 ], [ 30.338639, -19.055294 ], [ 30.34686, -19.064388 ], [ 30.348847, -19.064414 ], [ 30.340602, -19.035113 ], [ 30.348084, -18.954622 ], [ 30.36768, -18.956741 ], [ 30.381536, -18.956448 ], [ 30.382562, -18.901481 ], [ 30.37386, -18.852028 ], [ 30.36619, -18.847788 ], [ 30.35533, -18.847961 ], [ 30.354031, -18.846191 ], [ 30.353411, -18.837464 ], [ 30.347796, -18.837243 ], [ 30.342125, -18.830704 ], [ 30.337506, -18.830119 ], [ 30.32854, -18.824514 ], [ 30.322763, -18.81846 ], [ 30.322757, -18.816982 ], [ 30.326854, -18.81566 ], [ 30.326848, -18.814269 ], [ 30.321538, -18.810297 ], [ 30.319224, -18.803273 ], [ 30.316579, -18.800851 ], [ 30.311792, -18.800815 ], [ 30.302992, -18.796918 ], [ 30.296023, -18.795646 ], [ 30.290119, -18.800435 ], [ 30.2892, -18.804881 ], [ 30.280121, -18.807827 ], [ 30.278094, -18.807023 ], [ 30.274563, -18.809113 ], [ 30.273506, -18.805977 ], [ 30.268237, -18.802809 ], [ 30.267675, -18.799163 ], [ 30.263549, -18.794317 ], [ 30.260221, -18.784975 ], [ 30.25887, -18.784426 ], [ 30.254544, -18.786833 ], [ 30.250846, -18.784005 ], [ 30.246858, -18.783972 ], [ 30.23895, -18.780276 ], [ 30.235799, -18.782919 ], [ 30.229428, -18.780766 ], [ 30.225235, -18.782111 ], [ 30.221876, -18.780995 ], [ 30.214291, -18.768548 ], [ 30.213362, -18.761196 ], [ 30.211531, -18.758107 ], [ 30.206497, -18.752343 ], [ 30.188194, -18.739236 ], [ 30.187023, -18.735575 ], [ 30.181676, -18.730484 ], [ 30.173995, -18.730803 ], [ 30.160801, -18.725393 ], [ 30.150782, -18.725388 ], [ 30.146643, -18.719304 ], [ 30.1402, -18.721353 ], [ 30.132264, -18.718301 ], [ 30.120391, -18.724434 ], [ 30.113212, -18.720771 ], [ 30.10519, -18.72245 ], [ 30.102846, -18.718003 ], [ 30.100477, -18.717038 ], [ 30.071837, -18.722742 ], [ 30.06894, -18.718234 ], [ 30.069808, -18.713382 ], [ 30.06704, -18.709533 ], [ 30.06136, -18.707258 ], [ 30.054283, -18.708723 ], [ 30.052022, -18.706431 ], [ 30.049739, -18.699865 ], [ 30.039718, -18.698088 ], [ 30.034435, -18.699642 ], [ 30.030857, -18.702446 ], [ 30.028558, -18.708923 ], [ 30.018029, -18.71296 ], [ 30.008504, -18.695575 ], [ 30.004872, -18.694329 ], [ 29.993397, -18.696516 ], [ 29.98923, -18.695054 ], [ 29.980938, -18.689715 ], [ 29.976686, -18.680508 ], [ 29.974456, -18.682994 ], [ 29.968559, -18.683585 ], [ 29.954088, -18.692319 ], [ 29.948754, -18.687621 ], [ 29.946629, -18.687295 ], [ 29.940169, -18.6934 ], [ 29.936631, -18.693868 ], [ 29.932948, -18.688935 ], [ 29.931412, -18.68883 ], [ 29.926343, -18.694634 ], [ 29.925624, -18.701573 ], [ 29.923632, -18.703619 ], [ 29.915, -18.702953 ], [ 29.913288, -18.701611 ], [ 29.912519, -18.69647 ], [ 29.909954, -18.694737 ], [ 29.904056, -18.695721 ], [ 29.891247, -18.703093 ], [ 29.889505, -18.695711 ], [ 29.884002, -18.69603 ], [ 29.879606, -18.68975 ], [ 29.870627, -18.687427 ], [ 29.864798, -18.683703 ], [ 29.861371, -18.685428 ], [ 29.858825, -18.6904 ], [ 29.855704, -18.690772 ], [ 29.853884, -18.683105 ], [ 29.850442, -18.677505 ], [ 29.842272, -18.671467 ], [ 29.835316, -18.672846 ], [ 29.833223, -18.679941 ], [ 29.829809, -18.681983 ], [ 29.826383, -18.681211 ], [ 29.814548, -18.673834 ], [ 29.806073, -18.674698 ], [ 29.803742, -18.671915 ], [ 29.799882, -18.661065 ], [ 29.801124, -18.654642 ], [ 29.800132, -18.651073 ], [ 29.793595, -18.646746 ], [ 29.788451, -18.649805 ], [ 29.781083, -18.649235 ], [ 29.781438, -18.645243 ], [ 29.776942, -18.641646 ], [ 29.77592, -18.638722 ], [ 29.777079, -18.630336 ], [ 29.762699, -18.63388 ], [ 29.756933, -18.637839 ], [ 29.750709, -18.645515 ], [ 29.743114, -18.645639 ], [ 29.736039, -18.642885 ], [ 29.734454, -18.629855 ], [ 29.735488, -18.61916 ], [ 29.730544, -18.611123 ], [ 29.720099, -18.610869 ], [ 29.707675, -18.6156 ], [ 29.699518, -18.610503 ], [ 29.696138, -18.610223 ], [ 29.690622, -18.613902 ], [ 29.676533, -18.610289 ], [ 29.669449, -18.605042 ], [ 29.665453, -18.604029 ], [ 29.653409, -18.615156 ], [ 29.648294, -18.616684 ], [ 29.643672, -18.613488 ], [ 29.639758, -18.614664 ], [ 29.635772, -18.612914 ], [ 29.625668, -18.600496 ], [ 29.618153, -18.599342 ], [ 29.61199, -18.591884 ], [ 29.596941, -18.579844 ], [ 29.589032, -18.577513 ], [ 29.581365, -18.577668 ], [ 29.57561, -18.579211 ], [ 29.571305, -18.5847 ], [ 29.556818, -18.581864 ], [ 29.55391, -18.578795 ], [ 29.554003, -18.570238 ], [ 29.547056, -18.554299 ], [ 29.544947, -18.535731 ], [ 29.545037, -18.528708 ], [ 29.552105, -18.521387 ], [ 29.554112, -18.514144 ], [ 29.551405, -18.500092 ], [ 29.553692, -18.488548 ], [ 29.54731, -18.482706 ], [ 29.551531, -18.476872 ], [ 29.545502, -18.454239 ], [ 29.550032, -18.445698 ], [ 29.55895, -18.443519 ], [ 29.560426, -18.432391 ], [ 29.563453, -18.427748 ], [ 29.567437, -18.42688 ], [ 29.567649, -18.424532 ], [ 29.564296, -18.418811 ], [ 29.564418, -18.406073 ], [ 29.576024, -18.379621 ], [ 29.577539, -18.368793 ], [ 29.575236, -18.358643 ], [ 29.571263, -18.355273 ], [ 29.567527, -18.354126 ], [ 29.55845, -18.357785 ], [ 29.553294, -18.355939 ], [ 29.54784, -18.356395 ], [ 29.542803, -18.352415 ], [ 29.537943, -18.342487 ], [ 29.533152, -18.337018 ], [ 29.498973, -18.319648 ], [ 29.48562, -18.305096 ], [ 29.481447, -18.305102 ], [ 29.47136, -18.298791 ], [ 29.464884, -18.299078 ], [ 29.460707, -18.297708 ], [ 29.441793, -18.285197 ], [ 29.428438, -18.284068 ], [ 29.424121, -18.278391 ], [ 29.412681, -18.26868 ], [ 29.409129, -18.274755 ], [ 29.403365, -18.27809 ], [ 29.403862, -18.282643 ], [ 29.399764, -18.285094 ], [ 29.402789, -18.290723 ], [ 29.401141, -18.293455 ], [ 29.398829, -18.294277 ], [ 29.397141, -18.293188 ], [ 29.396653, -18.296951 ], [ 29.390623, -18.300041 ], [ 29.38921, -18.306588 ], [ 29.379105, -18.308249 ], [ 29.382943, -18.317627 ], [ 29.379912, -18.329982 ], [ 29.385857, -18.337239 ], [ 29.384056, -18.343847 ], [ 29.385519, -18.348141 ], [ 29.380333, -18.351774 ], [ 29.380478, -18.35319 ], [ 29.389223, -18.363063 ], [ 29.390286, -18.366006 ], [ 29.388297, -18.37299 ], [ 29.390896, -18.374868 ], [ 29.394236, -18.385915 ], [ 29.404358, -18.397612 ], [ 29.404395, -18.400997 ], [ 29.409724, -18.403458 ], [ 29.405734, -18.410405 ], [ 29.412486, -18.420548 ], [ 29.409144, -18.427733 ], [ 29.414035, -18.432599 ], [ 29.408156, -18.437778 ], [ 29.407532, -18.439941 ], [ 29.414686, -18.445212 ], [ 29.415223, -18.447237 ], [ 29.412089, -18.461627 ], [ 29.414073, -18.466222 ], [ 29.408518, -18.47171 ], [ 29.407849, -18.475537 ], [ 29.404179, -18.476321 ], [ 29.401946, -18.478565 ], [ 29.398013, -18.486184 ], [ 29.397307, -18.49266 ], [ 29.391793, -18.495991 ], [ 29.38411, -18.507546 ], [ 29.384579, -18.511533 ], [ 29.381062, -18.514276 ], [ 29.378736, -18.525977 ], [ 29.38068, -18.528355 ], [ 29.379975, -18.533083 ], [ 29.374671, -18.536174 ], [ 29.37227, -18.535015 ], [ 29.371612, -18.537599 ], [ 29.367736, -18.540975 ], [ 29.368625, -18.551026 ], [ 29.360622, -18.558655 ], [ 29.358098, -18.574645 ], [ 29.353813, -18.576804 ], [ 29.349876, -18.574969 ], [ 29.345633, -18.577517 ], [ 29.345395, -18.586677 ], [ 29.338965, -18.590446 ], [ 29.337176, -18.589966 ], [ 29.334069, -18.594459 ], [ 29.327994, -18.597063 ], [ 29.321969, -18.597524 ], [ 29.314606, -18.594286 ], [ 29.301378, -18.594917 ], [ 29.296363, -18.595617 ], [ 29.286766, -18.60018 ], [ 29.281501, -18.598152 ], [ 29.278541, -18.599526 ], [ 29.264083, -18.598015 ], [ 29.254635, -18.60102 ], [ 29.249508, -18.599566 ], [ 29.233928, -18.605164 ], [ 29.227724, -18.603122 ], [ 29.218029, -18.606078 ], [ 29.206918, -18.60501 ], [ 29.202645, -18.606858 ], [ 29.191767, -18.604562 ], [ 29.12905, -18.612924 ], [ 29.125466, -18.633378 ], [ 29.001866, -18.680533 ], [ 29.000837, -18.679875 ], [ 28.92295, -18.708858 ], [ 28.866923, -18.72333 ], [ 28.907573, -18.883497 ], [ 28.937664, -19.009895 ], [ 28.939499, -19.013325 ], [ 28.951065, -19.020109 ], [ 28.960243, -19.021242 ], [ 28.965092, -19.018689 ], [ 28.971639, -19.020998 ], [ 28.977649, -19.021008 ], [ 28.978322, -19.024096 ], [ 28.974969, -19.031383 ], [ 28.974734, -19.036703 ], [ 28.982661, -19.039738 ], [ 28.98665, -19.043291 ], [ 28.992444, -19.058336 ], [ 29.001781, -19.064762 ], [ 29.004098, -19.074161 ], [ 29.011087, -19.085205 ], [ 29.009529, -19.089823 ], [ 29.011166, -19.091723 ], [ 29.0148, -19.092067 ], [ 29.015699, -19.099726 ], [ 29.017345, -19.102392 ], [ 29.016571, -19.105085 ], [ 29.010952, -19.107447 ], [ 29.011008, -19.112048 ], [ 29.005834, -19.117856 ], [ 29.003108, -19.125939 ], [ 29.008398, -19.129716 ], [ 29.006052, -19.135877 ], [ 29.000873, -19.141302 ], [ 28.999462, -19.158189 ], [ 29.001118, -19.161622 ], [ 29.000761, -19.165461 ], [ 29.006135, -19.176139 ], [ 29.000964, -19.182331 ], [ 29.004234, -19.185746 ], [ 29.004716, -19.19226 ], [ 29.002814, -19.195616 ], [ 29.015367, -19.207816 ], [ 29.016607, -19.219543 ], [ 29.021381, -19.224263 ], [ 29.032791, -19.242376 ], [ 29.018888, -19.258792 ], [ 29.017015, -19.267887 ], [ 29.02095, -19.274418 ], [ 29.01971, -19.284908 ], [ 29.021687, -19.289393 ], [ 29.028879, -19.295006 ], [ 29.033606, -19.303302 ], [ 29.034204, -19.310373 ], [ 29.047815, -19.311941 ], [ 29.053624, -19.319266 ], [ 29.05799, -19.331031 ], [ 29.072127, -19.339677 ], [ 29.071177, -19.347214 ], [ 29.072759, -19.350518 ], [ 29.085503, -19.359914 ], [ 29.089962, -19.366283 ], [ 29.092138, -19.373206 ] ], [ [ 29.843264, -18.85854 ], [ 29.849335, -18.858151 ], [ 29.850169, -18.862889 ], [ 29.854155, -18.866268 ], [ 29.861995, -18.867558 ], [ 29.869677, -18.930009 ], [ 29.848228, -18.93809 ], [ 29.833467, -18.964219 ], [ 29.820324, -18.968279 ], [ 29.782264, -18.959306 ], [ 29.784674, -18.946461 ], [ 29.776514, -18.949314 ], [ 29.776255, -18.942604 ], [ 29.772295, -18.940942 ], [ 29.772325, -18.930461 ], [ 29.733069, -18.920734 ], [ 29.732698, -18.919405 ], [ 29.74703, -18.914464 ], [ 29.748684, -18.911013 ], [ 29.737416, -18.909295 ], [ 29.736146, -18.903693 ], [ 29.729451, -18.902022 ], [ 29.729505, -18.89848 ], [ 29.780661, -18.910519 ], [ 29.8188, -18.885897 ], [ 29.820783, -18.878302 ], [ 29.823267, -18.874758 ], [ 29.828428, -18.872417 ], [ 29.832126, -18.86829 ], [ 29.831993, -18.858658 ], [ 29.843264, -18.85854 ] ], [ [ 29.752203, -18.953068 ], [ 29.7416, -18.977765 ], [ 29.780622, -18.978978 ], [ 29.791298, -18.996773 ], [ 29.828377, -18.994414 ], [ 29.8272, -19.000991 ], [ 29.81947, -19.014223 ], [ 29.841923, -19.024975 ], [ 29.830337, -19.060964 ], [ 29.816028, -19.061688 ], [ 29.803756, -19.057335 ], [ 29.800667, -19.062931 ], [ 29.791038, -19.058033 ], [ 29.788866, -19.055039 ], [ 29.790799, -19.051427 ], [ 29.783454, -19.048564 ], [ 29.780517, -19.063236 ], [ 29.750482, -19.075288 ], [ 29.74589, -19.054171 ], [ 29.699315, -19.060407 ], [ 29.695204, -19.035751 ], [ 29.703133, -19.034121 ], [ 29.699074, -19.008885 ], [ 29.741333, -18.999914 ], [ 29.740936, -18.994833 ], [ 29.731998, -18.986885 ], [ 29.728697, -18.977357 ], [ 29.731859, -18.959055 ], [ 29.729004, -18.957601 ], [ 29.728834, -18.947129 ], [ 29.752203, -18.953068 ] ] ] } },
{ "type": "Feature", "properties": { "admin_name": "Kwekwe Urban", "tiles": 31.0, "tests": 114.0, "devices": 48.0, "pop_weight": 57181.013641357422, "area_km2": 10.371942615185938, "d_mean_tile": 59.739354838709687, "d_median_tile": 38.317, "d_mean_pop": 54.475022992161819, "d_median_pop": 51.281564570333586, "d_p10_pop": 5.3055929965484241, "d_p90_pop": 117.0665939081205, "u_median_pop": 29.688015375582136, "lat_median_pop": 21.525081383481268, "pct_above_bb": 86.471092094790208, "pct_above_hi": 77.735652762293142, "divide_ratio": 22.064752042661144, "pop_total": 132395.41180980206, "pop_covered": 57601.546295166016, "pop_coverage_pct": 43.507207317664324, "level": "ADM2" }, "geometry": { "type": "Polygon", "coordinates": [ [ [ 29.843264, -18.85854 ], [ 29.831993, -18.858658 ], [ 29.832126, -18.86829 ], [ 29.828428, -18.872417 ], [ 29.823267, -18.874758 ], [ 29.820783, -18.878302 ], [ 29.8188, -18.885897 ], [ 29.780661, -18.910519 ], [ 29.729505, -18.89848 ], [ 29.729451, -18.902022 ], [ 29.736146, -18.903693 ], [ 29.737416, -18.909295 ], [ 29.748684, -18.911013 ], [ 29.74703, -18.914464 ], [ 29.732698, -18.919405 ], [ 29.733069, -18.920734 ], [ 29.772325, -18.930461 ], [ 29.772295, -18.940942 ], [ 29.776255, -18.942604 ], [ 29.776514, -18.949314 ], [ 29.784674, -18.946461 ], [ 29.782264, -18.959306 ], [ 29.820324, -18.968279 ], [ 29.833467, -18.964219 ], [ 29.848228, -18.93809 ], [ 29.869677, -18.930009 ], [ 29.861995, -18.867558 ], [ 29.854155, -18.866268 ], [ 29.850169, -18.862889 ], [ 29.849335, -18.858151 ], [ 29.843264, -18.85854 ] ] ] } },
{ "type": "Feature", "properties": { "admin_name": "Lupane", "tiles": 7.0, "tests": 115.0, "devices": 16.0, "pop_weight": 843.53756856918335, "area_km2": 2.3459607917078098, "d_mean_tile": 46.762571428571427, "d_median_tile": 51.587, "d_mean_pop": 44.957254480267672, "d_median_pop": 47.920792487795936, "d_p10_pop": 29.260594782644631, "d_p90_pop": 61.084230693832865, "u_median_pop": 21.011295777368794, "lat_median_pop": 27.0, "pct_above_bb": 100.0, "pct_above_hi": 94.182285451451563, "divide_ratio": 2.087593610026814, "pop_total": 118758.70039475607, "pop_covered": 843.53756856918335, "pop_coverage_pct": 0.71029538531934855, "level": "ADM2" }, "geometry": { "type": "Polygon", "coordinates": [ [ [ 27.22188, -18.498978 ], [ 27.212509, -18.500935 ], [ 27.192832, -18.510845 ], [ 27.186326, -18.508645 ], [ 27.18085, -18.511589 ], [ 27.176922, -18.521472 ], [ 27.166571, -18.527604 ], [ 27.157515, -18.540432 ], [ 27.148095, -18.547622 ], [ 27.147843, -18.557423 ], [ 27.140739, -18.559386 ], [ 27.135776, -18.563637 ], [ 27.135181, -18.570976 ], [ 27.140325, -18.580285 ], [ 27.136732, -18.585921 ], [ 27.135877, -18.590414 ], [ 27.131168, -18.589599 ], [ 27.12877, -18.59107 ], [ 27.125772, -18.588947 ], [ 27.122348, -18.59042 ], [ 27.118236, -18.58699 ], [ 27.11387, -18.590095 ], [ 27.103339, -18.587974 ], [ 27.074189, -18.598568 ], [ 27.035995, -18.665854 ], [ 27.141543, -18.73342 ], [ 27.157008, -18.731674 ], [ 27.153395, -18.76115 ], [ 27.18162, -18.777595 ], [ 27.242678, -18.782829 ], [ 27.336323, -18.805573 ], [ 27.366371, -18.860028 ], [ 27.283079, -18.955782 ], [ 27.468296, -19.098084 ], [ 27.587546, -19.094053 ], [ 27.708711, -19.091983 ], [ 27.70301, -19.093287 ], [ 27.703336, -19.098491 ], [ 27.701364, -19.099655 ], [ 27.698771, -19.097785 ], [ 27.696217, -19.105458 ], [ 27.694093, -19.106623 ], [ 27.692243, -19.100701 ], [ 27.686154, -19.099423 ], [ 27.683121, -19.101459 ], [ 27.683284, -19.104205 ], [ 27.69642, -19.117458 ], [ 27.697359, -19.123962 ], [ 27.696305, -19.126424 ], [ 27.704078, -19.130051 ], [ 27.704778, -19.151592 ], [ 27.696596, -19.159431 ], [ 27.696603, -19.161311 ], [ 27.702242, -19.163458 ], [ 27.702865, -19.166926 ], [ 27.69923, -19.170844 ], [ 27.70322, -19.178926 ], [ 27.702947, -19.186301 ], [ 27.706055, -19.201471 ], [ 27.713419, -19.206383 ], [ 27.715572, -19.211435 ], [ 27.713011, -19.217663 ], [ 27.71409, -19.220695 ], [ 27.723082, -19.223552 ], [ 27.724798, -19.233232 ], [ 27.732439, -19.240142 ], [ 27.734611, -19.249387 ], [ 27.741624, -19.251672 ], [ 27.741038, -19.25688 ], [ 27.738467, -19.260505 ], [ 27.728246, -19.25563 ], [ 27.722304, -19.254497 ], [ 27.710287, -19.256568 ], [ 27.707674, -19.250795 ], [ 27.703565, -19.2511 ], [ 27.697799, -19.255315 ], [ 27.697514, -19.259943 ], [ 27.701969, -19.269469 ], [ 27.701381, -19.274387 ], [ 27.700299, -19.278621 ], [ 27.695266, -19.285943 ], [ 27.688617, -19.284041 ], [ 27.686434, -19.291407 ], [ 27.689042, -19.297353 ], [ 27.684802, -19.298245 ], [ 27.682783, -19.300705 ], [ 27.682271, -19.310693 ], [ 27.684874, -19.315413 ], [ 27.682488, -19.3184 ], [ 27.674903, -19.313698 ], [ 27.670356, -19.315481 ], [ 27.669247, -19.318561 ], [ 27.671128, -19.323101 ], [ 27.676248, -19.319936 ], [ 27.677789, -19.3248 ], [ 27.674803, -19.328532 ], [ 27.668998, -19.327723 ], [ 27.667037, -19.334452 ], [ 27.668832, -19.335181 ], [ 27.675062, -19.333558 ], [ 27.678055, -19.337042 ], [ 27.677799, -19.340204 ], [ 27.675068, -19.342475 ], [ 27.672252, -19.341829 ], [ 27.665843, -19.337534 ], [ 27.663876, -19.333724 ], [ 27.661145, -19.33405 ], [ 27.658843, -19.340213 ], [ 27.664996, -19.347587 ], [ 27.668925, -19.349531 ], [ 27.670636, -19.352694 ], [ 27.669528, -19.355775 ], [ 27.666028, -19.357966 ], [ 27.656888, -19.356753 ], [ 27.655522, -19.357077 ], [ 27.654925, -19.360078 ], [ 27.658004, -19.364771 ], [ 27.664922, -19.365499 ], [ 27.665521, -19.367849 ], [ 27.662022, -19.373039 ], [ 27.662366, -19.375715 ], [ 27.66433, -19.377416 ], [ 27.675604, -19.375707 ], [ 27.679107, -19.378382 ], [ 27.68193, -19.384217 ], [ 27.686802, -19.385432 ], [ 27.690557, -19.383483 ], [ 27.693704, -19.377643 ], [ 27.699768, -19.376424 ], [ 27.702848, -19.380881 ], [ 27.693544, -19.390372 ], [ 27.693973, -19.392401 ], [ 27.699186, -19.39418 ], [ 27.706444, -19.391175 ], [ 27.727895, -19.400726 ], [ 27.72935, -19.403562 ], [ 27.727984, -19.405511 ], [ 27.721148, -19.403246 ], [ 27.717475, -19.40414 ], [ 27.71748, -19.410464 ], [ 27.714925, -19.417113 ], [ 27.715783, -19.421409 ], [ 27.727237, -19.426428 ], [ 27.726556, -19.429258 ], [ 27.722968, -19.430071 ], [ 27.717927, -19.429022 ], [ 27.715708, -19.432103 ], [ 27.715461, -19.44086 ], [ 27.723759, -19.451311 ], [ 27.724618, -19.454878 ], [ 27.72112, -19.461854 ], [ 27.721299, -19.470122 ], [ 27.723952, -19.472553 ], [ 27.73173, -19.4736 ], [ 27.739434, -19.484944 ], [ 27.749404, -19.487369 ], [ 27.755523, -19.496177 ], [ 27.758968, -19.497083 ], [ 27.769552, -19.494382 ], [ 27.773061, -19.500071 ], [ 27.775398, -19.499176 ], [ 27.780235, -19.501568 ], [ 27.785878, -19.497871 ], [ 27.789723, -19.493037 ], [ 27.795432, -19.494279 ], [ 27.798733, -19.491485 ], [ 27.808718, -19.488387 ], [ 27.816403, -19.493491 ], [ 27.939866, -19.407369 ], [ 28.213703, -19.188927 ], [ 28.260079, -19.201954 ], [ 28.258029, -19.214855 ], [ 28.284647, -19.219663 ], [ 28.284998, -19.177429 ], [ 28.293329, -19.134254 ], [ 28.436912, -19.158193 ], [ 28.435488, -19.079134 ], [ 28.421043, -19.072853 ], [ 28.402552, -19.069584 ], [ 28.395112, -19.065094 ], [ 28.386376, -19.063504 ], [ 28.381785, -19.060154 ], [ 28.36667, -19.060435 ], [ 28.353643, -19.054622 ], [ 28.331199, -19.05109 ], [ 28.325711, -19.048322 ], [ 28.317403, -19.049816 ], [ 28.314849, -19.047416 ], [ 28.315503, -19.010266 ], [ 28.309543, -18.822805 ], [ 28.304027, -18.81202 ], [ 28.299882, -18.796457 ], [ 28.307004, -18.795626 ], [ 28.313397, -18.792618 ], [ 28.315482, -18.789195 ], [ 28.318189, -18.789238 ], [ 28.31758, -18.786747 ], [ 28.323222, -18.773679 ], [ 28.321149, -18.762734 ], [ 28.322625, -18.759787 ], [ 28.322543, -18.753852 ], [ 28.326469, -18.750329 ], [ 28.327307, -18.74383 ], [ 28.320733, -18.729419 ], [ 28.323961, -18.714138 ], [ 28.306312, -18.685148 ], [ 28.305547, -18.679808 ], [ 28.314036, -18.675115 ], [ 28.316319, -18.667514 ], [ 28.305276, -18.659004 ], [ 28.29283, -18.593438 ], [ 28.289579, -18.56663 ], [ 28.28666, -18.564477 ], [ 28.281118, -18.563979 ], [ 28.271355, -18.565657 ], [ 28.259043, -18.560814 ], [ 28.25815, -18.562516 ], [ 28.247229, -18.565604 ], [ 28.244487, -18.564562 ], [ 28.242879, -18.567309 ], [ 28.235963, -18.564095 ], [ 28.228732, -18.565921 ], [ 28.226602, -18.564044 ], [ 28.221753, -18.565833 ], [ 28.217078, -18.564456 ], [ 28.212903, -18.559854 ], [ 28.209797, -18.559785 ], [ 28.20698, -18.557178 ], [ 28.202454, -18.557314 ], [ 28.197485, -18.559789 ], [ 28.188934, -18.557359 ], [ 28.186483, -18.554308 ], [ 28.179066, -18.552114 ], [ 28.173596, -18.55327 ], [ 28.163663, -18.551683 ], [ 28.152288, -18.558075 ], [ 28.142169, -18.548757 ], [ 28.133433, -18.545304 ], [ 28.131043, -18.546151 ], [ 28.120041, -18.544983 ], [ 28.116461, -18.539776 ], [ 28.113695, -18.540324 ], [ 28.111244, -18.538292 ], [ 28.108036, -18.541359 ], [ 28.104832, -18.539151 ], [ 28.100249, -18.538622 ], [ 28.095727, -18.543326 ], [ 28.086229, -18.541001 ], [ 28.077926, -18.546481 ], [ 28.073835, -18.55195 ], [ 28.071067, -18.552858 ], [ 28.06497, -18.552213 ], [ 28.062962, -18.548261 ], [ 28.058625, -18.546953 ], [ 28.050072, -18.548355 ], [ 28.048313, -18.546859 ], [ 28.042284, -18.546575 ], [ 28.035305, -18.548212 ], [ 28.030336, -18.551401 ], [ 28.023797, -18.551178 ], [ 28.0155, -18.548618 ], [ 28.008708, -18.549953 ], [ 27.999463, -18.546736 ], [ 28.000911, -18.532026 ], [ 27.99903, -18.521219 ], [ 28.002046, -18.517971 ], [ 28.001308, -18.498886 ], [ 27.999936, -18.497779 ], [ 28.001348, -18.480714 ], [ 27.999875, -18.463166 ], [ 28.001331, -18.363064 ], [ 28.00119, -18.350225 ], [ 27.998761, -18.348935 ], [ 27.998676, -18.238226 ], [ 27.997499, -18.23721 ], [ 27.993968, -18.23923 ], [ 27.986719, -18.236857 ], [ 27.980259, -18.241978 ], [ 27.973788, -18.239775 ], [ 27.957739, -18.242304 ], [ 27.953671, -18.244782 ], [ 27.951101, -18.254257 ], [ 27.944148, -18.255771 ], [ 27.938154, -18.261982 ], [ 27.931013, -18.26516 ], [ 27.927745, -18.269167 ], [ 27.924018, -18.268906 ], [ 27.919012, -18.273496 ], [ 27.912892, -18.27035 ], [ 27.90902, -18.272177 ], [ 27.907177, -18.270955 ], [ 27.907088, -18.273946 ], [ 27.905339, -18.270728 ], [ 27.902287, -18.272572 ], [ 27.89758, -18.286345 ], [ 27.888464, -18.295375 ], [ 27.879926, -18.299034 ], [ 27.876606, -18.30233 ], [ 27.877033, -18.31329 ], [ 27.862138, -18.327462 ], [ 27.857819, -18.336918 ], [ 27.854085, -18.385904 ], [ 27.750956, -18.399989 ], [ 27.575249, -18.426674 ], [ 27.540061, -18.387122 ], [ 27.517712, -18.36637 ], [ 27.332925, -18.410627 ], [ 27.343358, -18.436657 ], [ 27.465549, -18.438695 ], [ 27.389194, -18.497266 ], [ 27.352267, -18.497351 ], [ 27.310569, -18.500466 ], [ 27.298548, -18.489925 ], [ 27.296593, -18.490267 ], [ 27.298338, -18.495674 ], [ 27.296162, -18.498525 ], [ 27.287029, -18.49761 ], [ 27.279309, -18.50105 ], [ 27.277523, -18.507567 ], [ 27.265127, -18.507756 ], [ 27.260453, -18.505534 ], [ 27.25883, -18.501594 ], [ 27.247322, -18.494067 ], [ 27.243729, -18.494071 ], [ 27.230802, -18.499744 ], [ 27.223079, -18.501125 ], [ 27.22188, -18.498978 ] ] ] } },
{ "type": "Feature", "properties": { "admin_name": "Makonde", "tiles": 12.0, "tests": 90.0, "devices": 19.0, "pop_weight": 743.0897855758667, "area_km2": 4.0922112280024905, "d_mean_tile": 53.444, "d_median_tile": 47.252, "d_mean_pop": 68.570547746885239, "d_median_pop": 92.966567402655144, "d_p10_pop": 0.301, "d_p90_pop": 131.467, "u_median_pop": 66.264256502427685, "lat_median_pop": 21.778536363088293, "pct_above_bb": 70.64715501250943, "pct_above_hi": 65.511498302302272, "divide_ratio": 436.76744186046517, "pop_total": 231883.05707538116, "pop_covered": 743.0897855758667, "pop_coverage_pct": 0.32045885324614343, "level": "ADM2" }, "geometry": { "type": "Polygon", "coordinates": [ [ [ 30.233962, -17.311501 ], [ 30.24037, -17.304851 ], [ 30.238175, -17.300707 ], [ 30.238836, -17.29238 ], [ 30.245991, -17.283736 ], [ 30.254112, -17.277742 ], [ 30.256811, -17.277424 ], [ 30.261728, -17.279573 ], [ 30.267264, -17.277057 ], [ 30.264996, -17.266879 ], [ 30.257721, -17.263625 ], [ 30.254969, -17.258306 ], [ 30.255118, -17.252798 ], [ 30.259026, -17.253326 ], [ 30.263151, -17.248022 ], [ 30.254852, -17.228719 ], [ 30.254458, -17.222362 ], [ 30.255392, -17.217383 ], [ 30.260767, -17.209954 ], [ 30.266278, -17.205646 ], [ 30.267067, -17.196161 ], [ 30.270151, -17.188279 ], [ 30.274339, -17.184094 ], [ 30.274673, -17.179351 ], [ 30.27309, -17.175889 ], [ 30.274854, -17.16848 ], [ 30.272063, -17.163985 ], [ 30.272872, -17.157967 ], [ 30.281385, -17.153064 ], [ 30.294227, -17.148486 ], [ 30.295888, -17.144555 ], [ 30.295577, -17.131836 ], [ 30.296989, -17.125932 ], [ 30.3007, -17.123136 ], [ 30.305746, -17.122415 ], [ 30.309097, -17.11962 ], [ 30.310991, -17.114523 ], [ 30.309645, -17.11002 ], [ 30.314434, -17.10664 ], [ 30.315622, -17.104089 ], [ 30.327742, -17.099975 ], [ 30.330492, -17.097417 ], [ 30.329247, -17.08979 ], [ 30.33301, -17.084682 ], [ 30.333704, -17.079705 ], [ 30.330288, -17.070937 ], [ 30.336475, -17.059687 ], [ 30.337917, -17.038643 ], [ 30.332874, -17.008142 ], [ 30.333811, -17.003859 ], [ 30.338354, -16.999901 ], [ 30.344274, -17.000304 ], [ 30.344987, -16.998963 ], [ 30.344543, -16.996827 ], [ 30.338186, -16.991485 ], [ 30.338872, -16.981504 ], [ 30.343593, -16.976054 ], [ 30.341767, -16.971995 ], [ 30.346131, -16.967214 ], [ 30.357484, -16.963068 ], [ 30.365302, -16.962364 ], [ 30.375772, -16.964715 ], [ 30.373922, -16.951689 ], [ 30.371133, -16.950875 ], [ 30.366456, -16.952174 ], [ 30.364146, -16.950018 ], [ 30.364051, -16.947884 ], [ 30.369599, -16.941207 ], [ 30.37045, -16.93785 ], [ 30.361634, -16.933381 ], [ 30.361449, -16.928665 ], [ 30.365005, -16.92298 ], [ 30.371461, -16.918557 ], [ 30.374544, -16.9132 ], [ 30.37602, -16.905696 ], [ 30.384377, -16.897702 ], [ 30.395483, -16.894335 ], [ 30.404078, -16.87972 ], [ 30.410947, -16.880239 ], [ 30.417378, -16.87817 ], [ 30.423644, -16.881038 ], [ 30.422151, -16.866994 ], [ 30.425239, -16.860965 ], [ 30.424657, -16.849073 ], [ 30.427028, -16.844832 ], [ 30.430074, -16.84329 ], [ 30.43517, -16.846371 ], [ 30.440402, -16.847546 ], [ 30.454658, -16.843309 ], [ 30.461761, -16.843939 ], [ 30.464773, -16.833644 ], [ 30.463446, -16.826334 ], [ 30.472252, -16.819237 ], [ 30.479472, -16.819532 ], [ 30.485486, -16.811845 ], [ 30.489148, -16.802274 ], [ 30.488763, -16.798071 ], [ 30.485391, -16.796255 ], [ 30.484568, -16.790742 ], [ 30.490262, -16.78731 ], [ 30.495252, -16.776918 ], [ 30.499814, -16.774942 ], [ 30.506408, -16.767151 ], [ 30.508872, -16.76357 ], [ 30.510182, -16.756867 ], [ 30.52161, -16.743974 ], [ 30.521068, -16.741217 ], [ 30.518654, -16.739621 ], [ 30.518446, -16.735381 ], [ 30.527918, -16.730002 ], [ 30.527706, -16.727352 ], [ 30.525513, -16.72512 ], [ 30.522144, -16.726127 ], [ 30.518232, -16.723793 ], [ 30.519901, -16.720312 ], [ 30.519163, -16.714936 ], [ 30.514829, -16.702287 ], [ 30.510327, -16.695884 ], [ 30.514585, -16.681809 ], [ 30.510026, -16.680776 ], [ 30.501771, -16.685259 ], [ 30.497533, -16.675849 ], [ 30.471659, -16.671985 ], [ 30.461964, -16.668127 ], [ 30.455767, -16.663584 ], [ 30.447935, -16.663618 ], [ 30.439653, -16.656201 ], [ 30.42941, -16.654275 ], [ 30.422206, -16.655242 ], [ 30.413739, -16.645374 ], [ 30.411307, -16.64525 ], [ 30.410008, -16.647992 ], [ 30.406644, -16.648982 ], [ 30.40275, -16.647113 ], [ 30.399391, -16.644634 ], [ 30.39946, -16.638005 ], [ 30.394737, -16.634493 ], [ 30.396788, -16.630738 ], [ 30.394596, -16.62786 ], [ 30.394753, -16.622966 ], [ 30.385441, -16.613293 ], [ 30.378283, -16.608496 ], [ 30.372524, -16.594508 ], [ 30.375095, -16.582611 ], [ 30.378445, -16.577168 ], [ 30.377783, -16.57376 ], [ 30.385937, -16.56473 ], [ 30.385929, -16.563333 ], [ 30.381413, -16.560562 ], [ 30.380259, -16.555141 ], [ 30.38784, -16.546611 ], [ 30.386841, -16.541092 ], [ 30.388977, -16.539173 ], [ 30.389967, -16.535408 ], [ 30.388336, -16.529783 ], [ 30.391117, -16.526746 ], [ 30.395426, -16.526274 ], [ 30.394735, -16.521577 ], [ 30.397419, -16.516758 ], [ 30.403365, -16.516886 ], [ 30.406886, -16.513767 ], [ 30.405431, -16.509735 ], [ 30.405848, -16.494956 ], [ 30.403783, -16.489219 ], [ 30.408441, -16.479441 ], [ 30.407786, -16.469323 ], [ 30.413638, -16.46146 ], [ 30.413405, -16.454569 ], [ 30.41603, -16.45049 ], [ 30.406409, -16.441024 ], [ 30.406289, -16.437946 ], [ 30.41134, -16.434179 ], [ 30.418502, -16.431751 ], [ 30.417958, -16.425604 ], [ 30.423448, -16.423161 ], [ 30.427499, -16.413228 ], [ 30.43332, -16.408149 ], [ 30.434868, -16.405086 ], [ 30.435095, -16.397759 ], [ 30.438171, -16.393828 ], [ 30.436689, -16.390296 ], [ 30.430671, -16.384969 ], [ 30.427623, -16.371458 ], [ 30.424771, -16.36821 ], [ 30.420623, -16.358354 ], [ 30.417468, -16.355104 ], [ 30.421609, -16.350887 ], [ 30.418769, -16.346613 ], [ 30.420035, -16.339105 ], [ 30.381876, -16.336848 ], [ 30.374088, -16.334769 ], [ 30.364307, -16.340214 ], [ 30.359317, -16.340641 ], [ 30.34295, -16.335 ], [ 30.327645, -16.337136 ], [ 30.324816, -16.335404 ], [ 30.320366, -16.335189 ], [ 30.317698, -16.333873 ], [ 30.316156, -16.330451 ], [ 30.318382, -16.324251 ], [ 30.314978, -16.317776 ], [ 30.312821, -16.316206 ], [ 30.304142, -16.314896 ], [ 30.301678, -16.311612 ], [ 30.302099, -16.290403 ], [ 30.299597, -16.282069 ], [ 30.294897, -16.276748 ], [ 30.286517, -16.272644 ], [ 30.276687, -16.269989 ], [ 30.26628, -16.271358 ], [ 30.25419, -16.276229 ], [ 30.248247, -16.273102 ], [ 30.244185, -16.267324 ], [ 30.240915, -16.265514 ], [ 30.234213, -16.264942 ], [ 30.21773, -16.268217 ], [ 30.207114, -16.276252 ], [ 30.208019, -16.289478 ], [ 30.206893, -16.29961 ], [ 30.209283, -16.304801 ], [ 30.214029, -16.306445 ], [ 30.214257, -16.309566 ], [ 30.208238, -16.312087 ], [ 30.205667, -16.315636 ], [ 30.210336, -16.329032 ], [ 30.20841, -16.336371 ], [ 30.197606, -16.348978 ], [ 30.193237, -16.351224 ], [ 30.163883, -16.354751 ], [ 30.153282, -16.361001 ], [ 30.146486, -16.368178 ], [ 30.144241, -16.368792 ], [ 30.118041, -16.369292 ], [ 30.110495, -16.373028 ], [ 30.105883, -16.373362 ], [ 30.091284, -16.37245 ], [ 30.088753, -16.374967 ], [ 30.084143, -16.386104 ], [ 30.081211, -16.389124 ], [ 30.081046, -16.391918 ], [ 30.086361, -16.398709 ], [ 30.086201, -16.401122 ], [ 30.083407, -16.403636 ], [ 30.080115, -16.40373 ], [ 30.075292, -16.39974 ], [ 30.065568, -16.398239 ], [ 30.060884, -16.393744 ], [ 30.055499, -16.392672 ], [ 30.049521, -16.386575 ], [ 30.0491, -16.390112 ], [ 30.045881, -16.394078 ], [ 30.046319, -16.395949 ], [ 30.029797, -16.394133 ], [ 30.0322, -16.403282 ], [ 30.027945, -16.419501 ], [ 30.025794, -16.420756 ], [ 30.020825, -16.417445 ], [ 30.016512, -16.41746 ], [ 30.015009, -16.418921 ], [ 30.015025, -16.423499 ], [ 30.010941, -16.427259 ], [ 30.013974, -16.431617 ], [ 30.022395, -16.435335 ], [ 30.022616, -16.436999 ], [ 30.019394, -16.440756 ], [ 30.024163, -16.448229 ], [ 30.020936, -16.450115 ], [ 30.01381, -16.447016 ], [ 30.006926, -16.451412 ], [ 30.005216, -16.45537 ], [ 30.008486, -16.466387 ], [ 30.008534, -16.480745 ], [ 30.004438, -16.48076 ], [ 29.997928, -16.487506 ], [ 29.999015, -16.489356 ], [ 30.002962, -16.490546 ], [ 30.002758, -16.493876 ], [ 29.998397, -16.495967 ], [ 29.99234, -16.492741 ], [ 29.991762, -16.498088 ], [ 29.994335, -16.500377 ], [ 29.993509, -16.504448 ], [ 29.98908, -16.506529 ], [ 29.985788, -16.504041 ], [ 29.981565, -16.507511 ], [ 29.979293, -16.51913 ], [ 29.973527, -16.518428 ], [ 29.973115, -16.520215 ], [ 29.973526, -16.521605 ], [ 29.983097, -16.526983 ], [ 29.990921, -16.528683 ], [ 29.991125, -16.532656 ], [ 29.988445, -16.537619 ], [ 29.984016, -16.541587 ], [ 29.983911, -16.544764 ], [ 29.986072, -16.546853 ], [ 29.992662, -16.546554 ], [ 29.994306, -16.552118 ], [ 29.99101, -16.555294 ], [ 29.98277, -16.556475 ], [ 29.97937, -16.561832 ], [ 29.979362, -16.575144 ], [ 29.980491, -16.58041 ], [ 29.983682, -16.585281 ], [ 29.97719, -16.591531 ], [ 29.973791, -16.592023 ], [ 29.979658, -16.598685 ], [ 29.979965, -16.60117 ], [ 29.972136, -16.606623 ], [ 29.973574, -16.611691 ], [ 29.979234, -16.61885 ], [ 29.977172, -16.623614 ], [ 29.978921, -16.62619 ], [ 29.975317, -16.62728 ], [ 29.97624, -16.63324 ], [ 29.971188, -16.642471 ], [ 29.967684, -16.644752 ], [ 29.967475, -16.649617 ], [ 29.976329, -16.657278 ], [ 29.976636, -16.664132 ], [ 29.973029, -16.667009 ], [ 29.97756, -16.672477 ], [ 29.985181, -16.677851 ], [ 29.986209, -16.681824 ], [ 29.984869, -16.684504 ], [ 29.993829, -16.696336 ], [ 29.994649, -16.704472 ], [ 29.998245, -16.703623 ], [ 30.00333, -16.697721 ], [ 30.007095, -16.69872 ], [ 30.007473, -16.700443 ], [ 30.004459, -16.705071 ], [ 30.005024, -16.707793 ], [ 30.011049, -16.724489 ], [ 30.013873, -16.728028 ], [ 30.011802, -16.731656 ], [ 30.014061, -16.739097 ], [ 30.010202, -16.743179 ], [ 30.015944, -16.746446 ], [ 30.016642, -16.749735 ], [ 30.020144, -16.750175 ], [ 30.020899, -16.762429 ], [ 30.021637, -16.763584 ], [ 30.027443, -16.762866 ], [ 30.028008, -16.770946 ], [ 30.032895, -16.772983 ], [ 30.030413, -16.776807 ], [ 30.032357, -16.782931 ], [ 30.032555, -16.791811 ], [ 30.029255, -16.804336 ], [ 30.029444, -16.807622 ], [ 30.032586, -16.812413 ], [ 30.024664, -16.817394 ], [ 30.025778, -16.822712 ], [ 30.031313, -16.824484 ], [ 30.034729, -16.82821 ], [ 30.027361, -16.833812 ], [ 30.020449, -16.835593 ], [ 30.019351, -16.840479 ], [ 30.023503, -16.843229 ], [ 30.023598, -16.845982 ], [ 30.015301, -16.8459 ], [ 30.01254, -16.849098 ], [ 30.007375, -16.84786 ], [ 30.010706, -16.855672 ], [ 30.001762, -16.856214 ], [ 30.000125, -16.858531 ], [ 30.001611, -16.861993 ], [ 30.000709, -16.865976 ], [ 29.993393, -16.866949 ], [ 29.996675, -16.869324 ], [ 29.9964, -16.871431 ], [ 29.981346, -16.872736 ], [ 29.983532, -16.878267 ], [ 29.992101, -16.884774 ], [ 29.991188, -16.886794 ], [ 29.983337, -16.89206 ], [ 29.985246, -16.900584 ], [ 29.981775, -16.90594 ], [ 29.9846, -16.910598 ], [ 29.979306, -16.914548 ], [ 29.977469, -16.928255 ], [ 29.984399, -16.933971 ], [ 29.97609, -16.94196 ], [ 29.984939, -16.945559 ], [ 29.99032, -16.950922 ], [ 29.984563, -16.959968 ], [ 29.985015, -16.967261 ], [ 29.981455, -16.966996 ], [ 29.980542, -16.968136 ], [ 29.980815, -16.969805 ], [ 29.983278, -16.97007 ], [ 29.983184, -16.972619 ], [ 29.981358, -16.974902 ], [ 29.977616, -16.976216 ], [ 29.977797, -16.978063 ], [ 29.979987, -16.978679 ], [ 29.975875, -16.983684 ], [ 29.976784, -16.98834 ], [ 29.97304, -16.990887 ], [ 29.974677, -16.999407 ], [ 29.968768, -17.005912 ], [ 29.971333, -17.01449 ], [ 29.967265, -17.01879 ], [ 29.968674, -17.022219 ], [ 29.962264, -17.030157 ], [ 29.962271, -17.033834 ], [ 29.960362, -17.035309 ], [ 29.956412, -17.035314 ], [ 29.956421, -17.040096 ], [ 29.960255, -17.045117 ], [ 29.961794, -17.050141 ], [ 29.958485, -17.052354 ], [ 29.95773, -17.057138 ], [ 29.953652, -17.0569 ], [ 29.952893, -17.059599 ], [ 29.960047, -17.068047 ], [ 29.96197, -17.07307 ], [ 29.958659, -17.074914 ], [ 29.957633, -17.071116 ], [ 29.952792, -17.072841 ], [ 29.95369, -17.075292 ], [ 29.951924, -17.08449 ], [ 29.953326, -17.084856 ], [ 29.954739, -17.090124 ], [ 29.953473, -17.093928 ], [ 29.947731, -17.090872 ], [ 29.945058, -17.093085 ], [ 29.945955, -17.095168 ], [ 29.948503, -17.094182 ], [ 29.948635, -17.097003 ], [ 29.944322, -17.107554 ], [ 29.94203, -17.10854 ], [ 29.935011, -17.104504 ], [ 29.93017, -17.105984 ], [ 29.928388, -17.10807 ], [ 29.923158, -17.105995 ], [ 29.918695, -17.106001 ], [ 29.912968, -17.110914 ], [ 29.907609, -17.108225 ], [ 29.907349, -17.105528 ], [ 29.905057, -17.106512 ], [ 29.899188, -17.104069 ], [ 29.885256, -17.082876 ], [ 29.881154, -17.068658 ], [ 29.836335, -17.101329 ], [ 29.85601, -17.128761 ], [ 29.800379, -17.178085 ], [ 29.769442, -17.1661 ], [ 29.76722, -17.174011 ], [ 29.757659, -17.178986 ], [ 29.749545, -17.176908 ], [ 29.745751, -17.179871 ], [ 29.742339, -17.17874 ], [ 29.73881, -17.181795 ], [ 29.735281, -17.180327 ], [ 29.732693, -17.180893 ], [ 29.730104, -17.183609 ], [ 29.729284, -17.189717 ], [ 29.724699, -17.195829 ], [ 29.719816, -17.197978 ], [ 29.717697, -17.197866 ], [ 29.715343, -17.195152 ], [ 29.711697, -17.196964 ], [ 29.708164, -17.19572 ], [ 29.701929, -17.200811 ], [ 29.70087, -17.19753 ], [ 29.692044, -17.198663 ], [ 29.688868, -17.201265 ], [ 29.687221, -17.2007 ], [ 29.683337, -17.20285 ], [ 29.680867, -17.206244 ], [ 29.678393, -17.203189 ], [ 29.67863, -17.205113 ], [ 29.676982, -17.203077 ], [ 29.675216, -17.203189 ], [ 29.673335, -17.206585 ], [ 29.670863, -17.206925 ], [ 29.671689, -17.209866 ], [ 29.668277, -17.214617 ], [ 29.665922, -17.210206 ], [ 29.661804, -17.213147 ], [ 29.664042, -17.215748 ], [ 29.66157, -17.216316 ], [ 29.666394, -17.21722 ], [ 29.665689, -17.219257 ], [ 29.667926, -17.22084 ], [ 29.673694, -17.221065 ], [ 29.673812, -17.225591 ], [ 29.676637, -17.224233 ], [ 29.677932, -17.227626 ], [ 29.681464, -17.230343 ], [ 29.68229, -17.234528 ], [ 29.687236, -17.237017 ], [ 29.684648, -17.24075 ], [ 29.690534, -17.243126 ], [ 29.686769, -17.245954 ], [ 29.686887, -17.248897 ], [ 29.688697, -17.250003 ], [ 29.689237, -17.255761 ], [ 29.692349, -17.262168 ], [ 29.69168, -17.26546 ], [ 29.700246, -17.266251 ], [ 29.702842, -17.272167 ], [ 29.705406, -17.271499 ], [ 29.706789, -17.274456 ], [ 29.708158, -17.274286 ], [ 29.707485, -17.276426 ], [ 29.709038, -17.279054 ], [ 29.70767, -17.279552 ], [ 29.705948, -17.27742 ], [ 29.704246, -17.27973 ], [ 29.700814, -17.278263 ], [ 29.702378, -17.2827 ], [ 29.698781, -17.282878 ], [ 29.698968, -17.286004 ], [ 29.693644, -17.282897 ], [ 29.692279, -17.284055 ], [ 29.693147, -17.286355 ], [ 29.690413, -17.287844 ], [ 29.691455, -17.290639 ], [ 29.685964, -17.28852 ], [ 29.686975, -17.284732 ], [ 29.684232, -17.284413 ], [ 29.669019, -17.290721 ], [ 29.665098, -17.294355 ], [ 29.661507, -17.295519 ], [ 29.657219, -17.294548 ], [ 29.655516, -17.296692 ], [ 29.649862, -17.296055 ], [ 29.645245, -17.297552 ], [ 29.641462, -17.294437 ], [ 29.635994, -17.297418 ], [ 29.63308, -17.296442 ], [ 29.632066, -17.299736 ], [ 29.630008, -17.298919 ], [ 29.630015, -17.300894 ], [ 29.627448, -17.301231 ], [ 29.627118, -17.304195 ], [ 29.625068, -17.30519 ], [ 29.624053, -17.30832 ], [ 29.620292, -17.309979 ], [ 29.61703, -17.308345 ], [ 29.613101, -17.310824 ], [ 29.614995, -17.312959 ], [ 29.609185, -17.316434 ], [ 29.609201, -17.319889 ], [ 29.606116, -17.319734 ], [ 29.605956, -17.322533 ], [ 29.601504, -17.323042 ], [ 29.596224, -17.32997 ], [ 29.593306, -17.328333 ], [ 29.593638, -17.325699 ], [ 29.590727, -17.326038 ], [ 29.589094, -17.324234 ], [ 29.587729, -17.325226 ], [ 29.585831, -17.322269 ], [ 29.577679, -17.339246 ], [ 29.566908, -17.344709 ], [ 29.567263, -17.348 ], [ 29.565041, -17.349323 ], [ 29.566767, -17.35261 ], [ 29.566088, -17.353928 ], [ 29.556661, -17.352804 ], [ 29.551526, -17.354301 ], [ 29.551883, -17.357593 ], [ 29.549825, -17.357089 ], [ 29.549321, -17.359723 ], [ 29.547095, -17.360389 ], [ 29.545337, -17.363246 ], [ 29.541364, -17.358064 ], [ 29.53609, -17.354441 ], [ 29.532874, -17.355702 ], [ 29.530149, -17.359988 ], [ 29.526041, -17.360824 ], [ 29.52665, -17.363208 ], [ 29.529388, -17.36246 ], [ 29.527606, -17.367403 ], [ 29.524681, -17.363708 ], [ 29.525639, -17.367655 ], [ 29.5247, -17.368811 ], [ 29.521605, -17.365937 ], [ 29.52076, -17.368986 ], [ 29.516476, -17.368834 ], [ 29.516146, -17.37262 ], [ 29.513565, -17.369911 ], [ 29.510996, -17.369755 ], [ 29.508604, -17.372057 ], [ 29.510075, -17.375591 ], [ 29.506556, -17.374203 ], [ 29.50408, -17.376349 ], [ 29.505552, -17.380706 ], [ 29.504273, -17.382108 ], [ 29.504458, -17.385976 ], [ 29.499283, -17.380492 ], [ 29.499661, -17.385989 ], [ 29.502495, -17.38779 ], [ 29.502672, -17.3896 ], [ 29.492396, -17.385827 ], [ 29.491014, -17.385825 ], [ 29.492134, -17.387817 ], [ 29.490665, -17.388644 ], [ 29.487386, -17.386567 ], [ 29.481509, -17.388137 ], [ 29.481941, -17.390044 ], [ 29.484445, -17.390546 ], [ 29.483924, -17.392702 ], [ 29.480039, -17.391536 ], [ 29.480642, -17.393362 ], [ 29.483922, -17.394942 ], [ 29.483573, -17.397015 ], [ 29.480123, -17.393444 ], [ 29.476926, -17.393772 ], [ 29.47425, -17.391944 ], [ 29.472694, -17.392607 ], [ 29.474246, -17.39493 ], [ 29.472863, -17.396671 ], [ 29.469928, -17.394013 ], [ 29.463969, -17.393343 ], [ 29.464059, -17.389857 ], [ 29.460778, -17.388194 ], [ 29.454476, -17.387773 ], [ 29.449894, -17.38959 ], [ 29.447565, -17.387265 ], [ 29.441866, -17.386096 ], [ 29.433844, -17.377043 ], [ 29.42297, -17.37064 ], [ 29.420807, -17.372627 ], [ 29.419504, -17.379013 ], [ 29.42252, -17.383912 ], [ 29.421309, -17.385238 ], [ 29.417249, -17.384982 ], [ 29.420007, -17.389548 ], [ 29.419052, -17.393448 ], [ 29.413131, -17.396757 ], [ 29.40933, -17.397083 ], [ 29.405959, -17.397078 ], [ 29.397762, -17.391423 ], [ 29.393697, -17.39374 ], [ 29.393003, -17.395813 ], [ 29.395589, -17.399384 ], [ 29.397663, -17.399304 ], [ 29.398609, -17.402292 ], [ 29.391176, -17.404853 ], [ 29.385548, -17.413139 ], [ 29.384592, -17.416621 ], [ 29.386745, -17.421105 ], [ 29.384325, -17.422428 ], [ 29.385098, -17.425165 ], [ 29.383711, -17.42815 ], [ 29.377577, -17.427643 ], [ 29.374041, -17.424153 ], [ 29.368508, -17.4263 ], [ 29.362893, -17.425543 ], [ 29.358492, -17.421141 ], [ 29.350712, -17.423449 ], [ 29.349498, -17.426848 ], [ 29.350872, -17.431331 ], [ 29.348623, -17.433648 ], [ 29.332351, -17.430431 ], [ 29.338157, -17.438939 ], [ 29.353352, -17.446673 ], [ 29.359036, -17.458297 ], [ 29.368531, -17.465116 ], [ 29.387512, -17.472504 ], [ 29.391256, -17.472456 ], [ 29.403104, -17.466281 ], [ 29.406476, -17.466585 ], [ 29.406476, -17.473601 ], [ 29.40455, -17.480145 ], [ 29.389518, -17.504023 ], [ 29.396776, -17.513803 ], [ 29.400148, -17.521664 ], [ 29.403459, -17.524764 ], [ 29.403482, -17.526505 ], [ 29.400962, -17.528277 ], [ 29.40306, -17.531274 ], [ 29.406478, -17.533325 ], [ 29.412261, -17.531167 ], [ 29.419109, -17.536199 ], [ 29.424881, -17.533346 ], [ 29.431013, -17.539198 ], [ 29.430001, -17.54502 ], [ 29.435349, -17.546468 ], [ 29.442902, -17.545449 ], [ 29.448181, -17.541786 ], [ 29.452299, -17.541969 ], [ 29.457741, -17.550387 ], [ 29.45258, -17.5537 ], [ 29.451805, -17.559053 ], [ 29.457169, -17.561663 ], [ 29.472568, -17.563223 ], [ 29.478923, -17.567562 ], [ 29.48644, -17.576987 ], [ 29.491533, -17.58622 ], [ 29.485364, -17.595587 ], [ 29.488639, -17.604726 ], [ 29.484138, -17.612099 ], [ 29.485713, -17.621025 ], [ 29.494037, -17.627315 ], [ 29.497318, -17.636801 ], [ 29.500616, -17.638842 ], [ 29.51635, -17.640892 ], [ 29.518997, -17.646359 ], [ 29.523499, -17.64916 ], [ 29.525618, -17.652339 ], [ 29.525482, -17.65615 ], [ 29.521103, -17.663882 ], [ 29.521235, -17.667185 ], [ 29.528122, -17.671387 ], [ 29.537662, -17.671271 ], [ 29.541635, -17.673562 ], [ 29.545608, -17.680173 ], [ 29.545999, -17.690338 ], [ 29.553283, -17.698349 ], [ 29.556064, -17.70407 ], [ 29.558582, -17.70585 ], [ 29.572628, -17.704595 ], [ 29.582169, -17.711082 ], [ 29.583492, -17.715784 ], [ 29.58654, -17.718455 ], [ 29.586142, -17.722266 ], [ 29.588923, -17.727478 ], [ 29.598599, -17.731296 ], [ 29.599789, -17.738539 ], [ 29.60191, -17.740828 ], [ 29.606415, -17.744261 ], [ 29.609464, -17.743882 ], [ 29.617417, -17.732707 ], [ 29.620997, -17.721404 ], [ 29.624311, -17.719246 ], [ 29.628287, -17.719376 ], [ 29.631534, -17.725094 ], [ 29.647968, -17.728408 ], [ 29.652872, -17.738448 ], [ 29.660164, -17.748358 ], [ 29.659922, -17.750998 ], [ 29.665566, -17.754175 ], [ 29.67165, -17.767733 ], [ 29.678705, -17.771184 ], [ 29.690473, -17.773383 ], [ 29.693303, -17.771494 ], [ 29.695394, -17.765183 ], [ 29.698411, -17.763925 ], [ 29.704802, -17.769271 ], [ 29.717031, -17.774989 ], [ 29.717577, -17.782755 ], [ 29.732058, -17.794255 ], [ 29.738447, -17.81069 ], [ 29.738687, -17.827931 ], [ 29.750162, -17.837076 ], [ 29.751949, -17.838163 ], [ 29.756112, -17.833769 ], [ 29.762631, -17.818299 ], [ 29.766602, -17.814852 ], [ 29.775773, -17.818637 ], [ 29.782142, -17.818616 ], [ 29.787506, -17.815544 ], [ 29.790697, -17.817252 ], [ 29.78556, -17.82833 ], [ 29.785176, -17.832908 ], [ 29.787181, -17.836906 ], [ 29.791174, -17.840134 ], [ 29.791181, -17.842614 ], [ 29.78505, -17.854459 ], [ 29.787852, -17.858646 ], [ 29.794426, -17.859386 ], [ 29.812927, -17.854935 ], [ 29.820261, -17.845372 ], [ 29.8294, -17.84038 ], [ 29.832188, -17.840942 ], [ 29.833215, -17.849139 ], [ 29.836203, -17.852361 ], [ 29.841723, -17.853261 ], [ 29.863266, -17.849151 ], [ 29.877981, -17.825002 ], [ 29.88409, -17.818431 ], [ 29.888021, -17.815393 ], [ 29.899831, -17.811065 ], [ 29.919356, -17.796046 ], [ 29.927754, -17.792906 ], [ 29.931333, -17.788442 ], [ 29.937412, -17.77575 ], [ 29.944212, -17.767581 ], [ 29.948406, -17.765462 ], [ 29.947132, -17.753969 ], [ 29.951784, -17.741478 ], [ 29.951006, -17.730699 ], [ 29.954532, -17.726349 ], [ 29.956302, -17.711458 ], [ 29.962386, -17.704753 ], [ 29.980879, -17.667893 ], [ 29.988648, -17.655671 ], [ 30.010435, -17.639738 ], [ 30.010414, -17.63511 ], [ 30.21309, -17.600227 ], [ 30.220969, -17.587523 ], [ 30.220199, -17.577327 ], [ 30.228067, -17.563948 ], [ 30.227586, -17.554017 ], [ 30.225118, -17.54396 ], [ 30.226495, -17.536349 ], [ 30.223182, -17.527114 ], [ 30.227973, -17.521644 ], [ 30.228803, -17.517965 ], [ 30.226232, -17.514578 ], [ 30.225929, -17.51104 ], [ 30.218389, -17.506453 ], [ 30.216529, -17.503743 ], [ 30.21545, -17.498853 ], [ 30.216859, -17.493852 ], [ 30.215356, -17.485404 ], [ 30.211112, -17.477387 ], [ 30.210634, -17.470872 ], [ 30.207864, -17.467285 ], [ 30.204542, -17.467306 ], [ 30.200917, -17.465124 ], [ 30.197556, -17.452189 ], [ 30.197346, -17.445176 ], [ 30.205187, -17.444575 ], [ 30.205944, -17.443479 ], [ 30.204705, -17.434521 ], [ 30.209936, -17.424548 ], [ 30.208539, -17.418344 ], [ 30.182242, -17.415635 ], [ 30.147892, -17.41606 ], [ 30.149486, -17.408768 ], [ 30.139278, -17.391667 ], [ 30.126494, -17.378389 ], [ 30.09217, -17.393334 ], [ 30.082501, -17.389332 ], [ 30.077144, -17.400214 ], [ 30.080039, -17.404422 ], [ 30.07598, -17.410688 ], [ 30.07343, -17.407496 ], [ 30.068312, -17.409961 ], [ 30.065329, -17.404634 ], [ 30.061748, -17.403566 ], [ 30.05939, -17.398858 ], [ 30.057482, -17.399135 ], [ 30.052974, -17.396529 ], [ 30.04822, -17.386514 ], [ 30.049685, -17.380948 ], [ 30.039562, -17.372367 ], [ 30.03625, -17.361267 ], [ 30.037973, -17.359362 ], [ 30.037592, -17.356716 ], [ 30.03573, -17.354148 ], [ 30.030601, -17.350821 ], [ 30.029059, -17.348056 ], [ 30.024936, -17.347893 ], [ 30.02289, -17.350199 ], [ 30.023637, -17.326279 ], [ 30.022165, -17.321434 ], [ 30.015186, -17.312737 ], [ 30.009971, -17.309577 ], [ 30.006611, -17.309371 ], [ 30.003773, -17.307259 ], [ 30.003908, -17.305432 ], [ 30.046575, -17.283751 ], [ 30.069939, -17.357983 ], [ 30.092677, -17.371623 ], [ 30.09871, -17.357996 ], [ 30.125785, -17.354527 ], [ 30.132556, -17.347615 ], [ 30.147234, -17.362149 ], [ 30.160781, -17.354113 ], [ 30.149316, -17.343079 ], [ 30.165681, -17.325148 ], [ 30.176827, -17.322461 ], [ 30.192853, -17.304907 ], [ 30.233962, -17.311501 ] ] ] } },
{ "type": "Feature", "properties": { "admin_name": "Makoni", "tiles": 25.0, "tests": 39.0, "devices": 25.0, "pop_weight": 2707.3432996273041, "area_km2": 8.4336985549049182, "d_mean_tile": 54.69336, "d_median_tile": 58.941, "d_mean_pop": 35.113977167812635, "d_median_pop": 19.991608741530033, "d_p10_pop": 0.357, "d_p90_pop": 76.066004656104312, "u_median_pop": 6.593648878143604, "lat_median_pop": 20.953339440840779, "pct_above_bb": 54.759487838835163, "pct_above_hi": 48.593689755081172, "divide_ratio": 213.07004105351348, "pop_total": 321354.10875252821, "pop_covered": 2707.3432996273041, "pop_coverage_pct": 0.84247975236321127, "level": "ADM2" }, "geometry": { "type": "Polygon", "coordinates": [ [ [ 32.033074, -19.173394 ], [ 32.033093, -19.170119 ], [ 32.035439, -19.167581 ], [ 32.03468, -19.161577 ], [ 32.037278, -19.160452 ], [ 32.040233, -19.154086 ], [ 32.043545, -19.153664 ], [ 32.052601, -19.157058 ], [ 32.066047, -19.142192 ], [ 32.074057, -19.142276 ], [ 32.08179, -19.138048 ], [ 32.086779, -19.139663 ], [ 32.090102, -19.134651 ], [ 32.090934, -19.127314 ], [ 32.089606, -19.124882 ], [ 32.086245, -19.123219 ], [ 32.085627, -19.11527 ], [ 32.081401, -19.111673 ], [ 32.083678, -19.106327 ], [ 32.083346, -19.10147 ], [ 32.088313, -19.089627 ], [ 32.107329, -19.073346 ], [ 32.110727, -19.07214 ], [ 32.116434, -19.063713 ], [ 32.114088, -19.052291 ], [ 32.115259, -19.047659 ], [ 32.117296, -19.045622 ], [ 32.123102, -19.044203 ], [ 32.133505, -19.036781 ], [ 32.13944, -19.028905 ], [ 32.141119, -19.020752 ], [ 32.147912, -19.003881 ], [ 32.146699, -19.001064 ], [ 32.148858, -18.996493 ], [ 32.164094, -18.992609 ], [ 32.167977, -18.985012 ], [ 32.175427, -18.981227 ], [ 32.179168, -18.969183 ], [ 32.17847, -18.967423 ], [ 32.176137, -18.967499 ], [ 32.174439, -18.963055 ], [ 32.175469, -18.958075 ], [ 32.180824, -18.948848 ], [ 32.185192, -18.945931 ], [ 32.183353, -18.942869 ], [ 32.186096, -18.939445 ], [ 32.182426, -18.931687 ], [ 32.185611, -18.927302 ], [ 32.184528, -18.922364 ], [ 32.182117, -18.920052 ], [ 32.182746, -18.91658 ], [ 32.179973, -18.916904 ], [ 32.1717, -18.906536 ], [ 32.168191, -18.903592 ], [ 32.165028, -18.903247 ], [ 32.165558, -18.902241 ], [ 32.202186, -18.902066 ], [ 32.207862, -18.895745 ], [ 32.208324, -18.885282 ], [ 32.212302, -18.880617 ], [ 32.214251, -18.874785 ], [ 32.217486, -18.871775 ], [ 32.220165, -18.866021 ], [ 32.218932, -18.862448 ], [ 32.220654, -18.858454 ], [ 32.220105, -18.854343 ], [ 32.218867, -18.851959 ], [ 32.215575, -18.851729 ], [ 32.216274, -18.848055 ], [ 32.212656, -18.844472 ], [ 32.213696, -18.8408 ], [ 32.211327, -18.83733 ], [ 32.212718, -18.828838 ], [ 32.19561, -18.803323 ], [ 32.206806, -18.773567 ], [ 32.249631, -18.787841 ], [ 32.271238, -18.765391 ], [ 32.27971, -18.76028 ], [ 32.324874, -18.749256 ], [ 32.345168, -18.726775 ], [ 32.355723, -18.725909 ], [ 32.360514, -18.746571 ], [ 32.369726, -18.738791 ], [ 32.385554, -18.738785 ], [ 32.395345, -18.733043 ], [ 32.395883, -18.737557 ], [ 32.400213, -18.738861 ], [ 32.404928, -18.746248 ], [ 32.407468, -18.755887 ], [ 32.412008, -18.756377 ], [ 32.410592, -18.760295 ], [ 32.414327, -18.760576 ], [ 32.418096, -18.767409 ], [ 32.447739, -18.74058 ], [ 32.463367, -18.763977 ], [ 32.466098, -18.761619 ], [ 32.487544, -18.762385 ], [ 32.481731, -18.758484 ], [ 32.480895, -18.755933 ], [ 32.484328, -18.752061 ], [ 32.48413, -18.74503 ], [ 32.486137, -18.740317 ], [ 32.485366, -18.732392 ], [ 32.481067, -18.728627 ], [ 32.483195, -18.726724 ], [ 32.480323, -18.710301 ], [ 32.485313, -18.704585 ], [ 32.483684, -18.701287 ], [ 32.485995, -18.698168 ], [ 32.484855, -18.692787 ], [ 32.482547, -18.693825 ], [ 32.481639, -18.692898 ], [ 32.482135, -18.689314 ], [ 32.478324, -18.684739 ], [ 32.478934, -18.681792 ], [ 32.476463, -18.676763 ], [ 32.476348, -18.672831 ], [ 32.479629, -18.671909 ], [ 32.479934, -18.67058 ], [ 32.473647, -18.662128 ], [ 32.467609, -18.65038 ], [ 32.469436, -18.646857 ], [ 32.467509, -18.641821 ], [ 32.459586, -18.632619 ], [ 32.459293, -18.629266 ], [ 32.456813, -18.62608 ], [ 32.453484, -18.624284 ], [ 32.447861, -18.617738 ], [ 32.448422, -18.612709 ], [ 32.439476, -18.600838 ], [ 32.450085, -18.590795 ], [ 32.452446, -18.592304 ], [ 32.45451, -18.591497 ], [ 32.458099, -18.586074 ], [ 32.457439, -18.582777 ], [ 32.458778, -18.580697 ], [ 32.456725, -18.578208 ], [ 32.465053, -18.56868 ], [ 32.469848, -18.566259 ], [ 32.471252, -18.56285 ], [ 32.474712, -18.561294 ], [ 32.474605, -18.555048 ], [ 32.480697, -18.541534 ], [ 32.486285, -18.537437 ], [ 32.484061, -18.529106 ], [ 32.487674, -18.522919 ], [ 32.422364, -18.481605 ], [ 32.445835, -18.399458 ], [ 32.440769, -18.373007 ], [ 32.409639, -18.384637 ], [ 32.424679, -18.336178 ], [ 32.45388, -18.319021 ], [ 32.420731, -18.292799 ], [ 32.418381, -18.276307 ], [ 32.412427, -18.27211 ], [ 32.410562, -18.268993 ], [ 32.406747, -18.25302 ], [ 32.401613, -18.242212 ], [ 32.402478, -18.239766 ], [ 32.387067, -18.222489 ], [ 32.383817, -18.214875 ], [ 32.380572, -18.213643 ], [ 32.379801, -18.209186 ], [ 32.383024, -18.205229 ], [ 32.384649, -18.198219 ], [ 32.38907, -18.193545 ], [ 32.393754, -18.192826 ], [ 32.400724, -18.188005 ], [ 32.404466, -18.183198 ], [ 32.409219, -18.181428 ], [ 32.414041, -18.177086 ], [ 32.419319, -18.175547 ], [ 32.43293, -18.162438 ], [ 32.436508, -18.157113 ], [ 32.439491, -18.15569 ], [ 32.444264, -18.156356 ], [ 32.44952, -18.152328 ], [ 32.4602, -18.15127 ], [ 32.468356, -18.138169 ], [ 32.475959, -18.129317 ], [ 32.477451, -18.122679 ], [ 32.481486, -18.121191 ], [ 32.481513, -18.117761 ], [ 32.484111, -18.116085 ], [ 32.486129, -18.108479 ], [ 32.490523, -18.107159 ], [ 32.492289, -18.104115 ], [ 32.496508, -18.101307 ], [ 32.508223, -18.098181 ], [ 32.512316, -18.094724 ], [ 32.521722, -18.091327 ], [ 32.525136, -18.08643 ], [ 32.530149, -18.084319 ], [ 32.5309, -18.081839 ], [ 32.535043, -18.081498 ], [ 32.53666, -18.077305 ], [ 32.547116, -18.071569 ], [ 32.54905, -18.067829 ], [ 32.551683, -18.066494 ], [ 32.555081, -18.061581 ], [ 32.553628, -18.058112 ], [ 32.557663, -18.057452 ], [ 32.557545, -18.049413 ], [ 32.562183, -18.0473 ], [ 32.563797, -18.044822 ], [ 32.564831, -18.030695 ], [ 32.574875, -18.018608 ], [ 32.570484, -18.01237 ], [ 32.573471, -18.008686 ], [ 32.575096, -17.996047 ], [ 32.579475, -17.983881 ], [ 32.580715, -17.982283 ], [ 32.583283, -17.982537 ], [ 32.586041, -17.97914 ], [ 32.584839, -17.975031 ], [ 32.585976, -17.966331 ], [ 32.588249, -17.963134 ], [ 32.595382, -17.96151 ], [ 32.606421, -17.950648 ], [ 32.60031, -17.934414 ], [ 32.599158, -17.925858 ], [ 32.594966, -17.918906 ], [ 32.59975, -17.910362 ], [ 32.596419, -17.906635 ], [ 32.595595, -17.891461 ], [ 32.593074, -17.886712 ], [ 32.59418, -17.880028 ], [ 32.58987, -17.87326 ], [ 32.589211, -17.865748 ], [ 32.583317, -17.862855 ], [ 32.580238, -17.859212 ], [ 32.563625, -17.826292 ], [ 32.569157, -17.820004 ], [ 32.569035, -17.818167 ], [ 32.56488, -17.818654 ], [ 32.56506, -17.811192 ], [ 32.558121, -17.809231 ], [ 32.557671, -17.804655 ], [ 32.560032, -17.801292 ], [ 32.5564, -17.796899 ], [ 32.553071, -17.796117 ], [ 32.547277, -17.786383 ], [ 32.549546, -17.783255 ], [ 32.54876, -17.777418 ], [ 32.553773, -17.768301 ], [ 32.551313, -17.761012 ], [ 32.554398, -17.754362 ], [ 32.551755, -17.75119 ], [ 32.543954, -17.74682 ], [ 32.538285, -17.73946 ], [ 32.54157, -17.728511 ], [ 32.539662, -17.719255 ], [ 32.54453, -17.708954 ], [ 32.54878, -17.703454 ], [ 32.549768, -17.697749 ], [ 32.544168, -17.689059 ], [ 32.540834, -17.66961 ], [ 32.539628, -17.647439 ], [ 32.540681, -17.646022 ], [ 32.550607, -17.644378 ], [ 32.555241, -17.641054 ], [ 32.578072, -17.633734 ], [ 32.577679, -17.628468 ], [ 32.579937, -17.625636 ], [ 32.580601, -17.621753 ], [ 32.579363, -17.605914 ], [ 32.574505, -17.603462 ], [ 32.57143, -17.604696 ], [ 32.568668, -17.601634 ], [ 32.567966, -17.59723 ], [ 32.564384, -17.600701 ], [ 32.562462, -17.596324 ], [ 32.55883, -17.59936 ], [ 32.556473, -17.605883 ], [ 32.550469, -17.606497 ], [ 32.551435, -17.615288 ], [ 32.54844, -17.619384 ], [ 32.546388, -17.619388 ], [ 32.542111, -17.615452 ], [ 32.536264, -17.61455 ], [ 32.533265, -17.617434 ], [ 32.530736, -17.617589 ], [ 32.524411, -17.614717 ], [ 32.519036, -17.614876 ], [ 32.512255, -17.610115 ], [ 32.502648, -17.608823 ], [ 32.493506, -17.619071 ], [ 32.491701, -17.624215 ], [ 32.482485, -17.626359 ], [ 32.480041, -17.623939 ], [ 32.473209, -17.626721 ], [ 32.470607, -17.633898 ], [ 32.470393, -17.639616 ], [ 32.464938, -17.64685 ], [ 32.461024, -17.648177 ], [ 32.454086, -17.653754 ], [ 32.448379, -17.655396 ], [ 32.442337, -17.660402 ], [ 32.442658, -17.664152 ], [ 32.445767, -17.665175 ], [ 32.442509, -17.669871 ], [ 32.435475, -17.672206 ], [ 32.425358, -17.66386 ], [ 32.422116, -17.663218 ], [ 32.412411, -17.671577 ], [ 32.40804, -17.670804 ], [ 32.402131, -17.673639 ], [ 32.391416, -17.671691 ], [ 32.38202, -17.674644 ], [ 32.376028, -17.681277 ], [ 32.365733, -17.68875 ], [ 32.351919, -17.696212 ], [ 32.338317, -17.706887 ], [ 32.331252, -17.708945 ], [ 32.326934, -17.718141 ], [ 32.324859, -17.719758 ], [ 32.31895, -17.723129 ], [ 32.309097, -17.721456 ], [ 32.300942, -17.725192 ], [ 32.291603, -17.73392 ], [ 32.293202, -17.739071 ], [ 32.290753, -17.741824 ], [ 32.280575, -17.742975 ], [ 32.2757, -17.746381 ], [ 32.267744, -17.759982 ], [ 32.268701, -17.764052 ], [ 32.265737, -17.77062 ], [ 32.260908, -17.771646 ], [ 32.245748, -17.787596 ], [ 32.239171, -17.789389 ], [ 32.231387, -17.796041 ], [ 32.226504, -17.79784 ], [ 32.21477, -17.811957 ], [ 32.205336, -17.816371 ], [ 32.202239, -17.820366 ], [ 32.190895, -17.81995 ], [ 32.184196, -17.827652 ], [ 32.175033, -17.828672 ], [ 32.163666, -17.833689 ], [ 32.160584, -17.833489 ], [ 32.155579, -17.839862 ], [ 32.148701, -17.842507 ], [ 32.147595, -17.845079 ], [ 32.149674, -17.848518 ], [ 32.151425, -17.857955 ], [ 32.148831, -17.859853 ], [ 32.142899, -17.874422 ], [ 32.146195, -17.8956 ], [ 32.143582, -17.902267 ], [ 32.140881, -17.904926 ], [ 32.141362, -17.909507 ], [ 32.147622, -17.912578 ], [ 32.14811, -17.914582 ], [ 32.145524, -17.916843 ], [ 32.147656, -17.928301 ], [ 32.138379, -17.931893 ], [ 32.12763, -17.94225 ], [ 32.100237, -17.963767 ], [ 32.080107, -17.98611 ], [ 32.052982, -18.009209 ], [ 32.051365, -18.015483 ], [ 32.047001, -18.022127 ], [ 32.042568, -18.024497 ], [ 32.036388, -18.032387 ], [ 32.02295, -18.043466 ], [ 32.017457, -18.045257 ], [ 32.017163, -18.048223 ], [ 32.013738, -18.053452 ], [ 32.006753, -18.054686 ], [ 31.991265, -18.067365 ], [ 31.985151, -18.0706 ], [ 31.980135, -18.077557 ], [ 31.973486, -18.080348 ], [ 31.977247, -18.086501 ], [ 31.994483, -18.106267 ], [ 32.000542, -18.144402 ], [ 31.868409, -18.142036 ], [ 31.869164, -18.14839 ], [ 31.872302, -18.151815 ], [ 31.871713, -18.155141 ], [ 31.874545, -18.165382 ], [ 31.873677, -18.169916 ], [ 31.874913, -18.173273 ], [ 31.86563, -18.186221 ], [ 31.86863, -18.193102 ], [ 31.864861, -18.201456 ], [ 31.865951, -18.204318 ], [ 31.86365, -18.212821 ], [ 31.8646, -18.216689 ], [ 31.863446, -18.220583 ], [ 31.864654, -18.224682 ], [ 31.863845, -18.228611 ], [ 31.861768, -18.230558 ], [ 31.860639, -18.237115 ], [ 31.856362, -18.238574 ], [ 31.8548, -18.242997 ], [ 31.854581, -18.248227 ], [ 31.857749, -18.256084 ], [ 31.855044, -18.259237 ], [ 31.856784, -18.262176 ], [ 31.856767, -18.273026 ], [ 31.853282, -18.276476 ], [ 31.859771, -18.284471 ], [ 31.856862, -18.289022 ], [ 31.859448, -18.296361 ], [ 31.858314, -18.302096 ], [ 31.858842, -18.317247 ], [ 31.861905, -18.32199 ], [ 31.864093, -18.329941 ], [ 31.856294, -18.347029 ], [ 31.854543, -18.363914 ], [ 31.850153, -18.36722 ], [ 31.844465, -18.37844 ], [ 31.841555, -18.380374 ], [ 31.845064, -18.387562 ], [ 31.840818, -18.388235 ], [ 31.832151, -18.393064 ], [ 31.830786, -18.397449 ], [ 31.831337, -18.399896 ], [ 31.83643, -18.402909 ], [ 31.844954, -18.414947 ], [ 31.844299, -18.427224 ], [ 31.814916, -18.435683 ], [ 31.761803, -18.447563 ], [ 31.749449, -18.498928 ], [ 31.721807, -18.513259 ], [ 31.750347, -18.53676 ], [ 31.746965, -18.546795 ], [ 31.771648, -18.570748 ], [ 31.769896, -18.573567 ], [ 31.770844, -18.579472 ], [ 31.756409, -18.591409 ], [ 31.755624, -18.597303 ], [ 31.750904, -18.601302 ], [ 31.75244, -18.605255 ], [ 31.758272, -18.611686 ], [ 31.758604, -18.616695 ], [ 31.756682, -18.622262 ], [ 31.763207, -18.636013 ], [ 31.772465, -18.639519 ], [ 31.772349, -18.646592 ], [ 31.77381, -18.649257 ], [ 31.781397, -18.654277 ], [ 31.781685, -18.658039 ], [ 31.785687, -18.663128 ], [ 31.785934, -18.669002 ], [ 31.787185, -18.669479 ], [ 31.790105, -18.667251 ], [ 31.792691, -18.667967 ], [ 31.795608, -18.676078 ], [ 31.813289, -18.694756 ], [ 31.830345, -18.722978 ], [ 31.833681, -18.735533 ], [ 31.829674, -18.743565 ], [ 31.829674, -18.747065 ], [ 31.841692, -18.746342 ], [ 31.848249, -18.751699 ], [ 31.85202, -18.752412 ], [ 31.858132, -18.748479 ], [ 31.869063, -18.745608 ], [ 31.883086, -18.748459 ], [ 31.888373, -18.758806 ], [ 31.892167, -18.762554 ], [ 31.902592, -18.787235 ], [ 31.908186, -18.793639 ], [ 31.909147, -18.798231 ], [ 31.906597, -18.812532 ], [ 31.908359, -18.815045 ], [ 31.908491, -18.8191 ], [ 31.906559, -18.822022 ], [ 31.906765, -18.8339 ], [ 31.909344, -18.84372 ], [ 31.913261, -18.849314 ], [ 31.912296, -18.8633 ], [ 31.91394, -18.870627 ], [ 31.917223, -18.874789 ], [ 31.917454, -18.891771 ], [ 31.921036, -18.904996 ], [ 31.923178, -18.907007 ], [ 31.929079, -18.90782 ], [ 31.931893, -18.904296 ], [ 31.934165, -18.904055 ], [ 31.946158, -18.912746 ], [ 31.95164, -18.921195 ], [ 31.954083, -18.920796 ], [ 31.951734, -18.924664 ], [ 31.948279, -18.937967 ], [ 31.952615, -18.94113 ], [ 31.956616, -18.948098 ], [ 31.967277, -18.958969 ], [ 31.96985, -18.966312 ], [ 31.975876, -18.970135 ], [ 31.975311, -18.996082 ], [ 31.978529, -19.005506 ], [ 31.975695, -19.010761 ], [ 31.974312, -19.0227 ], [ 31.975021, -19.034454 ], [ 31.977426, -19.042223 ], [ 31.97649, -19.046116 ], [ 31.969097, -19.053102 ], [ 31.971912, -19.0691 ], [ 31.969707, -19.084648 ], [ 31.97143, -19.093239 ], [ 31.982626, -19.112104 ], [ 31.982807, -19.118116 ], [ 31.989094, -19.130464 ], [ 31.997362, -19.139961 ], [ 32.000273, -19.155804 ], [ 32.008139, -19.155407 ], [ 32.02104, -19.164049 ], [ 32.027739, -19.165623 ], [ 32.033074, -19.173394 ] ], [ [ 32.125028, -18.518358 ], [ 32.126494, -18.512219 ], [ 32.131554, -18.509077 ], [ 32.134263, -18.509518 ], [ 32.162426, -18.561881 ], [ 32.130255, -18.549272 ], [ 32.129135, -18.552718 ], [ 32.123266, -18.556365 ], [ 32.109005, -18.555633 ], [ 32.10803, -18.548845 ], [ 32.105272, -18.544138 ], [ 32.10998, -18.542891 ], [ 32.112394, -18.539723 ], [ 32.113529, -18.526238 ], [ 32.118688, -18.521184 ], [ 32.125028, -18.518358 ] ] ] } },
{ "type": "Feature", "properties": { "admin_name": "Mangwe", "tiles": 10.0, "tests": 180.0, "devices": 26.0, "pop_weight": 620.83779335021973, "area_km2": 3.2641673546874319, "d_mean_tile": 55.1559, "d_median_tile": 45.8305, "d_mean_pop": 49.363291832350455, "d_median_pop": 45.661270264690302, "d_p10_pop": 14.8979354212088, "d_p90_pop": 97.529548064575891, "u_median_pop": 26.632050662825876, "lat_median_pop": 39.0, "pct_above_bb": 87.630589859123631, "pct_above_hi": 87.630589859123631, "divide_ratio": 6.546514352970827, "pop_total": 72443.206709846752, "pop_covered": 620.83779335021973, "pop_coverage_pct": 0.85699932615742858, "level": "ADM2" }, "geometry": { "type": "Polygon", "coordinates": [ [ [ 27.928546, -20.488248 ], [ 27.905194, -20.515581 ], [ 27.867689, -20.525891 ], [ 27.843533, -20.561591 ], [ 27.81899, -20.593056 ], [ 27.785849, -20.563409 ], [ 27.773057, -20.554397 ], [ 27.780951, -20.528854 ], [ 27.723793, -20.512766 ], [ 27.730306, -20.52309 ], [ 27.7274, -20.532544 ], [ 27.73126, -20.541422 ], [ 27.726991, -20.548225 ], [ 27.729336, -20.554957 ], [ 27.723842, -20.565406 ], [ 27.718587, -20.571711 ], [ 27.722224, -20.57794 ], [ 27.719251, -20.583097 ], [ 27.714379, -20.585246 ], [ 27.711091, -20.594986 ], [ 27.708125, -20.595846 ], [ 27.704692, -20.601145 ], [ 27.705186, -20.621046 ], [ 27.706094, -20.622908 ], [ 27.708451, -20.622837 ], [ 27.709056, -20.625342 ], [ 27.706004, -20.629854 ], [ 27.70653, -20.633506 ], [ 27.704392, -20.637159 ], [ 27.705746, -20.645538 ], [ 27.703982, -20.653128 ], [ 27.707007, -20.661935 ], [ 27.705861, -20.664514 ], [ 27.708894, -20.66974 ], [ 27.712312, -20.672382 ], [ 27.714356, -20.67804 ], [ 27.716182, -20.677681 ], [ 27.717542, -20.683482 ], [ 27.726352, -20.691499 ], [ 27.724372, -20.692573 ], [ 27.724826, -20.694292 ], [ 27.731283, -20.699016 ], [ 27.731506, -20.701666 ], [ 27.734701, -20.702452 ], [ 27.730816, -20.705676 ], [ 27.729662, -20.711905 ], [ 27.733082, -20.714625 ], [ 27.728055, -20.717851 ], [ 27.727214, -20.719999 ], [ 27.728882, -20.722719 ], [ 27.729099, -20.729466 ], [ 27.730539, -20.732043 ], [ 27.732443, -20.732329 ], [ 27.732054, -20.736983 ], [ 27.734636, -20.739489 ], [ 27.730669, -20.745506 ], [ 27.736032, -20.760352 ], [ 27.735119, -20.766255 ], [ 27.725779, -20.780454 ], [ 27.725503, -20.788125 ], [ 27.72238, -20.790793 ], [ 27.720837, -20.796406 ], [ 27.721196, -20.805843 ], [ 27.716817, -20.81556 ], [ 27.714991, -20.82456 ], [ 27.713094, -20.826742 ], [ 27.71695, -20.836601 ], [ 27.71284, -20.841109 ], [ 27.710963, -20.847837 ], [ 27.706672, -20.84809 ], [ 27.702836, -20.855534 ], [ 27.696865, -20.859215 ], [ 27.694202, -20.863958 ], [ 27.692797, -20.876618 ], [ 27.699629, -20.891786 ], [ 27.700565, -20.904404 ], [ 27.696754, -20.909794 ], [ 27.696512, -20.923061 ], [ 27.690077, -20.932452 ], [ 27.695997, -20.939398 ], [ 27.697723, -20.944985 ], [ 27.704064, -20.94959 ], [ 27.70983, -20.956682 ], [ 27.709006, -20.966498 ], [ 27.702724, -20.976118 ], [ 27.701973, -20.980068 ], [ 27.702993, -20.992299 ], [ 27.707436, -20.999058 ], [ 27.698152, -21.001379 ], [ 27.69631, -21.004842 ], [ 27.700611, -21.011394 ], [ 27.699154, -21.016804 ], [ 27.702839, -21.021195 ], [ 27.70146, -21.028045 ], [ 27.704533, -21.036979 ], [ 27.698931, -21.044196 ], [ 27.686956, -21.047961 ], [ 27.685881, -21.049763 ], [ 27.689415, -21.059051 ], [ 27.690031, -21.065321 ], [ 27.696329, -21.073819 ], [ 27.693643, -21.084129 ], [ 27.699482, -21.088951 ], [ 27.70079, -21.098248 ], [ 27.704016, -21.101127 ], [ 27.712388, -21.104573 ], [ 27.717305, -21.112205 ], [ 27.723988, -21.115288 ], [ 27.733062, -21.131059 ], [ 27.747122, -21.139467 ], [ 27.750816, -21.149841 ], [ 27.753584, -21.152431 ], [ 27.75827, -21.154153 ], [ 27.769918, -21.15406 ], [ 27.778909, -21.15743 ], [ 27.788684, -21.176575 ], [ 27.793601, -21.176926 ], [ 27.801741, -21.172297 ], [ 27.804892, -21.173731 ], [ 27.81651, -21.188123 ], [ 27.816745, -21.191005 ], [ 27.813521, -21.194905 ], [ 27.813678, -21.196995 ], [ 27.819671, -21.198351 ], [ 27.825363, -21.201582 ], [ 27.829832, -21.211664 ], [ 27.835914, -21.220299 ], [ 27.843273, -21.228943 ], [ 27.856122, -21.239509 ], [ 27.868128, -21.266973 ], [ 27.883526, -21.278969 ], [ 27.882834, -21.284533 ], [ 27.884944, -21.288584 ], [ 27.90348, -21.300657 ], [ 27.916912, -21.32218 ], [ 27.919948, -21.329569 ], [ 27.917207, -21.340697 ], [ 27.919197, -21.360566 ], [ 27.930867, -21.376333 ], [ 27.945605, -21.387927 ], [ 27.948468, -21.39746 ], [ 27.956757, -21.410789 ], [ 27.957085, -21.415559 ], [ 27.951129, -21.423829 ], [ 27.950949, -21.428757 ], [ 27.966031, -21.440823 ], [ 27.972362, -21.451944 ], [ 27.980163, -21.456547 ], [ 27.975572, -21.460842 ], [ 27.966919, -21.458147 ], [ 27.962674, -21.459265 ], [ 27.957219, -21.470395 ], [ 27.957379, -21.474527 ], [ 27.960433, -21.476274 ], [ 27.975708, -21.478484 ], [ 27.984357, -21.483563 ], [ 27.984012, -21.486742 ], [ 27.973129, -21.4947 ], [ 27.972444, -21.498039 ], [ 27.976034, -21.501655 ], [ 27.976738, -21.504567 ], [ 27.971217, -21.511582 ], [ 27.971424, -21.516081 ], [ 27.978277, -21.522435 ], [ 27.984294, -21.514958 ], [ 27.992141, -21.515686 ], [ 28.00374, -21.513768 ], [ 28.003454, -21.518334 ], [ 27.996448, -21.524025 ], [ 27.996795, -21.530511 ], [ 28.005416, -21.539048 ], [ 28.009154, -21.551026 ], [ 28.008233, -21.555189 ], [ 28.019112, -21.571997 ], [ 28.023356, -21.573849 ], [ 28.035876, -21.574708 ], [ 28.050727, -21.577847 ], [ 28.067848, -21.57718 ], [ 28.080946, -21.581543 ], [ 28.093821, -21.5773 ], [ 28.099198, -21.577429 ], [ 28.117305, -21.582182 ], [ 28.122964, -21.584957 ], [ 28.133577, -21.586273 ], [ 28.14433, -21.591161 ], [ 28.170788, -21.592724 ], [ 28.197532, -21.601695 ], [ 28.204183, -21.601687 ], [ 28.249863, -21.59408 ], [ 28.286128, -21.590751 ], [ 28.292631, -21.587371 ], [ 28.298752, -21.591169 ], [ 28.309443, -21.594192 ], [ 28.325351, -21.595497 ], [ 28.339101, -21.598786 ], [ 28.347541, -21.605794 ], [ 28.361757, -21.602133 ], [ 28.375898, -21.60595 ], [ 28.381741, -21.608451 ], [ 28.388393, -21.616428 ], [ 28.392691, -21.616945 ], [ 28.39396, -21.613554 ], [ 28.388746, -21.593578 ], [ 28.387079, -21.591747 ], [ 28.379818, -21.59291 ], [ 28.375227, -21.589903 ], [ 28.370834, -21.573973 ], [ 28.367098, -21.567442 ], [ 28.369354, -21.561834 ], [ 28.3794, -21.561327 ], [ 28.382898, -21.559114 ], [ 28.381428, -21.544417 ], [ 28.384376, -21.539983 ], [ 28.384256, -21.535676 ], [ 28.373299, -21.522217 ], [ 28.359261, -21.511752 ], [ 28.356773, -21.507049 ], [ 28.356951, -21.498839 ], [ 28.354761, -21.492998 ], [ 28.352712, -21.491534 ], [ 28.345067, -21.493241 ], [ 28.337523, -21.491234 ], [ 28.325152, -21.474305 ], [ 28.319444, -21.459451 ], [ 28.314892, -21.456296 ], [ 28.30481, -21.454166 ], [ 28.297745, -21.439829 ], [ 28.289053, -21.434719 ], [ 28.287607, -21.424636 ], [ 28.282766, -21.418003 ], [ 28.285126, -21.408491 ], [ 28.281653, -21.407496 ], [ 28.275413, -21.409775 ], [ 28.27238, -21.409117 ], [ 28.271211, -21.399934 ], [ 28.267196, -21.396359 ], [ 28.260228, -21.384191 ], [ 28.259231, -21.367741 ], [ 28.250041, -21.359354 ], [ 28.240111, -21.353115 ], [ 28.236334, -21.34644 ], [ 28.228569, -21.341944 ], [ 28.215735, -21.32432 ], [ 28.203641, -21.320997 ], [ 28.196513, -21.312817 ], [ 28.196895, -21.309228 ], [ 28.203147, -21.298957 ], [ 28.208708, -21.297697 ], [ 28.211716, -21.295307 ], [ 28.212622, -21.292208 ], [ 28.212401, -21.288968 ], [ 28.208052, -21.283118 ], [ 28.205434, -21.274946 ], [ 28.199584, -21.267755 ], [ 28.199964, -21.26536 ], [ 28.205979, -21.261494 ], [ 28.203811, -21.254027 ], [ 28.210844, -21.248067 ], [ 28.209217, -21.243698 ], [ 28.20378, -21.239978 ], [ 28.208532, -21.232436 ], [ 28.207279, -21.223964 ], [ 28.2108, -21.21256 ], [ 28.209032, -21.206709 ], [ 28.202881, -21.197202 ], [ 28.205872, -21.187749 ], [ 28.216307, -21.180262 ], [ 28.22032, -21.171034 ], [ 28.220297, -21.161376 ], [ 28.217756, -21.154417 ], [ 28.218886, -21.147207 ], [ 28.212267, -21.138589 ], [ 28.217026, -21.135573 ], [ 28.217905, -21.12996 ], [ 28.224718, -21.127502 ], [ 28.231829, -21.118778 ], [ 28.231873, -21.115712 ], [ 28.228344, -21.110042 ], [ 28.228403, -21.105254 ], [ 28.226828, -21.10307 ], [ 28.221916, -21.101004 ], [ 28.22052, -21.095413 ], [ 28.221407, -21.093269 ], [ 28.223988, -21.09374 ], [ 28.227701, -21.090429 ], [ 28.225807, -21.083516 ], [ 28.226813, -21.08068 ], [ 28.225048, -21.07879 ], [ 28.225426, -21.07684 ], [ 28.223158, -21.076426 ], [ 28.224856, -21.073353 ], [ 28.222971, -21.066282 ], [ 28.233787, -21.063658 ], [ 28.232274, -21.059876 ], [ 28.23529, -21.054026 ], [ 28.228998, -21.056391 ], [ 28.202967, -21.045221 ], [ 28.206186, -21.025962 ], [ 28.195675, -20.995228 ], [ 28.188691, -20.990762 ], [ 28.189136, -20.979965 ], [ 28.197693, -20.964527 ], [ 28.203633, -20.960576 ], [ 28.203102, -20.953437 ], [ 28.199215, -20.94888 ], [ 28.202042, -20.947129 ], [ 28.20509, -20.941351 ], [ 28.209141, -20.928573 ], [ 28.211235, -20.926517 ], [ 28.217421, -20.92517 ], [ 28.22137, -20.921632 ], [ 28.2231, -20.913803 ], [ 28.226016, -20.911638 ], [ 28.235444, -20.908814 ], [ 28.238355, -20.906036 ], [ 28.236026, -20.900234 ], [ 28.237299, -20.896549 ], [ 28.242145, -20.891307 ], [ 28.310514, -20.833513 ], [ 28.303901, -20.82622 ], [ 28.303573, -20.821191 ], [ 28.286007, -20.825772 ], [ 28.284731, -20.824038 ], [ 28.278677, -20.822192 ], [ 28.271015, -20.810713 ], [ 28.265064, -20.793477 ], [ 28.254397, -20.772473 ], [ 28.254787, -20.767188 ], [ 28.252841, -20.764886 ], [ 28.247604, -20.763247 ], [ 28.243066, -20.755237 ], [ 28.242736, -20.750507 ], [ 28.236423, -20.744132 ], [ 28.231685, -20.735896 ], [ 28.232179, -20.731672 ], [ 28.229118, -20.728399 ], [ 28.21848, -20.692633 ], [ 28.218825, -20.686242 ], [ 28.216328, -20.68004 ], [ 28.216927, -20.675613 ], [ 28.21571, -20.672828 ], [ 28.213101, -20.671331 ], [ 28.212015, -20.652799 ], [ 28.250609, -20.593521 ], [ 28.183707, -20.550566 ], [ 28.201703, -20.538481 ], [ 28.225223, -20.517552 ], [ 28.266621, -20.488958 ], [ 28.269459, -20.461529 ], [ 28.298677, -20.447936 ], [ 28.301297, -20.426045 ], [ 28.308307, -20.406023 ], [ 28.276817, -20.427023 ], [ 28.250968, -20.420435 ], [ 28.245494, -20.417584 ], [ 28.222688, -20.452112 ], [ 28.218604, -20.433141 ], [ 28.204367, -20.414511 ], [ 28.187599, -20.439927 ], [ 28.149535, -20.411575 ], [ 28.069906, -20.485169 ], [ 28.051681, -20.490979 ], [ 28.000343, -20.495275 ], [ 27.991639, -20.500637 ], [ 27.976974, -20.516906 ], [ 27.928546, -20.488248 ] ] ] } },
{ "type": "Feature", "properties": { "admin_name": "Marondera", "tiles": 17.0, "tests": 24.0, "devices": 17.0, "pop_weight": 3131.2636675834656, "area_km2": 5.7322163461188067, "d_mean_tile": 23.602411764705881, "d_median_tile": 7.464, "d_mean_pop": 22.580445445844184, "d_median_pop": 14.406577538426138, "d_p10_pop": 0.4407593420582222, "d_p90_pop": 59.403383488094804, "u_median_pop": 1.4849512178376942, "lat_median_pop": 30.19060132884433, "pct_above_bb": 48.987002844521143, "pct_above_hi": 47.53086847281952, "divide_ratio": 134.77509792690429, "pop_total": 152341.44936438859, "pop_covered": 2740.1423296928406, "pop_coverage_pct": 1.7986846922656214, "level": "ADM2" }, "geometry": { "type": "Polygon", "coordinates": [ [ [ 31.221168, -18.530139 ], [ 31.255343, -18.47857 ], [ 31.27613, -18.477361 ], [ 31.305923, -18.480737 ], [ 31.347258, -18.45239 ], [ 31.349463, -18.442265 ], [ 31.356238, -18.446482 ], [ 31.400004, -18.49313 ], [ 31.402978, -18.494658 ], [ 31.435621, -18.473128 ], [ 31.478217, -18.449962 ], [ 31.455894, -18.425929 ], [ 31.460092, -18.407628 ], [ 31.553938, -18.431748 ], [ 31.55659, -18.464689 ], [ 31.579992, -18.475217 ], [ 31.621802, -18.480088 ], [ 31.635117, -18.512035 ], [ 31.609137, -18.518664 ], [ 31.626692, -18.535592 ], [ 31.630877, -18.535179 ], [ 31.633358, -18.539247 ], [ 31.638995, -18.539565 ], [ 31.644555, -18.547865 ], [ 31.655914, -18.548907 ], [ 31.661958, -18.564859 ], [ 31.671531, -18.569731 ], [ 31.676153, -18.576403 ], [ 31.685036, -18.576712 ], [ 31.694939, -18.573599 ], [ 31.70332, -18.580591 ], [ 31.715278, -18.581056 ], [ 31.734222, -18.57841 ], [ 31.732181, -18.583141 ], [ 31.733043, -18.588026 ], [ 31.737832, -18.591112 ], [ 31.744838, -18.591749 ], [ 31.746209, -18.593377 ], [ 31.746219, -18.59859 ], [ 31.750904, -18.601302 ], [ 31.755624, -18.597303 ], [ 31.756409, -18.591409 ], [ 31.770844, -18.579472 ], [ 31.769896, -18.573567 ], [ 31.771648, -18.570748 ], [ 31.746965, -18.546795 ], [ 31.750347, -18.53676 ], [ 31.721807, -18.513259 ], [ 31.749449, -18.498928 ], [ 31.761803, -18.447563 ], [ 31.814916, -18.435683 ], [ 31.844299, -18.427224 ], [ 31.844954, -18.414947 ], [ 31.83643, -18.402909 ], [ 31.831337, -18.399896 ], [ 31.830786, -18.397449 ], [ 31.832151, -18.393064 ], [ 31.840818, -18.388235 ], [ 31.845064, -18.387562 ], [ 31.841555, -18.380374 ], [ 31.844465, -18.37844 ], [ 31.850153, -18.36722 ], [ 31.854543, -18.363914 ], [ 31.856294, -18.347029 ], [ 31.864093, -18.329941 ], [ 31.861905, -18.32199 ], [ 31.858842, -18.317247 ], [ 31.858314, -18.302096 ], [ 31.859448, -18.296361 ], [ 31.856862, -18.289022 ], [ 31.859771, -18.284471 ], [ 31.853282, -18.276476 ], [ 31.856767, -18.273026 ], [ 31.856784, -18.262176 ], [ 31.855044, -18.259237 ], [ 31.857749, -18.256084 ], [ 31.854581, -18.248227 ], [ 31.8548, -18.242997 ], [ 31.856362, -18.238574 ], [ 31.860639, -18.237115 ], [ 31.861768, -18.230558 ], [ 31.860194, -18.225661 ], [ 31.854949, -18.221964 ], [ 31.832672, -18.214959 ], [ 31.826815, -18.210101 ], [ 31.820374, -18.210359 ], [ 31.815523, -18.213397 ], [ 31.809564, -18.212373 ], [ 31.80018, -18.206947 ], [ 31.792651, -18.209066 ], [ 31.77854, -18.206443 ], [ 31.773213, -18.211921 ], [ 31.768994, -18.212459 ], [ 31.770628, -18.203914 ], [ 31.699068, -18.164111 ], [ 31.729522, -18.151579 ], [ 31.77371, -18.124199 ], [ 31.770394, -18.115265 ], [ 31.769982, -18.103413 ], [ 31.775181, -18.097353 ], [ 31.782447, -18.077044 ], [ 31.774184, -18.056445 ], [ 31.748401, -18.016609 ], [ 31.747269, -17.998002 ], [ 31.750488, -17.994312 ], [ 31.696251, -17.994872 ], [ 31.694887, -17.992551 ], [ 31.695341, -17.985883 ], [ 31.69125, -17.963855 ], [ 31.69216, -17.958926 ], [ 31.688524, -17.948485 ], [ 31.690039, -17.934856 ], [ 31.643321, -17.906694 ], [ 31.625454, -17.900446 ], [ 31.585628, -17.90824 ], [ 31.557379, -17.927601 ], [ 31.55926, -17.946808 ], [ 31.548497, -17.958104 ], [ 31.540846, -17.959399 ], [ 31.532055, -17.965331 ], [ 31.521926, -17.967132 ], [ 31.512203, -17.965593 ], [ 31.511356, -17.969074 ], [ 31.508731, -17.96873 ], [ 31.506694, -17.96646 ], [ 31.504476, -17.967393 ], [ 31.504518, -17.970703 ], [ 31.499397, -17.975676 ], [ 31.503086, -17.984973 ], [ 31.520675, -17.988225 ], [ 31.527639, -17.992584 ], [ 31.522108, -17.995548 ], [ 31.516965, -18.002083 ], [ 31.512592, -18.002898 ], [ 31.512359, -18.00984 ], [ 31.509098, -18.013658 ], [ 31.489403, -17.998513 ], [ 31.481518, -18.023232 ], [ 31.463187, -18.043239 ], [ 31.479004, -18.06492 ], [ 31.442747, -18.099395 ], [ 31.422616, -18.104411 ], [ 31.407797, -18.131968 ], [ 31.399751, -18.127543 ], [ 31.384561, -18.140924 ], [ 31.398614, -18.148842 ], [ 31.393307, -18.158355 ], [ 31.406956, -18.166115 ], [ 31.403285, -18.168278 ], [ 31.396084, -18.176789 ], [ 31.409222, -18.212825 ], [ 31.396792, -18.213376 ], [ 31.396651, -18.223368 ], [ 31.403573, -18.225792 ], [ 31.399619, -18.235381 ], [ 31.362896, -18.232408 ], [ 31.364748, -18.214423 ], [ 31.37054, -18.204431 ], [ 31.357122, -18.203765 ], [ 31.346389, -18.209575 ], [ 31.337491, -18.209985 ], [ 31.33043, -18.20783 ], [ 31.324641, -18.202163 ], [ 31.31956, -18.18961 ], [ 31.306572, -18.185159 ], [ 31.300361, -18.175847 ], [ 31.293018, -18.176391 ], [ 31.28582, -18.170317 ], [ 31.278056, -18.169252 ], [ 31.261828, -18.154136 ], [ 31.251096, -18.155353 ], [ 31.247171, -18.157437 ], [ 31.242937, -18.162445 ], [ 31.236257, -18.162236 ], [ 31.223091, -18.1658 ], [ 31.221435, -18.166863 ], [ 31.221252, -18.170584 ], [ 31.216076, -18.170998 ], [ 31.214508, -18.174593 ], [ 31.206431, -18.17509 ], [ 31.198127, -18.182212 ], [ 31.189034, -18.183175 ], [ 31.168232, -18.174831 ], [ 31.163652, -18.169344 ], [ 31.1628, -18.159207 ], [ 31.155428, -18.150188 ], [ 31.089609, -18.158927 ], [ 31.094563, -18.18044 ], [ 31.083729, -18.203433 ], [ 31.074699, -18.231754 ], [ 31.067538, -18.261791 ], [ 30.99957, -18.320937 ], [ 31.011364, -18.330116 ], [ 31.014511, -18.330276 ], [ 31.019352, -18.325392 ], [ 31.025685, -18.324019 ], [ 31.034594, -18.334549 ], [ 31.048623, -18.336719 ], [ 31.058223, -18.334566 ], [ 31.064983, -18.336021 ], [ 31.087521, -18.347016 ], [ 31.093119, -18.351928 ], [ 31.097204, -18.358406 ], [ 31.099405, -18.369737 ], [ 31.098942, -18.377061 ], [ 31.10182, -18.380317 ], [ 31.101637, -18.383982 ], [ 31.122417, -18.396903 ], [ 31.127961, -18.408583 ], [ 31.1398, -18.416439 ], [ 31.176723, -18.408434 ], [ 31.179636, -18.414606 ], [ 31.195113, -18.414068 ], [ 31.209729, -18.408808 ], [ 31.22162, -18.418074 ], [ 31.219105, -18.429215 ], [ 31.222799, -18.435871 ], [ 31.200677, -18.45584 ], [ 31.157385, -18.446605 ], [ 31.13276, -18.450715 ], [ 31.130111, -18.484601 ], [ 31.165609, -18.492277 ], [ 31.201875, -18.511887 ], [ 31.221168, -18.530139 ] ], [ [ 31.493592, -18.186938 ], [ 31.52672, -18.180295 ], [ 31.508918, -18.1726 ], [ 31.525056, -18.158153 ], [ 31.583982, -18.167055 ], [ 31.58238, -18.172876 ], [ 31.574799, -18.178593 ], [ 31.577074, -18.181705 ], [ 31.572646, -18.186022 ], [ 31.567992, -18.186481 ], [ 31.600944, -18.205618 ], [ 31.5992, -18.230757 ], [ 31.587087, -18.22867 ], [ 31.569339, -18.233867 ], [ 31.568115, -18.232122 ], [ 31.572353, -18.222078 ], [ 31.555333, -18.208359 ], [ 31.553147, -18.210846 ], [ 31.550672, -18.218952 ], [ 31.551656, -18.224886 ], [ 31.542284, -18.233212 ], [ 31.521648, -18.228609 ], [ 31.518901, -18.247851 ], [ 31.513236, -18.268013 ], [ 31.509542, -18.254373 ], [ 31.512816, -18.244297 ], [ 31.511622, -18.237719 ], [ 31.508105, -18.23337 ], [ 31.511842, -18.211789 ], [ 31.514254, -18.211143 ], [ 31.523219, -18.203233 ], [ 31.521307, -18.200131 ], [ 31.512849, -18.197699 ], [ 31.512397, -18.192598 ], [ 31.509469, -18.192709 ], [ 31.50478, -18.18681 ], [ 31.487248, -18.190314 ], [ 31.487258, -18.189172 ], [ 31.493592, -18.186938 ] ] ] } },
{ "type": "Feature", "properties": { "admin_name": "Marondera Urban", "tiles": 23.0, "tests": 57.0, "devices": 29.0, "pop_weight": 43280.250221252441, "area_km2": 7.7613884422834918, "d_mean_tile": 52.644869565217384, "d_median_tile": 31.388, "d_mean_pop": 63.272952691899043, "d_median_pop": 67.13438061371707, "d_p10_pop": 0.39231059068061747, "d_p90_pop": 147.44971304886005, "u_median_pop": 18.403167415345521, "lat_median_pop": 18.850267698221948, "pct_above_bb": 78.652816431108903, "pct_above_hi": 66.683814842189676, "divide_ratio": 375.84943295323831, "pop_total": 71383.063744805753, "pop_covered": 43671.371559143066, "pop_coverage_pct": 61.1788977218295, "level": "ADM2" }, "geometry": { "type": "Polygon", "coordinates": [ [ [ 31.493592, -18.186938 ], [ 31.487258, -18.189172 ], [ 31.487248, -18.190314 ], [ 31.50478, -18.18681 ], [ 31.509469, -18.192709 ], [ 31.512397, -18.192598 ], [ 31.512849, -18.197699 ], [ 31.521307, -18.200131 ], [ 31.523219, -18.203233 ], [ 31.514254, -18.211143 ], [ 31.511842, -18.211789 ], [ 31.508105, -18.23337 ], [ 31.511622, -18.237719 ], [ 31.512816, -18.244297 ], [ 31.509542, -18.254373 ], [ 31.513236, -18.268013 ], [ 31.518901, -18.247851 ], [ 31.521648, -18.228609 ], [ 31.542284, -18.233212 ], [ 31.551656, -18.224886 ], [ 31.550672, -18.218952 ], [ 31.553147, -18.210846 ], [ 31.555333, -18.208359 ], [ 31.572353, -18.222078 ], [ 31.568115, -18.232122 ], [ 31.569339, -18.233867 ], [ 31.587087, -18.22867 ], [ 31.5992, -18.230757 ], [ 31.600944, -18.205618 ], [ 31.567992, -18.186481 ], [ 31.572646, -18.186022 ], [ 31.577074, -18.181705 ], [ 31.574799, -18.178593 ], [ 31.58238, -18.172876 ], [ 31.583982, -18.167055 ], [ 31.525056, -18.158153 ], [ 31.508918, -18.1726 ], [ 31.52672, -18.180295 ], [ 31.493592, -18.186938 ] ] ] } },
{ "type": "Feature", "properties": { "admin_name": "Masvingo", "tiles": 31.0, "tests": 56.0, "devices": 35.0, "pop_weight": 9055.7683880720288, "area_km2": 10.205062006737487, "d_mean_tile": 22.496129032258064, "d_median_tile": 10.416, "d_mean_pop": 23.036929398955166, "d_median_pop": 7.1869958932585201, "d_p10_pop": 0.76854422853212079, "d_p90_pop": 69.805050672837908, "u_median_pop": 2.266316116738496, "lat_median_pop": 25.0, "pct_above_bb": 41.618317625386076, "pct_above_hi": 30.150475268871642, "divide_ratio": 90.827629798433193, "pop_total": 266171.8140358082, "pop_covered": 9025.2569554243237, "pop_coverage_pct": 3.3907635893446448, "level": "ADM2" }, "geometry": { "type": "Polygon", "coordinates": [ [ [ 31.429567, -19.922514 ], [ 31.413888, -19.928309 ], [ 31.400045, -19.937746 ], [ 31.384676, -19.93799 ], [ 31.374599, -19.934838 ], [ 31.373675, -19.932836 ], [ 31.369712, -19.933242 ], [ 31.35921, -19.92438 ], [ 31.349263, -19.929816 ], [ 31.308042, -19.958769 ], [ 31.299381, -19.949428 ], [ 31.218093, -19.973942 ], [ 31.215642, -19.985282 ], [ 31.212673, -19.988978 ], [ 31.212623, -19.993449 ], [ 31.207968, -19.996809 ], [ 31.207313, -20.003782 ], [ 31.204154, -20.008205 ], [ 31.205476, -20.010555 ], [ 31.203435, -20.012234 ], [ 31.201695, -20.026875 ], [ 31.194885, -20.032754 ], [ 31.152272, -20.002877 ], [ 31.111301, -19.996521 ], [ 31.099387, -19.989166 ], [ 31.061888, -19.992004 ], [ 31.032226, -19.968054 ], [ 30.986872, -19.975787 ], [ 30.983965, -19.97108 ], [ 30.987025, -19.966851 ], [ 30.985652, -19.956603 ], [ 31.027122, -19.933193 ], [ 31.025153, -19.922369 ], [ 30.968537, -19.93168 ], [ 30.963061, -19.913426 ], [ 30.955416, -19.877997 ], [ 30.957208, -19.855369 ], [ 30.950817, -19.848285 ], [ 30.952158, -19.815877 ], [ 30.961605, -19.801088 ], [ 30.971217, -19.773156 ], [ 30.99454, -19.758521 ], [ 31.002085, -19.747213 ], [ 30.991112, -19.736575 ], [ 30.990986, -19.73761 ], [ 30.989121, -19.737203 ], [ 30.990187, -19.736564 ], [ 30.983038, -19.716328 ], [ 30.979889, -19.70024 ], [ 30.975012, -19.700055 ], [ 30.972584, -19.696641 ], [ 30.965393, -19.694337 ], [ 30.963949, -19.690659 ], [ 30.958996, -19.686216 ], [ 30.939481, -19.6944 ], [ 30.853882, -19.715014 ], [ 30.82287, -19.704355 ], [ 30.821351, -19.717091 ], [ 30.816304, -19.725107 ], [ 30.809047, -19.730545 ], [ 30.808051, -19.73776 ], [ 30.799884, -19.744037 ], [ 30.796146, -19.787354 ], [ 30.770854, -19.765359 ], [ 30.774907, -19.796869 ], [ 30.781779, -19.819486 ], [ 30.756547, -19.825122 ], [ 30.740529, -19.814292 ], [ 30.734369, -19.805287 ], [ 30.737189, -19.796395 ], [ 30.734088, -19.79338 ], [ 30.746355, -19.783332 ], [ 30.749749, -19.76552 ], [ 30.755237, -19.758362 ], [ 30.760181, -19.757999 ], [ 30.761352, -19.738458 ], [ 30.766124, -19.718111 ], [ 30.704706, -19.744117 ], [ 30.695622, -19.744157 ], [ 30.690203, -19.748378 ], [ 30.688275, -19.756355 ], [ 30.692601, -19.772975 ], [ 30.692803, -19.779523 ], [ 30.689957, -19.782137 ], [ 30.683543, -19.784603 ], [ 30.684111, -19.790051 ], [ 30.680239, -19.795074 ], [ 30.678837, -19.80224 ], [ 30.681143, -19.808998 ], [ 30.677719, -19.813065 ], [ 30.677538, -19.816771 ], [ 30.680264, -19.823352 ], [ 30.683066, -19.824491 ], [ 30.679056, -19.830154 ], [ 30.677713, -19.841732 ], [ 30.680323, -19.846083 ], [ 30.690346, -19.850269 ], [ 30.693377, -19.853942 ], [ 30.692456, -19.856178 ], [ 30.686774, -19.858785 ], [ 30.686476, -19.861405 ], [ 30.63387, -19.866362 ], [ 30.522016, -19.836502 ], [ 30.469452, -19.842346 ], [ 30.459693, -19.83979 ], [ 30.458975, -19.845673 ], [ 30.453852, -19.849916 ], [ 30.45586, -19.854051 ], [ 30.45536, -19.85794 ], [ 30.459044, -19.863148 ], [ 30.454775, -19.867525 ], [ 30.448216, -19.869436 ], [ 30.454409, -19.877288 ], [ 30.450771, -19.883077 ], [ 30.451151, -19.884912 ], [ 30.454367, -19.886975 ], [ 30.457296, -19.88541 ], [ 30.459454, -19.886139 ], [ 30.458645, -19.890963 ], [ 30.45488, -19.893078 ], [ 30.454472, -19.895169 ], [ 30.457674, -19.894896 ], [ 30.464495, -19.902195 ], [ 30.469578, -19.900814 ], [ 30.47049, -19.903738 ], [ 30.466373, -19.908636 ], [ 30.461559, -19.919001 ], [ 30.457008, -19.921866 ], [ 30.455816, -19.924309 ], [ 30.456226, -19.930765 ], [ 30.454924, -19.932363 ], [ 30.452929, -19.932428 ], [ 30.450392, -19.929767 ], [ 30.442883, -19.939833 ], [ 30.430738, -19.93749 ], [ 30.428826, -19.942374 ], [ 30.4274, -19.941043 ], [ 30.425418, -19.943343 ], [ 30.426314, -19.952073 ], [ 30.422748, -19.961189 ], [ 30.425752, -19.962856 ], [ 30.432515, -19.961164 ], [ 30.433311, -19.962152 ], [ 30.427941, -19.984961 ], [ 30.43139, -19.986104 ], [ 30.439239, -19.9813 ], [ 30.442302, -19.986444 ], [ 30.432629, -19.994845 ], [ 30.434838, -20.002956 ], [ 30.433891, -20.011537 ], [ 30.440287, -20.015831 ], [ 30.439995, -20.021366 ], [ 30.442168, -20.024453 ], [ 30.440002, -20.033399 ], [ 30.428707, -20.032089 ], [ 30.423743, -20.039083 ], [ 30.422456, -20.043648 ], [ 30.424825, -20.047121 ], [ 30.428838, -20.048898 ], [ 30.421641, -20.056433 ], [ 30.429736, -20.068201 ], [ 30.436588, -20.069447 ], [ 30.436641, -20.078615 ], [ 30.443269, -20.081194 ], [ 30.445993, -20.087728 ], [ 30.458118, -20.100508 ], [ 30.458074, -20.101873 ], [ 30.455475, -20.101875 ], [ 30.454153, -20.104425 ], [ 30.444569, -20.111881 ], [ 30.442881, -20.118931 ], [ 30.446434, -20.128579 ], [ 30.444984, -20.138624 ], [ 30.453106, -20.149199 ], [ 30.459978, -20.165088 ], [ 30.476995, -20.185022 ], [ 30.488883, -20.19132 ], [ 30.490186, -20.19578 ], [ 30.486979, -20.199896 ], [ 30.490407, -20.205706 ], [ 30.504207, -20.20717 ], [ 30.508954, -20.209057 ], [ 30.514206, -20.214954 ], [ 30.527267, -20.215004 ], [ 30.539009, -20.208383 ], [ 30.543137, -20.213144 ], [ 30.543331, -20.217577 ], [ 30.544903, -20.219598 ], [ 30.557069, -20.219226 ], [ 30.56692, -20.222237 ], [ 30.584638, -20.237045 ], [ 30.587988, -20.235346 ], [ 30.590074, -20.23082 ], [ 30.593551, -20.227647 ], [ 30.598291, -20.227166 ], [ 30.601608, -20.228465 ], [ 30.607858, -20.236761 ], [ 30.604318, -20.24695 ], [ 30.605524, -20.251134 ], [ 30.610445, -20.253878 ], [ 30.617464, -20.255233 ], [ 30.624472, -20.261065 ], [ 30.628155, -20.266947 ], [ 30.639901, -20.275813 ], [ 30.652989, -20.292126 ], [ 30.652581, -20.309213 ], [ 30.669296, -20.327915 ], [ 30.682285, -20.334865 ], [ 30.684561, -20.337369 ], [ 30.682066, -20.351545 ], [ 30.682108, -20.36172 ], [ 30.677648, -20.37113 ], [ 30.677633, -20.378632 ], [ 30.699523, -20.407746 ], [ 30.696671, -20.4153 ], [ 30.703484, -20.431298 ], [ 30.698167, -20.438205 ], [ 30.704426, -20.453162 ], [ 30.702805, -20.462462 ], [ 30.710852, -20.479161 ], [ 30.71353, -20.498356 ], [ 30.716927, -20.505089 ], [ 30.716527, -20.511021 ], [ 30.71012, -20.519874 ], [ 30.711629, -20.524877 ], [ 30.712428, -20.541566 ], [ 30.709521, -20.551594 ], [ 30.71238, -20.555933 ], [ 30.724631, -20.565642 ], [ 30.734235, -20.578615 ], [ 30.740604, -20.599897 ], [ 30.747835, -20.613448 ], [ 30.750581, -20.625478 ], [ 30.75694, -20.624566 ], [ 30.760868, -20.618911 ], [ 30.766823, -20.614955 ], [ 30.771878, -20.615417 ], [ 30.777699, -20.618003 ], [ 30.788439, -20.616208 ], [ 30.801386, -20.621825 ], [ 30.807973, -20.620627 ], [ 30.811952, -20.636177 ], [ 30.810789, -20.659043 ], [ 30.812509, -20.67093 ], [ 30.814317, -20.674243 ], [ 30.827224, -20.683409 ], [ 30.837612, -20.687815 ], [ 30.843394, -20.692566 ], [ 30.860285, -20.69943 ], [ 30.865437, -20.703927 ], [ 30.868153, -20.712847 ], [ 30.875837, -20.720995 ], [ 30.880172, -20.721074 ], [ 30.889471, -20.716471 ], [ 30.89426, -20.717823 ], [ 30.915047, -20.739115 ], [ 30.922127, -20.755981 ], [ 30.924931, -20.755212 ], [ 30.929516, -20.75052 ], [ 30.936831, -20.751813 ], [ 30.952676, -20.761409 ], [ 30.967502, -20.776529 ], [ 30.97639, -20.779558 ], [ 30.990326, -20.799248 ], [ 30.99388, -20.802144 ], [ 30.997771, -20.814625 ], [ 31.001452, -20.81719 ], [ 31.012335, -20.833708 ], [ 31.015253, -20.840694 ], [ 31.019675, -20.862455 ], [ 31.031026, -20.88748 ], [ 31.032773, -20.887234 ], [ 31.036584, -20.882176 ], [ 31.041892, -20.883683 ], [ 31.042033, -20.892988 ], [ 31.0388, -20.895489 ], [ 31.038545, -20.897436 ], [ 31.043468, -20.90083 ], [ 31.04289, -20.904542 ], [ 31.048785, -20.91006 ], [ 31.053396, -20.918862 ], [ 31.057671, -20.920069 ], [ 31.058708, -20.921829 ], [ 31.064856, -20.926679 ], [ 31.070156, -20.921375 ], [ 31.072228, -20.92222 ], [ 31.077597, -20.920809 ], [ 31.081486, -20.924629 ], [ 31.079745, -20.928283 ], [ 31.084219, -20.934171 ], [ 31.101989, -20.916607 ], [ 31.133452, -20.892075 ], [ 31.174079, -20.878151 ], [ 31.190239, -20.86866 ], [ 31.203615, -20.873431 ], [ 31.186624, -20.886984 ], [ 31.199253, -20.920693 ], [ 31.243983, -20.901446 ], [ 31.262844, -20.848166 ], [ 31.270079, -20.831553 ], [ 31.267904, -20.826905 ], [ 31.260624, -20.82018 ], [ 31.250565, -20.813307 ], [ 31.244075, -20.810615 ], [ 31.240403, -20.803395 ], [ 31.238803, -20.791128 ], [ 31.243218, -20.770505 ], [ 31.247849, -20.760053 ], [ 31.249658, -20.758869 ], [ 31.24969, -20.75156 ], [ 31.243445, -20.753498 ], [ 31.241532, -20.752458 ], [ 31.240909, -20.745404 ], [ 31.238347, -20.740603 ], [ 31.237666, -20.718169 ], [ 31.231563, -20.687762 ], [ 31.226022, -20.686507 ], [ 31.201071, -20.692974 ], [ 31.191378, -20.693354 ], [ 31.169171, -20.682997 ], [ 31.172492, -20.673585 ], [ 31.171323, -20.671102 ], [ 31.165525, -20.666878 ], [ 31.166993, -20.663822 ], [ 31.18043, -20.653869 ], [ 31.180427, -20.649921 ], [ 31.176961, -20.645322 ], [ 31.181066, -20.6421 ], [ 31.237517, -20.61975 ], [ 31.243377, -20.615972 ], [ 31.260612, -20.608957 ], [ 31.26622, -20.605068 ], [ 31.268824, -20.601377 ], [ 31.268968, -20.58506 ], [ 31.265591, -20.569781 ], [ 31.258798, -20.549879 ], [ 31.253572, -20.528126 ], [ 31.247958, -20.517199 ], [ 31.243987, -20.496601 ], [ 31.23964, -20.493712 ], [ 31.225535, -20.490527 ], [ 31.221904, -20.487303 ], [ 31.216457, -20.468563 ], [ 31.213833, -20.465762 ], [ 31.215075, -20.460593 ], [ 31.205715, -20.440005 ], [ 31.202166, -20.425435 ], [ 31.196924, -20.416353 ], [ 31.196766, -20.412024 ], [ 31.19957, -20.40939 ], [ 31.199127, -20.406967 ], [ 31.196287, -20.401001 ], [ 31.191256, -20.39867 ], [ 31.190721, -20.387695 ], [ 31.184439, -20.372805 ], [ 31.149005, -20.380816 ], [ 31.139206, -20.384279 ], [ 31.136732, -20.389131 ], [ 31.13287, -20.38907 ], [ 31.13126, -20.386377 ], [ 31.126444, -20.388002 ], [ 31.119564, -20.387357 ], [ 31.119068, -20.384611 ], [ 31.121368, -20.382401 ], [ 31.120152, -20.376805 ], [ 31.116749, -20.373421 ], [ 31.111584, -20.35975 ], [ 31.105397, -20.351612 ], [ 31.104411, -20.344117 ], [ 31.100175, -20.339149 ], [ 31.102983, -20.335038 ], [ 31.10271, -20.332242 ], [ 31.097634, -20.327375 ], [ 31.101001, -20.323273 ], [ 31.101413, -20.315886 ], [ 31.102639, -20.315263 ], [ 31.104585, -20.317267 ], [ 31.109354, -20.314553 ], [ 31.107627, -20.308152 ], [ 31.113093, -20.303743 ], [ 31.114069, -20.297584 ], [ 31.112312, -20.293735 ], [ 31.11375, -20.28673 ], [ 31.121071, -20.277873 ], [ 31.123781, -20.277477 ], [ 31.127262, -20.269217 ], [ 31.133607, -20.266519 ], [ 31.133427, -20.262687 ], [ 31.13578, -20.260712 ], [ 31.138399, -20.261676 ], [ 31.142317, -20.254484 ], [ 31.158559, -20.241872 ], [ 31.163574, -20.235773 ], [ 31.166823, -20.235602 ], [ 31.167288, -20.232875 ], [ 31.170699, -20.230358 ], [ 31.173633, -20.229963 ], [ 31.205411, -20.210504 ], [ 31.230177, -20.19267 ], [ 31.251734, -20.179269 ], [ 31.256937, -20.177406 ], [ 31.256605, -20.11703 ], [ 31.323204, -20.134448 ], [ 31.322967, -20.110078 ], [ 31.309929, -20.065697 ], [ 31.312817, -20.048277 ], [ 31.322655, -20.054753 ], [ 31.368342, -20.034754 ], [ 31.366607, -20.028355 ], [ 31.394614, -20.019249 ], [ 31.40317, -20.002503 ], [ 31.414734, -19.99107 ], [ 31.409269, -19.970904 ], [ 31.429567, -19.922514 ] ], [ [ 30.836874, -20.026878 ], [ 30.886931, -20.041524 ], [ 30.857857, -20.092745 ], [ 30.853668, -20.096305 ], [ 30.860782, -20.101386 ], [ 30.861023, -20.104948 ], [ 30.866355, -20.107065 ], [ 30.865788, -20.111907 ], [ 30.863009, -20.111659 ], [ 30.846616, -20.12654 ], [ 30.846561, -20.130575 ], [ 30.836639, -20.141731 ], [ 30.830155, -20.113594 ], [ 30.817749, -20.116414 ], [ 30.826124, -20.109348 ], [ 30.806634, -20.110389 ], [ 30.788783, -20.063746 ], [ 30.794178, -20.057231 ], [ 30.790508, -20.057544 ], [ 30.790044, -20.054506 ], [ 30.801879, -20.041407 ], [ 30.805054, -20.044046 ], [ 30.812275, -20.034294 ], [ 30.836874, -20.026878 ] ] ] } },
{ "type": "Feature", "properties": { "admin_name": "Masvingo Urban", "tiles": 34.0, "tests": 98.0, "devices": 46.0, "pop_weight": 77826.692481994629, "area_km2": 11.214812459928629, "d_mean_tile": 51.2115, "d_median_tile": 17.6285, "d_mean_pop": 37.618120971923069, "d_median_pop": 12.310148027762638, "d_p10_pop": 1.6030159476587242, "d_p90_pop": 96.569973319967175, "u_median_pop": 5.4852390294804287, "lat_median_pop": 29.313975874353169, "pct_above_bb": 59.752079882372186, "pct_above_hi": 27.438847297492693, "divide_ratio": 60.242677847972686, "pop_total": 97242.192610916682, "pop_covered": 77826.692481994629, "pop_coverage_pct": 80.033872532464457, "level": "ADM2" }, "geometry": { "type": "Polygon", "coordinates": [ [ [ 30.836874, -20.026878 ], [ 30.812275, -20.034294 ], [ 30.805054, -20.044046 ], [ 30.801879, -20.041407 ], [ 30.790044, -20.054506 ], [ 30.790508, -20.057544 ], [ 30.794178, -20.057231 ], [ 30.788783, -20.063746 ], [ 30.806634, -20.110389 ], [ 30.826124, -20.109348 ], [ 30.817749, -20.116414 ], [ 30.830155, -20.113594 ], [ 30.836639, -20.141731 ], [ 30.846561, -20.130575 ], [ 30.846616, -20.12654 ], [ 30.863009, -20.111659 ], [ 30.865788, -20.111907 ], [ 30.866355, -20.107065 ], [ 30.861023, -20.104948 ], [ 30.860782, -20.101386 ], [ 30.853668, -20.096305 ], [ 30.857857, -20.092745 ], [ 30.886931, -20.041524 ], [ 30.836874, -20.026878 ] ] ] } },
{ "type": "Feature", "properties": { "admin_name": "Matobo", "tiles": 39.0, "tests": 312.0, "devices": 92.0, "pop_weight": 3275.8278691945598, "area_km2": 12.751203596767601, "d_mean_tile": 41.031794871794865, "d_median_tile": 37.078, "d_mean_pop": 47.060221825044273, "d_median_pop": 44.035663369595795, "d_p10_pop": 14.576304800788879, "d_p90_pop": 70.095246513434816, "u_median_pop": 38.6641350870553, "lat_median_pop": 25.0, "pct_above_bb": 91.503560834239408, "pct_above_hi": 85.733123352851365, "divide_ratio": 4.8088488455346523, "pop_total": 106279.13820460132, "pop_covered": 3220.9726560292765, "pop_coverage_pct": 3.0306725387897675, "level": "ADM2" }, "geometry": { "type": "Polygon", "coordinates": [ [ [ 28.496569, -20.235452 ], [ 28.481054, -20.236655 ], [ 28.472032, -20.248915 ], [ 28.469742, -20.249594 ], [ 28.461662, -20.259747 ], [ 28.458771, -20.265376 ], [ 28.438449, -20.282031 ], [ 28.429696, -20.293148 ], [ 28.413105, -20.295332 ], [ 28.389597, -20.289681 ], [ 28.380379, -20.29447 ], [ 28.366094, -20.314927 ], [ 28.359641, -20.330595 ], [ 28.35608, -20.33455 ], [ 28.34343, -20.36194 ], [ 28.331587, -20.354618 ], [ 28.308307, -20.406023 ], [ 28.301297, -20.426045 ], [ 28.298677, -20.447936 ], [ 28.269459, -20.461529 ], [ 28.266621, -20.488958 ], [ 28.225223, -20.517552 ], [ 28.201703, -20.538481 ], [ 28.183707, -20.550566 ], [ 28.250609, -20.593521 ], [ 28.212015, -20.652799 ], [ 28.213101, -20.671331 ], [ 28.21571, -20.672828 ], [ 28.216927, -20.675613 ], [ 28.216328, -20.68004 ], [ 28.218825, -20.686242 ], [ 28.21848, -20.692633 ], [ 28.229118, -20.728399 ], [ 28.232179, -20.731672 ], [ 28.231685, -20.735896 ], [ 28.236423, -20.744132 ], [ 28.242736, -20.750507 ], [ 28.243066, -20.755237 ], [ 28.247604, -20.763247 ], [ 28.252841, -20.764886 ], [ 28.254787, -20.767188 ], [ 28.254397, -20.772473 ], [ 28.265064, -20.793477 ], [ 28.271015, -20.810713 ], [ 28.278677, -20.822192 ], [ 28.284731, -20.824038 ], [ 28.286007, -20.825772 ], [ 28.303573, -20.821191 ], [ 28.303901, -20.82622 ], [ 28.310514, -20.833513 ], [ 28.242145, -20.891307 ], [ 28.237299, -20.896549 ], [ 28.236026, -20.900234 ], [ 28.238355, -20.906036 ], [ 28.235444, -20.908814 ], [ 28.226016, -20.911638 ], [ 28.2231, -20.913803 ], [ 28.22137, -20.921632 ], [ 28.217421, -20.92517 ], [ 28.211235, -20.926517 ], [ 28.209141, -20.928573 ], [ 28.20509, -20.941351 ], [ 28.202042, -20.947129 ], [ 28.199215, -20.94888 ], [ 28.203102, -20.953437 ], [ 28.203633, -20.960576 ], [ 28.197693, -20.964527 ], [ 28.189136, -20.979965 ], [ 28.188691, -20.990762 ], [ 28.195675, -20.995228 ], [ 28.206186, -21.025962 ], [ 28.202967, -21.045221 ], [ 28.228998, -21.056391 ], [ 28.23529, -21.054026 ], [ 28.232274, -21.059876 ], [ 28.233787, -21.063658 ], [ 28.222971, -21.066282 ], [ 28.224856, -21.073353 ], [ 28.223158, -21.076426 ], [ 28.225426, -21.07684 ], [ 28.225048, -21.07879 ], [ 28.226813, -21.08068 ], [ 28.225807, -21.083516 ], [ 28.227701, -21.090429 ], [ 28.223988, -21.09374 ], [ 28.221407, -21.093269 ], [ 28.22052, -21.095413 ], [ 28.221916, -21.101004 ], [ 28.226828, -21.10307 ], [ 28.228403, -21.105254 ], [ 28.228344, -21.110042 ], [ 28.231873, -21.115712 ], [ 28.231829, -21.118778 ], [ 28.224718, -21.127502 ], [ 28.217905, -21.12996 ], [ 28.217026, -21.135573 ], [ 28.212267, -21.138589 ], [ 28.218886, -21.147207 ], [ 28.217756, -21.154417 ], [ 28.220297, -21.161376 ], [ 28.22032, -21.171034 ], [ 28.216307, -21.180262 ], [ 28.205872, -21.187749 ], [ 28.202881, -21.197202 ], [ 28.209032, -21.206709 ], [ 28.2108, -21.21256 ], [ 28.207279, -21.223964 ], [ 28.208532, -21.232436 ], [ 28.20378, -21.239978 ], [ 28.209217, -21.243698 ], [ 28.210844, -21.248067 ], [ 28.203811, -21.254027 ], [ 28.205979, -21.261494 ], [ 28.199964, -21.26536 ], [ 28.199584, -21.267755 ], [ 28.205434, -21.274946 ], [ 28.208052, -21.283118 ], [ 28.212401, -21.288968 ], [ 28.212622, -21.292208 ], [ 28.211716, -21.295307 ], [ 28.208708, -21.297697 ], [ 28.203147, -21.298957 ], [ 28.196895, -21.309228 ], [ 28.196513, -21.312817 ], [ 28.203641, -21.320997 ], [ 28.215735, -21.32432 ], [ 28.228569, -21.341944 ], [ 28.236334, -21.34644 ], [ 28.240111, -21.353115 ], [ 28.250041, -21.359354 ], [ 28.259231, -21.367741 ], [ 28.260228, -21.384191 ], [ 28.267196, -21.396359 ], [ 28.271211, -21.399934 ], [ 28.27238, -21.409117 ], [ 28.275413, -21.409775 ], [ 28.281653, -21.407496 ], [ 28.285126, -21.408491 ], [ 28.282766, -21.418003 ], [ 28.287607, -21.424636 ], [ 28.289053, -21.434719 ], [ 28.297745, -21.439829 ], [ 28.30481, -21.454166 ], [ 28.314892, -21.456296 ], [ 28.319444, -21.459451 ], [ 28.325152, -21.474305 ], [ 28.337523, -21.491234 ], [ 28.345067, -21.493241 ], [ 28.352712, -21.491534 ], [ 28.354761, -21.492998 ], [ 28.356951, -21.498839 ], [ 28.356773, -21.507049 ], [ 28.359261, -21.511752 ], [ 28.373299, -21.522217 ], [ 28.384256, -21.535676 ], [ 28.384376, -21.539983 ], [ 28.381428, -21.544417 ], [ 28.382898, -21.559114 ], [ 28.3794, -21.561327 ], [ 28.369354, -21.561834 ], [ 28.367098, -21.567442 ], [ 28.370834, -21.573973 ], [ 28.375227, -21.589903 ], [ 28.379818, -21.59291 ], [ 28.387079, -21.591747 ], [ 28.388746, -21.593578 ], [ 28.39396, -21.613554 ], [ 28.392691, -21.616945 ], [ 28.388393, -21.616428 ], [ 28.408318, -21.629117 ], [ 28.426879, -21.635447 ], [ 28.442196, -21.637549 ], [ 28.459392, -21.653864 ], [ 28.495637, -21.664567 ], [ 28.503444, -21.66919 ], [ 28.51185, -21.665967 ], [ 28.525959, -21.656516 ], [ 28.539584, -21.641412 ], [ 28.546183, -21.640567 ], [ 28.556325, -21.642192 ], [ 28.561362, -21.639781 ], [ 28.572353, -21.628643 ], [ 28.582191, -21.628427 ], [ 28.587427, -21.631408 ], [ 28.593271, -21.638982 ], [ 28.599365, -21.6434 ], [ 28.6085, -21.643056 ], [ 28.627215, -21.649071 ], [ 28.639162, -21.648701 ], [ 28.653144, -21.654228 ], [ 28.666301, -21.673832 ], [ 28.669418, -21.675775 ], [ 28.681128, -21.679085 ], [ 28.698088, -21.686421 ], [ 28.712884, -21.688903 ], [ 28.742958, -21.698607 ], [ 28.749987, -21.699691 ], [ 28.769265, -21.709959 ], [ 28.775145, -21.716264 ], [ 28.779806, -21.700718 ], [ 28.77368, -21.693232 ], [ 28.774501, -21.67678 ], [ 28.764204, -21.667882 ], [ 28.763525, -21.662536 ], [ 28.756653, -21.660792 ], [ 28.755256, -21.655262 ], [ 28.749028, -21.655997 ], [ 28.743432, -21.654211 ], [ 28.738325, -21.646725 ], [ 28.732122, -21.642688 ], [ 28.731555, -21.638627 ], [ 28.734125, -21.634908 ], [ 28.739385, -21.634286 ], [ 28.742052, -21.631598 ], [ 28.74186, -21.62944 ], [ 28.738805, -21.627464 ], [ 28.732803, -21.627485 ], [ 28.730581, -21.625852 ], [ 28.723855, -21.605324 ], [ 28.766779, -21.459224 ], [ 28.746979, -21.32934 ], [ 28.681124, -21.270819 ], [ 28.695056, -21.239936 ], [ 28.620385, -21.227708 ], [ 28.656971, -21.18924 ], [ 28.633817, -21.139379 ], [ 28.68921, -21.082818 ], [ 28.675272, -21.054736 ], [ 28.7, -21.036072 ], [ 28.719947, -21.070009 ], [ 28.762866, -21.051645 ], [ 28.742558, -21.015485 ], [ 28.762342, -20.994459 ], [ 28.699144, -20.94866 ], [ 28.706066, -20.853782 ], [ 28.65531, -20.69347 ], [ 28.679513, -20.692738 ], [ 28.733052, -20.679803 ], [ 28.748006, -20.647126 ], [ 28.78438, -20.622962 ], [ 28.737669, -20.608328 ], [ 28.739312, -20.602298 ], [ 28.729456, -20.586391 ], [ 28.72547, -20.582741 ], [ 28.724528, -20.578624 ], [ 28.717932, -20.57227 ], [ 28.717123, -20.568032 ], [ 28.702266, -20.553322 ], [ 28.699699, -20.547072 ], [ 28.692031, -20.542138 ], [ 28.691694, -20.537342 ], [ 28.689153, -20.534452 ], [ 28.689443, -20.532217 ], [ 28.680536, -20.515197 ], [ 28.681556, -20.50725 ], [ 28.678661, -20.500997 ], [ 28.677925, -20.497058 ], [ 28.67925, -20.495831 ], [ 28.657898, -20.473066 ], [ 28.710658, -20.477859 ], [ 28.733964, -20.481471 ], [ 28.735609, -20.505317 ], [ 28.772849, -20.488341 ], [ 28.778832, -20.474146 ], [ 28.782162, -20.459498 ], [ 28.766027, -20.443511 ], [ 28.785233, -20.384709 ], [ 28.780291, -20.370233 ], [ 28.770766, -20.345601 ], [ 28.76476, -20.348519 ], [ 28.750961, -20.351481 ], [ 28.750587, -20.350431 ], [ 28.717822, -20.359762 ], [ 28.713345, -20.331282 ], [ 28.678091, -20.311721 ], [ 28.66905, -20.298265 ], [ 28.657029, -20.282424 ], [ 28.633109, -20.25882 ], [ 28.60532, -20.227443 ], [ 28.577302, -20.227625 ], [ 28.552623, -20.222 ], [ 28.538782, -20.258672 ], [ 28.496569, -20.235452 ] ] ] } },
{ "type": "Feature", "properties": { "admin_name": "Mazowe", "tiles": 18.0, "tests": 51.0, "devices": 23.0, "pop_weight": 11071.337008794149, "area_km2": 6.1208496589158443, "d_mean_tile": 38.829944444444443, "d_median_tile": 38.678, "d_mean_pop": 31.984401329450716, "d_median_pop": 36.065225294063957, "d_p10_pop": 0.16728511431457896, "d_p90_pop": 56.266380683811519, "u_median_pop": 9.6997277295345334, "lat_median_pop": 21.903573659787064, "pct_above_bb": 66.190528436208993, "pct_above_hi": 62.344092108124357, "divide_ratio": 336.35019418406125, "pop_total": 329228.61433596833, "pop_covered": 11237.795522689819, "pop_coverage_pct": 3.4133714486985545, "level": "ADM2" }, "geometry": { "type": "Polygon", "coordinates": [ [ [ 31.277384, -16.823452 ], [ 31.252891, -16.820189 ], [ 31.285057, -16.788347 ], [ 31.271363, -16.784836 ], [ 31.072667, -16.839115 ], [ 30.979652, -16.852035 ], [ 30.97627, -16.852085 ], [ 30.917038, -16.834747 ], [ 30.869772, -16.812428 ], [ 30.863263, -16.829378 ], [ 30.860199, -16.8625 ], [ 30.840605, -16.883379 ], [ 30.837977, -16.898533 ], [ 30.80832, -16.914895 ], [ 30.790543, -16.946798 ], [ 30.782938, -16.969413 ], [ 30.769043, -16.988659 ], [ 30.760717, -17.014406 ], [ 30.760641, -17.043476 ], [ 30.738875, -17.061296 ], [ 30.718309, -17.155799 ], [ 30.681957, -17.217722 ], [ 30.655141, -17.236198 ], [ 30.671445, -17.240975 ], [ 30.66848, -17.251237 ], [ 30.657759, -17.279131 ], [ 30.617735, -17.362845 ], [ 30.621439, -17.368098 ], [ 30.63235, -17.406342 ], [ 30.619524, -17.454958 ], [ 30.621296, -17.47627 ], [ 30.617002, -17.502157 ], [ 30.612364, -17.518322 ], [ 30.611492, -17.551942 ], [ 30.644761, -17.551931 ], [ 30.691246, -17.559636 ], [ 30.728486, -17.552612 ], [ 30.785424, -17.557696 ], [ 30.760072, -17.604298 ], [ 30.789851, -17.63997 ], [ 30.83749, -17.662732 ], [ 30.844608, -17.650496 ], [ 30.867131, -17.664502 ], [ 30.897949, -17.67877 ], [ 30.912715, -17.687182 ], [ 30.928526, -17.700606 ], [ 30.930487, -17.662114 ], [ 30.955355, -17.660522 ], [ 30.957908, -17.669288 ], [ 30.962546, -17.713913 ], [ 30.975478, -17.71883 ], [ 30.995628, -17.737135 ], [ 31.026177, -17.739179 ], [ 31.025914, -17.7271 ], [ 31.037544, -17.737384 ], [ 31.041554, -17.732426 ], [ 31.046324, -17.740229 ], [ 31.081673, -17.73041 ], [ 31.073952, -17.687001 ], [ 31.052251, -17.641305 ], [ 31.067612, -17.634457 ], [ 31.051784, -17.612843 ], [ 31.058431, -17.616286 ], [ 31.061027, -17.59151 ], [ 31.060552, -17.567462 ], [ 31.063871, -17.543917 ], [ 31.1148, -17.542748 ], [ 31.115832, -17.53588 ], [ 31.120833, -17.524974 ], [ 31.116101, -17.518567 ], [ 31.108829, -17.51686 ], [ 31.112395, -17.512686 ], [ 31.108453, -17.506179 ], [ 31.117663, -17.501037 ], [ 31.125447, -17.492405 ], [ 31.124892, -17.484372 ], [ 31.118587, -17.482202 ], [ 31.11971, -17.478618 ], [ 31.116204, -17.477092 ], [ 31.117065, -17.47348 ], [ 31.119893, -17.472381 ], [ 31.119216, -17.4701 ], [ 31.12507, -17.468691 ], [ 31.126393, -17.46533 ], [ 31.134562, -17.465208 ], [ 31.140661, -17.456043 ], [ 31.145651, -17.452354 ], [ 31.143658, -17.448156 ], [ 31.139418, -17.446985 ], [ 31.138185, -17.444827 ], [ 31.138397, -17.438038 ], [ 31.142315, -17.429612 ], [ 31.145103, -17.427192 ], [ 31.144934, -17.423213 ], [ 31.148516, -17.416311 ], [ 31.146854, -17.412829 ], [ 31.147558, -17.406716 ], [ 31.149391, -17.404285 ], [ 31.147858, -17.379392 ], [ 31.136656, -17.364592 ], [ 31.116263, -17.319814 ], [ 31.119283, -17.315754 ], [ 31.123387, -17.318957 ], [ 31.131763, -17.319857 ], [ 31.140654, -17.228186 ], [ 31.131201, -17.23088 ], [ 31.127192, -17.18654 ], [ 31.12416, -17.185672 ], [ 31.123479, -17.181625 ], [ 31.119586, -17.179635 ], [ 31.120669, -17.173514 ], [ 31.133257, -17.148697 ], [ 31.137112, -17.100672 ], [ 31.170072, -17.076052 ], [ 31.170119, -17.071592 ], [ 31.177123, -17.066923 ], [ 31.176751, -17.061066 ], [ 31.179534, -17.058028 ], [ 31.180356, -17.048837 ], [ 31.18196, -17.047878 ], [ 31.182576, -17.044262 ], [ 31.189273, -17.04112 ], [ 31.199386, -17.029511 ], [ 31.205912, -17.028878 ], [ 31.208866, -17.02333 ], [ 31.213383, -17.020588 ], [ 31.214149, -17.016554 ], [ 31.216919, -17.014908 ], [ 31.215662, -17.010296 ], [ 31.217031, -17.003899 ], [ 31.219646, -17.003087 ], [ 31.217256, -16.998165 ], [ 31.217327, -16.991319 ], [ 31.21278, -16.984002 ], [ 31.206667, -16.986254 ], [ 31.202061, -16.98324 ], [ 31.204178, -16.977311 ], [ 31.204267, -16.967895 ], [ 31.202231, -16.965399 ], [ 31.203435, -16.947073 ], [ 31.200459, -16.935152 ], [ 31.202027, -16.932688 ], [ 31.198967, -16.929687 ], [ 31.199089, -16.925789 ], [ 31.22245, -16.902041 ], [ 31.228623, -16.898986 ], [ 31.230605, -16.894803 ], [ 31.236304, -16.890809 ], [ 31.237155, -16.886614 ], [ 31.239114, -16.884609 ], [ 31.237079, -16.878208 ], [ 31.23911, -16.873515 ], [ 31.248946, -16.869488 ], [ 31.253109, -16.864567 ], [ 31.253154, -16.859611 ], [ 31.250586, -16.859094 ], [ 31.249593, -16.85512 ], [ 31.251683, -16.851669 ], [ 31.256852, -16.849235 ], [ 31.260608, -16.832416 ], [ 31.262621, -16.837389 ], [ 31.26569, -16.839397 ], [ 31.272916, -16.83698 ], [ 31.278116, -16.831076 ], [ 31.277384, -16.823452 ] ], [ [ 30.846114, -17.031642 ], [ 30.842978, -17.030259 ], [ 30.840594, -17.024756 ], [ 30.84055, -17.014183 ], [ 30.845236, -17.014024 ], [ 30.845219, -17.018953 ], [ 30.855282, -17.022983 ], [ 30.856537, -17.020597 ], [ 30.857748, -17.021789 ], [ 30.85912, -17.020542 ], [ 30.863436, -17.022022 ], [ 30.863535, -17.024636 ], [ 30.859631, -17.032342 ], [ 30.856907, -17.029658 ], [ 30.852322, -17.028638 ], [ 30.850211, -17.033036 ], [ 30.846114, -17.031642 ] ] ] } },
{ "type": "Feature", "properties": { "admin_name": "Mberengwa", "tiles": 23.0, "tests": 91.0, "devices": 24.0, "pop_weight": 8901.9130470752716, "area_km2": 7.5335666411706077, "d_mean_tile": 42.335086956521742, "d_median_tile": 37.763, "d_mean_pop": 38.82590485283572, "d_median_pop": 39.706243299084079, "d_p10_pop": 3.5584527718264622, "d_p90_pop": 67.11317389059414, "u_median_pop": 16.447601280259875, "lat_median_pop": 22.0, "pct_above_bb": 76.516763421001571, "pct_above_hi": 53.603755591207893, "divide_ratio": 18.860212062375265, "pop_total": 230445.04260668479, "pop_covered": 8901.9130470752716, "pop_coverage_pct": 3.8629223464219766, "level": "ADM2" }, "geometry": { "type": "Polygon", "coordinates": [ [ [ 30.448985, -20.624882 ], [ 30.447022, -20.624983 ], [ 30.445113, -20.622744 ], [ 30.447444, -20.61655 ], [ 30.443627, -20.612512 ], [ 30.440881, -20.60585 ], [ 30.441005, -20.595833 ], [ 30.436593, -20.586101 ], [ 30.43179, -20.580869 ], [ 30.430608, -20.575539 ], [ 30.428702, -20.574621 ], [ 30.420119, -20.576515 ], [ 30.415056, -20.580979 ], [ 30.414425, -20.582498 ], [ 30.417213, -20.58686 ], [ 30.415316, -20.588975 ], [ 30.397583, -20.5786 ], [ 30.389193, -20.57962 ], [ 30.367429, -20.568899 ], [ 30.344465, -20.572153 ], [ 30.336256, -20.575182 ], [ 30.310663, -20.575533 ], [ 30.307327, -20.568537 ], [ 30.297673, -20.562501 ], [ 30.279376, -20.556849 ], [ 30.27616, -20.559979 ], [ 30.275191, -20.563359 ], [ 30.271744, -20.562783 ], [ 30.25531, -20.54838 ], [ 30.253552, -20.547861 ], [ 30.250374, -20.549879 ], [ 30.230417, -20.541912 ], [ 30.21067, -20.543112 ], [ 30.205626, -20.539898 ], [ 30.203379, -20.527304 ], [ 30.200579, -20.526919 ], [ 30.192877, -20.531302 ], [ 30.186646, -20.532117 ], [ 30.184334, -20.53107 ], [ 30.181462, -20.52666 ], [ 30.179499, -20.520069 ], [ 30.177048, -20.51889 ], [ 30.163259, -20.532664 ], [ 30.152826, -20.537253 ], [ 30.145193, -20.535828 ], [ 30.1391, -20.537432 ], [ 30.136019, -20.533551 ], [ 30.132588, -20.532111 ], [ 30.137348, -20.509532 ], [ 30.11553, -20.490701 ], [ 29.995338, -20.394659 ], [ 29.997636, -20.458267 ], [ 29.975381, -20.449008 ], [ 29.963605, -20.435867 ], [ 29.959292, -20.435012 ], [ 29.947983, -20.438339 ], [ 29.942009, -20.436429 ], [ 29.934992, -20.431203 ], [ 29.931362, -20.430767 ], [ 29.928524, -20.432796 ], [ 29.923465, -20.429429 ], [ 29.92001, -20.418547 ], [ 29.913222, -20.417567 ], [ 29.902921, -20.418877 ], [ 29.895484, -20.414925 ], [ 29.878971, -20.410928 ], [ 29.873483, -20.400215 ], [ 29.85745, -20.387192 ], [ 29.845216, -20.380874 ], [ 29.834241, -20.378579 ], [ 29.826035, -20.378906 ], [ 29.821904, -20.374366 ], [ 29.819724, -20.365357 ], [ 29.814768, -20.364928 ], [ 29.809015, -20.367127 ], [ 29.801935, -20.365929 ], [ 29.796785, -20.35744 ], [ 29.793425, -20.356542 ], [ 29.788923, -20.351821 ], [ 29.783634, -20.351827 ], [ 29.768401, -20.333744 ], [ 29.756368, -20.334921 ], [ 29.730888, -20.391526 ], [ 29.731197, -20.455581 ], [ 29.713405, -20.473595 ], [ 29.707742, -20.498769 ], [ 29.701125, -20.516161 ], [ 29.605308, -20.575316 ], [ 29.620303, -20.595186 ], [ 29.584498, -20.604276 ], [ 29.596804, -20.650612 ], [ 29.607882, -20.668183 ], [ 29.661663, -20.654728 ], [ 29.663561, -20.655042 ], [ 29.675369, -20.670485 ], [ 29.6668, -20.712661 ], [ 29.650636, -20.755692 ], [ 29.637527, -20.828533 ], [ 29.624299, -20.891184 ], [ 29.585711, -20.925994 ], [ 29.541429, -20.953385 ], [ 29.489389, -20.995269 ], [ 29.481602, -20.999143 ], [ 29.457783, -21.01558 ], [ 29.498596, -21.028181 ], [ 29.534468, -21.036807 ], [ 29.592461, -21.040538 ], [ 29.689604, -21.021338 ], [ 29.730701, -21.022919 ], [ 29.767367, -21.032358 ], [ 29.784627, -21.031475 ], [ 29.823564, -21.012869 ], [ 29.840953, -20.994782 ], [ 29.845744, -20.992526 ], [ 29.882299, -20.958611 ], [ 29.902949, -20.945409 ], [ 29.927449, -20.922803 ], [ 29.943067, -20.915341 ], [ 29.946786, -20.911732 ], [ 29.954339, -20.915278 ], [ 29.971799, -20.909437 ], [ 29.987586, -20.911356 ], [ 29.991051, -20.918102 ], [ 30.010934, -20.931007 ], [ 30.049197, -20.959349 ], [ 30.059487, -20.96028 ], [ 30.06882, -20.966318 ], [ 30.067282, -20.974542 ], [ 30.071168, -20.987498 ], [ 30.07358, -20.990134 ], [ 30.109022, -21.00704 ], [ 30.125149, -21.007095 ], [ 30.131293, -21.008447 ], [ 30.141911, -21.01649 ], [ 30.146466, -21.021979 ], [ 30.165945, -21.034526 ], [ 30.169412, -21.033769 ], [ 30.172597, -21.030019 ], [ 30.179441, -21.02784 ], [ 30.193299, -21.037849 ], [ 30.209517, -21.032085 ], [ 30.217068, -21.031713 ], [ 30.229411, -21.037449 ], [ 30.232986, -21.037263 ], [ 30.242559, -21.040628 ], [ 30.250112, -21.041004 ], [ 30.253291, -21.029792 ], [ 30.281687, -21.019448 ], [ 30.287985, -21.02722 ], [ 30.300927, -21.036573 ], [ 30.308904, -21.030691 ], [ 30.316333, -21.03012 ], [ 30.337197, -21.043058 ], [ 30.342642, -21.043365 ], [ 30.356831, -21.039859 ], [ 30.357207, -21.037876 ], [ 30.363666, -21.035446 ], [ 30.371884, -21.025578 ], [ 30.378335, -21.020426 ], [ 30.381341, -21.018952 ], [ 30.393381, -21.019537 ], [ 30.396486, -21.014604 ], [ 30.395802, -21.009687 ], [ 30.398022, -21.007062 ], [ 30.40114, -21.006109 ], [ 30.402668, -20.999772 ], [ 30.409282, -20.999332 ], [ 30.417523, -20.986537 ], [ 30.445178, -20.962509 ], [ 30.442728, -20.939173 ], [ 30.443407, -20.923141 ], [ 30.447703, -20.909455 ], [ 30.448778, -20.893998 ], [ 30.453441, -20.882609 ], [ 30.450822, -20.869201 ], [ 30.454309, -20.831057 ], [ 30.465955, -20.790547 ], [ 30.469147, -20.769586 ], [ 30.47343, -20.75628 ], [ 30.480058, -20.748356 ], [ 30.478561, -20.740694 ], [ 30.48142, -20.715144 ], [ 30.486866, -20.70491 ], [ 30.497542, -20.697427 ], [ 30.50981, -20.691875 ], [ 30.519914, -20.68232 ], [ 30.511601, -20.681015 ], [ 30.492518, -20.684033 ], [ 30.480839, -20.679732 ], [ 30.478828, -20.676103 ], [ 30.481539, -20.665897 ], [ 30.48138, -20.661076 ], [ 30.478771, -20.656254 ], [ 30.476913, -20.654419 ], [ 30.466999, -20.652411 ], [ 30.458052, -20.646449 ], [ 30.450603, -20.632857 ], [ 30.450442, -20.626841 ], [ 30.448985, -20.624882 ] ] ] } },
{ "type": "Feature", "properties": { "admin_name": "Mbire", "tiles": null, "tests": null, "devices": null, "pop_weight": null, "area_km2": null, "d_mean_tile": null, "d_median_tile": null, "d_mean_pop": null, "d_median_pop": null, "d_p10_pop": null, "d_p90_pop": null, "u_median_pop": null, "lat_median_pop": null, "pct_above_bb": null, "pct_above_hi": null, "divide_ratio": null, "pop_total": 93272.656989392955, "pop_covered": 0.0, "pop_coverage_pct": 0.0, "level": "ADM2" }, "geometry": { "type": "Polygon", "coordinates": [ [ [ 31.088111, -16.016418 ], [ 31.086467, -16.017151 ], [ 31.077977, -16.01182 ], [ 31.065039, -16.018198 ], [ 31.061897, -16.014164 ], [ 31.066095, -16.00742 ], [ 31.066456, -16.002454 ], [ 31.064837, -15.999697 ], [ 31.063196, -15.999688 ], [ 31.058088, -16.011713 ], [ 31.051819, -16.017599 ], [ 31.043816, -16.021149 ], [ 31.031806, -16.019708 ], [ 31.028514, -16.021594 ], [ 31.023833, -16.034571 ], [ 31.025115, -16.038807 ], [ 31.01706, -16.049756 ], [ 31.012576, -16.049931 ], [ 31.006843, -16.056981 ], [ 30.999685, -16.058882 ], [ 30.988487, -16.059473 ], [ 30.98296, -16.057622 ], [ 30.979729, -16.052915 ], [ 30.972529, -16.049811 ], [ 30.971039, -16.050569 ], [ 30.964162, -16.04402 ], [ 30.965569, -16.041063 ], [ 30.963884, -16.041531 ], [ 30.961837, -16.03731 ], [ 30.95868, -16.036047 ], [ 30.958669, -16.037577 ], [ 30.95523, -16.034399 ], [ 30.958411, -16.032313 ], [ 30.957135, -16.030774 ], [ 30.958059, -16.026282 ], [ 30.947723, -16.009954 ], [ 30.942987, -16.008396 ], [ 30.940801, -16.009531 ], [ 30.936191, -16.004336 ], [ 30.931236, -16.005646 ], [ 30.914887, -15.996361 ], [ 30.907662, -15.997083 ], [ 30.90547, -15.999175 ], [ 30.655799, -15.999057 ], [ 30.652881, -16.000801 ], [ 30.488422, -16.001914 ], [ 30.488629, -16.000996 ], [ 30.421902, -16.000803 ], [ 30.422398, -15.618543 ], [ 30.416476, -15.620746 ], [ 30.407105, -15.629296 ], [ 30.395324, -15.636982 ], [ 30.381367, -15.642586 ], [ 30.372746, -15.643545 ], [ 30.354565, -15.652301 ], [ 30.332641, -15.648458 ], [ 30.321763, -15.64302 ], [ 30.285437, -15.644609 ], [ 30.284744, -15.667547 ], [ 30.286327, -15.70168 ], [ 30.313076, -15.716822 ], [ 30.334519, -15.750298 ], [ 30.331086, -15.751751 ], [ 30.151282, -15.918897 ], [ 30.051546, -15.988289 ], [ 30.052003, -15.993851 ], [ 30.046277, -16.001204 ], [ 30.047357, -16.00308 ], [ 30.055341, -16.003294 ], [ 30.057996, -15.999991 ], [ 30.061153, -16.000821 ], [ 30.063301, -16.00564 ], [ 30.061977, -16.012819 ], [ 30.058906, -16.016253 ], [ 30.063589, -16.016299 ], [ 30.063127, -16.020425 ], [ 30.065019, -16.023507 ], [ 30.074196, -16.027597 ], [ 30.072241, -16.029974 ], [ 30.075087, -16.033867 ], [ 30.079489, -16.034443 ], [ 30.082356, -16.036604 ], [ 30.086655, -16.033981 ], [ 30.087838, -16.038923 ], [ 30.092577, -16.03404 ], [ 30.096096, -16.039404 ], [ 30.093453, -16.041644 ], [ 30.09356, -16.044309 ], [ 30.098643, -16.045424 ], [ 30.107896, -16.043252 ], [ 30.11009, -16.044072 ], [ 30.10785, -16.047114 ], [ 30.099423, -16.049428 ], [ 30.10125, -16.058239 ], [ 30.099848, -16.060225 ], [ 30.100502, -16.063293 ], [ 30.095417, -16.062311 ], [ 30.09426, -16.067096 ], [ 30.094786, -16.069232 ], [ 30.097666, -16.070327 ], [ 30.099013, -16.072871 ], [ 30.094029, -16.075086 ], [ 30.089074, -16.074771 ], [ 30.088053, -16.079558 ], [ 30.078814, -16.091987 ], [ 30.078663, -16.093185 ], [ 30.080857, -16.094138 ], [ 30.078291, -16.101306 ], [ 30.081421, -16.104668 ], [ 30.085829, -16.104712 ], [ 30.08688, -16.10912 ], [ 30.085036, -16.113615 ], [ 30.08746, -16.118436 ], [ 30.093203, -16.122222 ], [ 30.100104, -16.121227 ], [ 30.104176, -16.124727 ], [ 30.098517, -16.126209 ], [ 30.098977, -16.127466 ], [ 30.102724, -16.128277 ], [ 30.099055, -16.131089 ], [ 30.10158, -16.137001 ], [ 30.109844, -16.146903 ], [ 30.111991, -16.158141 ], [ 30.118915, -16.163605 ], [ 30.117845, -16.164864 ], [ 30.113714, -16.164275 ], [ 30.113944, -16.167232 ], [ 30.120525, -16.171953 ], [ 30.124732, -16.172763 ], [ 30.128633, -16.17106 ], [ 30.124502, -16.168476 ], [ 30.127862, -16.162409 ], [ 30.130311, -16.162407 ], [ 30.133678, -16.165586 ], [ 30.139718, -16.16107 ], [ 30.138421, -16.167652 ], [ 30.141486, -16.177335 ], [ 30.135219, -16.185769 ], [ 30.127189, -16.188878 ], [ 30.123288, -16.19243 ], [ 30.119928, -16.203005 ], [ 30.112052, -16.21299 ], [ 30.107846, -16.214175 ], [ 30.095572, -16.227853 ], [ 30.090063, -16.228003 ], [ 30.093184, -16.248817 ], [ 30.090422, -16.259974 ], [ 30.095248, -16.274511 ], [ 30.094878, -16.283532 ], [ 30.090353, -16.287934 ], [ 30.090462, -16.289843 ], [ 30.094103, -16.293438 ], [ 30.089253, -16.303048 ], [ 30.091706, -16.307012 ], [ 30.089056, -16.308511 ], [ 30.085789, -16.317629 ], [ 30.074066, -16.320522 ], [ 30.063552, -16.332837 ], [ 30.065725, -16.337823 ], [ 30.065095, -16.343027 ], [ 30.058425, -16.345549 ], [ 30.05824, -16.354081 ], [ 30.054161, -16.358049 ], [ 30.054603, -16.361793 ], [ 30.050308, -16.365553 ], [ 30.04948, -16.375752 ], [ 30.051229, -16.382613 ], [ 30.049521, -16.386575 ], [ 30.055499, -16.392672 ], [ 30.060884, -16.393744 ], [ 30.065568, -16.398239 ], [ 30.075292, -16.39974 ], [ 30.080115, -16.40373 ], [ 30.083407, -16.403636 ], [ 30.086201, -16.401122 ], [ 30.086361, -16.398709 ], [ 30.081046, -16.391918 ], [ 30.081211, -16.389124 ], [ 30.084143, -16.386104 ], [ 30.088753, -16.374967 ], [ 30.091284, -16.37245 ], [ 30.105883, -16.373362 ], [ 30.110495, -16.373028 ], [ 30.118041, -16.369292 ], [ 30.144241, -16.368792 ], [ 30.146486, -16.368178 ], [ 30.153282, -16.361001 ], [ 30.163883, -16.354751 ], [ 30.193237, -16.351224 ], [ 30.197606, -16.348978 ], [ 30.20841, -16.336371 ], [ 30.210336, -16.329032 ], [ 30.205667, -16.315636 ], [ 30.208238, -16.312087 ], [ 30.214257, -16.309566 ], [ 30.214029, -16.306445 ], [ 30.209283, -16.304801 ], [ 30.206893, -16.29961 ], [ 30.208019, -16.289478 ], [ 30.207114, -16.276252 ], [ 30.21773, -16.268217 ], [ 30.234213, -16.264942 ], [ 30.240915, -16.265514 ], [ 30.244185, -16.267324 ], [ 30.248247, -16.273102 ], [ 30.25419, -16.276229 ], [ 30.26628, -16.271358 ], [ 30.276687, -16.269989 ], [ 30.286517, -16.272644 ], [ 30.294897, -16.276748 ], [ 30.299597, -16.282069 ], [ 30.302099, -16.290403 ], [ 30.301678, -16.311612 ], [ 30.304142, -16.314896 ], [ 30.312821, -16.316206 ], [ 30.314978, -16.317776 ], [ 30.318382, -16.324251 ], [ 30.316156, -16.330451 ], [ 30.317698, -16.333873 ], [ 30.320366, -16.335189 ], [ 30.324816, -16.335404 ], [ 30.327645, -16.337136 ], [ 30.34295, -16.335 ], [ 30.359317, -16.340641 ], [ 30.364307, -16.340214 ], [ 30.374088, -16.334769 ], [ 30.381876, -16.336848 ], [ 30.420035, -16.339105 ], [ 30.428254, -16.339072 ], [ 30.431331, -16.349945 ], [ 30.432984, -16.351572 ], [ 30.442102, -16.35033 ], [ 30.455131, -16.35264 ], [ 30.463144, -16.355933 ], [ 30.469666, -16.356134 ], [ 30.483147, -16.354488 ], [ 30.49244, -16.351048 ], [ 30.50211, -16.355525 ], [ 30.506904, -16.360656 ], [ 30.527889, -16.361205 ], [ 30.536684, -16.36366 ], [ 30.548301, -16.36945 ], [ 30.56959, -16.369927 ], [ 30.582317, -16.372639 ], [ 30.594049, -16.378321 ], [ 30.616696, -16.376145 ], [ 30.622094, -16.376957 ], [ 30.623412, -16.377398 ], [ 30.62716, -16.386167 ], [ 30.639897, -16.391114 ], [ 30.64695, -16.400469 ], [ 30.659361, -16.396567 ], [ 30.691216, -16.396624 ], [ 30.715529, -16.39403 ], [ 30.750015, -16.402924 ], [ 30.771944, -16.412938 ], [ 30.79253, -16.416862 ], [ 30.792692, -16.414611 ], [ 30.796541, -16.414647 ], [ 30.798416, -16.411878 ], [ 30.794826, -16.398247 ], [ 30.796869, -16.393619 ], [ 30.800777, -16.391305 ], [ 30.799816, -16.388486 ], [ 30.802545, -16.388246 ], [ 30.801881, -16.385129 ], [ 30.805997, -16.383106 ], [ 30.803922, -16.380402 ], [ 30.806434, -16.379284 ], [ 30.808488, -16.380913 ], [ 30.806558, -16.374981 ], [ 30.808982, -16.374647 ], [ 30.811452, -16.376856 ], [ 30.813091, -16.372244 ], [ 30.815614, -16.371811 ], [ 30.818118, -16.36473 ], [ 30.820917, -16.362727 ], [ 30.82365, -16.362683 ], [ 30.822662, -16.358398 ], [ 30.824794, -16.358754 ], [ 30.824848, -16.356112 ], [ 30.83029, -16.354752 ], [ 30.830702, -16.349659 ], [ 30.833432, -16.349419 ], [ 30.831442, -16.345835 ], [ 30.836205, -16.34605 ], [ 30.838131, -16.340638 ], [ 30.835303, -16.335504 ], [ 30.841792, -16.335982 ], [ 30.843932, -16.331156 ], [ 30.839417, -16.33348 ], [ 30.838057, -16.331057 ], [ 30.842516, -16.331278 ], [ 30.843586, -16.328913 ], [ 30.847624, -16.328259 ], [ 30.847786, -16.326105 ], [ 30.845852, -16.32555 ], [ 30.847947, -16.323755 ], [ 30.847103, -16.32201 ], [ 30.849705, -16.320305 ], [ 30.852471, -16.32202 ], [ 30.850684, -16.318431 ], [ 30.852751, -16.315267 ], [ 30.854903, -16.316697 ], [ 30.854847, -16.319142 ], [ 30.856362, -16.318923 ], [ 30.857916, -16.315377 ], [ 30.862577, -16.315593 ], [ 30.866079, -16.313384 ], [ 30.86732, -16.31483 ], [ 30.870626, -16.312917 ], [ 30.872394, -16.315429 ], [ 30.874515, -16.315101 ], [ 30.877731, -16.319251 ], [ 30.878904, -16.31708 ], [ 30.884057, -16.316506 ], [ 30.882812, -16.320341 ], [ 30.887477, -16.315274 ], [ 30.89294, -16.315085 ], [ 30.894712, -16.317794 ], [ 30.895057, -16.314561 ], [ 30.897434, -16.311686 ], [ 30.901739, -16.31083 ], [ 30.901377, -16.313086 ], [ 30.902607, -16.313945 ], [ 30.905943, -16.313596 ], [ 30.906994, -16.310254 ], [ 30.911064, -16.311358 ], [ 30.909563, -16.306885 ], [ 30.914971, -16.309142 ], [ 30.913813, -16.306814 ], [ 30.917088, -16.308618 ], [ 30.917044, -16.306271 ], [ 30.91975, -16.304855 ], [ 30.922127, -16.307456 ], [ 30.922589, -16.305002 ], [ 30.918473, -16.301552 ], [ 30.923456, -16.302738 ], [ 30.9205, -16.296238 ], [ 30.925762, -16.296148 ], [ 30.92733, -16.293393 ], [ 30.929751, -16.298242 ], [ 30.92969, -16.295015 ], [ 30.93472, -16.293464 ], [ 30.937209, -16.291171 ], [ 30.942491, -16.292157 ], [ 30.942725, -16.288438 ], [ 30.944932, -16.287421 ], [ 30.947391, -16.288945 ], [ 30.946958, -16.292765 ], [ 30.948838, -16.290484 ], [ 30.952459, -16.28925 ], [ 30.955001, -16.284512 ], [ 30.95984, -16.283452 ], [ 30.959316, -16.282483 ], [ 30.952028, -16.28251 ], [ 30.952171, -16.279377 ], [ 30.956716, -16.273531 ], [ 30.954934, -16.264954 ], [ 30.957919, -16.262263 ], [ 30.964956, -16.259698 ], [ 30.970545, -16.260873 ], [ 30.971348, -16.255188 ], [ 30.966754, -16.253114 ], [ 30.96355, -16.25493 ], [ 30.963271, -16.250925 ], [ 30.965308, -16.248901 ], [ 30.97303, -16.246895 ], [ 30.973955, -16.244534 ], [ 30.977644, -16.242909 ], [ 30.975258, -16.236544 ], [ 30.972178, -16.236128 ], [ 30.971504, -16.234734 ], [ 30.973068, -16.231895 ], [ 30.97168, -16.226919 ], [ 30.981461, -16.205816 ], [ 30.981405, -16.194411 ], [ 30.999321, -16.184571 ], [ 31.010755, -16.168417 ], [ 31.016574, -16.165175 ], [ 31.030454, -16.166521 ], [ 31.033637, -16.164849 ], [ 31.041517, -16.164046 ], [ 31.045483, -16.160052 ], [ 31.053379, -16.156818 ], [ 31.058006, -16.151981 ], [ 31.061718, -16.15274 ], [ 31.066778, -16.148645 ], [ 31.067144, -16.142939 ], [ 31.069475, -16.137877 ], [ 31.075269, -16.138014 ], [ 31.07723, -16.139187 ], [ 31.078519, -16.142788 ], [ 31.080613, -16.140158 ], [ 31.083564, -16.140597 ], [ 31.085128, -16.135636 ], [ 31.083377, -16.135838 ], [ 31.083385, -16.134781 ], [ 31.085485, -16.131303 ], [ 31.09892, -16.133702 ], [ 31.104943, -16.132251 ], [ 31.105781, -16.138071 ], [ 31.116358, -16.137598 ], [ 31.115295, -16.133046 ], [ 31.116827, -16.132947 ], [ 31.117395, -16.129674 ], [ 31.11903, -16.130529 ], [ 31.119701, -16.128206 ], [ 31.116669, -16.12375 ], [ 31.11628, -16.116251 ], [ 31.124491, -16.114603 ], [ 31.131577, -16.118023 ], [ 31.133118, -16.116551 ], [ 31.136496, -16.11826 ], [ 31.13913, -16.117005 ], [ 31.136087, -16.113817 ], [ 31.13719, -16.112448 ], [ 31.140903, -16.113102 ], [ 31.140711, -16.109188 ], [ 31.137239, -16.104837 ], [ 31.139797, -16.098189 ], [ 31.134066, -16.088327 ], [ 31.136518, -16.080939 ], [ 31.132709, -16.07817 ], [ 31.132303, -16.073199 ], [ 31.133867, -16.068132 ], [ 31.130079, -16.062088 ], [ 31.13648, -16.052606 ], [ 31.144379, -16.048417 ], [ 31.145266, -16.046096 ], [ 31.143425, -16.043547 ], [ 31.138952, -16.042362 ], [ 31.127075, -16.053296 ], [ 31.124235, -16.052966 ], [ 31.121746, -16.049041 ], [ 31.122217, -16.043968 ], [ 31.12738, -16.039978 ], [ 31.137844, -16.027566 ], [ 31.138075, -16.025559 ], [ 31.134247, -16.026069 ], [ 31.13172, -16.028169 ], [ 31.125376, -16.028664 ], [ 31.119703, -16.027156 ], [ 31.114998, -16.027978 ], [ 31.112928, -16.026698 ], [ 31.110662, -16.022141 ], [ 31.116297, -16.012972 ], [ 31.115334, -16.009796 ], [ 31.103503, -16.014068 ], [ 31.092296, -16.011577 ], [ 31.088111, -16.016418 ] ] ] } },
{ "type": "Feature", "properties": { "admin_name": "Mhondoro-Ngezi", "tiles": 13.0, "tests": 30.0, "devices": 13.0, "pop_weight": 1964.0067989826202, "area_km2": 4.3665734201404387, "d_mean_tile": 53.082461538461537, "d_median_tile": 38.072, "d_mean_pop": 41.248783352117208, "d_median_pop": 34.123631771766313, "d_p10_pop": 0.3772125617171066, "d_p90_pop": 91.101419788877735, "u_median_pop": 8.3155501399193295, "lat_median_pop": 25.0, "pct_above_bb": 64.980783705676288, "pct_above_hi": 63.450599139099005, "divide_ratio": 241.51215795724198, "pop_total": 155845.27025085522, "pop_covered": 2040.9738323688507, "pop_coverage_pct": 1.3096155110024268, "level": "ADM2" }, "geometry": { "type": "Polygon", "coordinates": [ [ [ 30.027362, -18.234943 ], [ 29.999547, -18.258076 ], [ 30.02198, -18.284577 ], [ 30.022718, -18.289281 ], [ 30.013925, -18.300873 ], [ 30.026925, -18.306593 ], [ 30.007463, -18.343431 ], [ 30.002662, -18.365907 ], [ 30.015015, -18.366655 ], [ 30.015357, -18.379294 ], [ 29.999959, -18.378552 ], [ 29.992532, -18.388447 ], [ 29.989387, -18.397644 ], [ 29.96304, -18.387017 ], [ 29.947242, -18.409974 ], [ 29.904089, -18.417895 ], [ 29.844518, -18.381581 ], [ 29.836241, -18.387053 ], [ 29.834057, -18.391377 ], [ 29.833578, -18.415259 ], [ 29.830146, -18.425893 ], [ 29.828941, -18.438469 ], [ 29.82214, -18.439532 ], [ 29.815201, -18.44299 ], [ 29.81426, -18.440007 ], [ 29.803819, -18.437173 ], [ 29.800216, -18.433977 ], [ 29.796521, -18.437312 ], [ 29.789571, -18.438335 ], [ 29.7856, -18.430273 ], [ 29.777604, -18.430195 ], [ 29.772361, -18.422913 ], [ 29.763916, -18.426706 ], [ 29.760425, -18.422865 ], [ 29.763655, -18.41887 ], [ 29.760286, -18.416669 ], [ 29.739955, -18.413899 ], [ 29.73858, -18.411152 ], [ 29.731501, -18.408306 ], [ 29.720066, -18.409471 ], [ 29.72004, -18.410833 ], [ 29.717162, -18.412145 ], [ 29.710135, -18.406575 ], [ 29.708787, -18.402466 ], [ 29.690248, -18.402144 ], [ 29.69017, -18.406228 ], [ 29.688744, -18.406203 ], [ 29.683118, -18.40202 ], [ 29.683223, -18.396574 ], [ 29.681823, -18.395188 ], [ 29.676145, -18.393726 ], [ 29.663312, -18.393501 ], [ 29.663469, -18.385333 ], [ 29.662043, -18.385308 ], [ 29.66207, -18.383947 ], [ 29.646412, -18.382309 ], [ 29.643455, -18.387704 ], [ 29.642029, -18.387679 ], [ 29.640735, -18.380847 ], [ 29.63791, -18.379435 ], [ 29.63799, -18.375351 ], [ 29.627254, -18.370495 ], [ 29.617891, -18.370323 ], [ 29.612333, -18.367743 ], [ 29.602404, -18.367295 ], [ 29.587342, -18.373308 ], [ 29.582839, -18.369383 ], [ 29.577539, -18.368793 ], [ 29.576024, -18.379621 ], [ 29.564418, -18.406073 ], [ 29.564296, -18.418811 ], [ 29.567649, -18.424532 ], [ 29.567437, -18.42688 ], [ 29.563453, -18.427748 ], [ 29.560426, -18.432391 ], [ 29.55895, -18.443519 ], [ 29.550032, -18.445698 ], [ 29.545502, -18.454239 ], [ 29.551531, -18.476872 ], [ 29.54731, -18.482706 ], [ 29.553692, -18.488548 ], [ 29.551405, -18.500092 ], [ 29.554112, -18.514144 ], [ 29.552105, -18.521387 ], [ 29.545037, -18.528708 ], [ 29.544947, -18.535731 ], [ 29.547056, -18.554299 ], [ 29.554003, -18.570238 ], [ 29.55391, -18.578795 ], [ 29.556818, -18.581864 ], [ 29.571305, -18.5847 ], [ 29.57561, -18.579211 ], [ 29.581365, -18.577668 ], [ 29.589032, -18.577513 ], [ 29.596941, -18.579844 ], [ 29.61199, -18.591884 ], [ 29.618153, -18.599342 ], [ 29.625668, -18.600496 ], [ 29.635772, -18.612914 ], [ 29.639758, -18.614664 ], [ 29.643672, -18.613488 ], [ 29.648294, -18.616684 ], [ 29.653409, -18.615156 ], [ 29.665453, -18.604029 ], [ 29.669449, -18.605042 ], [ 29.676533, -18.610289 ], [ 29.690622, -18.613902 ], [ 29.696138, -18.610223 ], [ 29.699518, -18.610503 ], [ 29.707675, -18.6156 ], [ 29.720099, -18.610869 ], [ 29.730544, -18.611123 ], [ 29.735488, -18.61916 ], [ 29.734454, -18.629855 ], [ 29.736039, -18.642885 ], [ 29.743114, -18.645639 ], [ 29.750709, -18.645515 ], [ 29.756933, -18.637839 ], [ 29.762699, -18.63388 ], [ 29.777079, -18.630336 ], [ 29.77592, -18.638722 ], [ 29.776942, -18.641646 ], [ 29.781438, -18.645243 ], [ 29.781083, -18.649235 ], [ 29.788451, -18.649805 ], [ 29.793595, -18.646746 ], [ 29.800132, -18.651073 ], [ 29.801124, -18.654642 ], [ 29.799882, -18.661065 ], [ 29.803742, -18.671915 ], [ 29.806073, -18.674698 ], [ 29.814548, -18.673834 ], [ 29.826383, -18.681211 ], [ 29.829809, -18.681983 ], [ 29.833223, -18.679941 ], [ 29.835316, -18.672846 ], [ 29.842272, -18.671467 ], [ 29.850442, -18.677505 ], [ 29.853884, -18.683105 ], [ 29.855704, -18.690772 ], [ 29.858825, -18.6904 ], [ 29.861371, -18.685428 ], [ 29.864798, -18.683703 ], [ 29.870627, -18.687427 ], [ 29.879606, -18.68975 ], [ 29.884002, -18.69603 ], [ 29.889505, -18.695711 ], [ 29.891247, -18.703093 ], [ 29.904056, -18.695721 ], [ 29.909954, -18.694737 ], [ 29.912519, -18.69647 ], [ 29.913288, -18.701611 ], [ 29.915, -18.702953 ], [ 29.923632, -18.703619 ], [ 29.925624, -18.701573 ], [ 29.926343, -18.694634 ], [ 29.931412, -18.68883 ], [ 29.932948, -18.688935 ], [ 29.936631, -18.693868 ], [ 29.940169, -18.6934 ], [ 29.946629, -18.687295 ], [ 29.948754, -18.687621 ], [ 29.954088, -18.692319 ], [ 29.968559, -18.683585 ], [ 29.974456, -18.682994 ], [ 29.976686, -18.680508 ], [ 29.980938, -18.689715 ], [ 29.98923, -18.695054 ], [ 29.993397, -18.696516 ], [ 30.004872, -18.694329 ], [ 30.008504, -18.695575 ], [ 30.018029, -18.71296 ], [ 30.028558, -18.708923 ], [ 30.030857, -18.702446 ], [ 30.034435, -18.699642 ], [ 30.039718, -18.698088 ], [ 30.049739, -18.699865 ], [ 30.052022, -18.706431 ], [ 30.054283, -18.708723 ], [ 30.06136, -18.707258 ], [ 30.06704, -18.709533 ], [ 30.069808, -18.713382 ], [ 30.06894, -18.718234 ], [ 30.071837, -18.722742 ], [ 30.100477, -18.717038 ], [ 30.102846, -18.718003 ], [ 30.10519, -18.72245 ], [ 30.113212, -18.720771 ], [ 30.120391, -18.724434 ], [ 30.132264, -18.718301 ], [ 30.1402, -18.721353 ], [ 30.146643, -18.719304 ], [ 30.150782, -18.725388 ], [ 30.160801, -18.725393 ], [ 30.173995, -18.730803 ], [ 30.181676, -18.730484 ], [ 30.187023, -18.735575 ], [ 30.188194, -18.739236 ], [ 30.206497, -18.752343 ], [ 30.211531, -18.758107 ], [ 30.213362, -18.761196 ], [ 30.214291, -18.768548 ], [ 30.221876, -18.780995 ], [ 30.225235, -18.782111 ], [ 30.229428, -18.780766 ], [ 30.235799, -18.782919 ], [ 30.23895, -18.780276 ], [ 30.246858, -18.783972 ], [ 30.250846, -18.784005 ], [ 30.254544, -18.786833 ], [ 30.25887, -18.784426 ], [ 30.260221, -18.784975 ], [ 30.263549, -18.794317 ], [ 30.267675, -18.799163 ], [ 30.268237, -18.802809 ], [ 30.273506, -18.805977 ], [ 30.274563, -18.809113 ], [ 30.278094, -18.807023 ], [ 30.280121, -18.807827 ], [ 30.2892, -18.804881 ], [ 30.290119, -18.800435 ], [ 30.296023, -18.795646 ], [ 30.302992, -18.796918 ], [ 30.311792, -18.800815 ], [ 30.316579, -18.800851 ], [ 30.319224, -18.803273 ], [ 30.321538, -18.810297 ], [ 30.326848, -18.814269 ], [ 30.326854, -18.81566 ], [ 30.322757, -18.816982 ], [ 30.322763, -18.81846 ], [ 30.32854, -18.824514 ], [ 30.337506, -18.830119 ], [ 30.342125, -18.830704 ], [ 30.347796, -18.837243 ], [ 30.353411, -18.837464 ], [ 30.354031, -18.846191 ], [ 30.35533, -18.847961 ], [ 30.36619, -18.847788 ], [ 30.37386, -18.852028 ], [ 30.376881, -18.849809 ], [ 30.384915, -18.848838 ], [ 30.387672, -18.842945 ], [ 30.390578, -18.840573 ], [ 30.393085, -18.852518 ], [ 30.395076, -18.855544 ], [ 30.402124, -18.859677 ], [ 30.404756, -18.85697 ], [ 30.408065, -18.858109 ], [ 30.411519, -18.861651 ], [ 30.411906, -18.864869 ], [ 30.415054, -18.864367 ], [ 30.418814, -18.859639 ], [ 30.420876, -18.860278 ], [ 30.429138, -18.870485 ], [ 30.439747, -18.877542 ], [ 30.446884, -18.892026 ], [ 30.456838, -18.893277 ], [ 30.46353, -18.898628 ], [ 30.47609, -18.902153 ], [ 30.485256, -18.899603 ], [ 30.490887, -18.900646 ], [ 30.498379, -18.906071 ], [ 30.499937, -18.908809 ], [ 30.504484, -18.911158 ], [ 30.530284, -18.909541 ], [ 30.544036, -18.895786 ], [ 30.557525, -18.87675 ], [ 30.558212, -18.819559 ], [ 30.599808, -18.80902 ], [ 30.602523, -18.760128 ], [ 30.611439, -18.746909 ], [ 30.598426, -18.699689 ], [ 30.602797, -18.696782 ], [ 30.630375, -18.724195 ], [ 30.639534, -18.695397 ], [ 30.649088, -18.732941 ], [ 30.682355, -18.670983 ], [ 30.706651, -18.643321 ], [ 30.706858, -18.638188 ], [ 30.708904, -18.637051 ], [ 30.709139, -18.634966 ], [ 30.705202, -18.636426 ], [ 30.703912, -18.63433 ], [ 30.766241, -18.570732 ], [ 30.766746, -18.532718 ], [ 30.765171, -18.506009 ], [ 30.753773, -18.526802 ], [ 30.748198, -18.530944 ], [ 30.747021, -18.535887 ], [ 30.737319, -18.553686 ], [ 30.733784, -18.555799 ], [ 30.727036, -18.554752 ], [ 30.721897, -18.550855 ], [ 30.712608, -18.549915 ], [ 30.704649, -18.551292 ], [ 30.690935, -18.548772 ], [ 30.686509, -18.546035 ], [ 30.675227, -18.542668 ], [ 30.672131, -18.542986 ], [ 30.66317, -18.539301 ], [ 30.659854, -18.539198 ], [ 30.655877, -18.541943 ], [ 30.649461, -18.539099 ], [ 30.644815, -18.535094 ], [ 30.640503, -18.534886 ], [ 30.630548, -18.530672 ], [ 30.620819, -18.530149 ], [ 30.613681, -18.532999 ], [ 30.612246, -18.535849 ], [ 30.608044, -18.535744 ], [ 30.603511, -18.532898 ], [ 30.601851, -18.533217 ], [ 30.601744, -18.536065 ], [ 30.599091, -18.537858 ], [ 30.591792, -18.533009 ], [ 30.586596, -18.534487 ], [ 30.584384, -18.533011 ], [ 30.583171, -18.53607 ], [ 30.581182, -18.53702 ], [ 30.572115, -18.535334 ], [ 30.568804, -18.542296 ], [ 30.570131, -18.545881 ], [ 30.568252, -18.545776 ], [ 30.567369, -18.547992 ], [ 30.555649, -18.547044 ], [ 30.552776, -18.549787 ], [ 30.550344, -18.54968 ], [ 30.546695, -18.546306 ], [ 30.541829, -18.545146 ], [ 30.540944, -18.540612 ], [ 30.532647, -18.531014 ], [ 30.530217, -18.533967 ], [ 30.524356, -18.531014 ], [ 30.520156, -18.531857 ], [ 30.510538, -18.524789 ], [ 30.500175, -18.521467 ], [ 30.496885, -18.521915 ], [ 30.494064, -18.525653 ], [ 30.490459, -18.522064 ], [ 30.489204, -18.513092 ], [ 30.483877, -18.517877 ], [ 30.476121, -18.521592 ], [ 30.471656, -18.518599 ], [ 30.466121, -18.518638 ], [ 30.464161, -18.51255 ], [ 30.455774, -18.51146 ], [ 30.446461, -18.503708 ], [ 30.475848, -18.442322 ], [ 30.432282, -18.437455 ], [ 30.398089, -18.409026 ], [ 30.380702, -18.422002 ], [ 30.354943, -18.415974 ], [ 30.334248, -18.416467 ], [ 30.289565, -18.413065 ], [ 30.255329, -18.40221 ], [ 30.255102, -18.403576 ], [ 30.252862, -18.402761 ], [ 30.25073, -18.399343 ], [ 30.249875, -18.390149 ], [ 30.246186, -18.389375 ], [ 30.245647, -18.391351 ], [ 30.244117, -18.391438 ], [ 30.243125, -18.388001 ], [ 30.239976, -18.388087 ], [ 30.241145, -18.384651 ], [ 30.243215, -18.384478 ], [ 30.242494, -18.382158 ], [ 30.240064, -18.383877 ], [ 30.234395, -18.380957 ], [ 30.228547, -18.381473 ], [ 30.229358, -18.385683 ], [ 30.226299, -18.38302 ], [ 30.22477, -18.384308 ], [ 30.22036, -18.382246 ], [ 30.221442, -18.38491 ], [ 30.219912, -18.385168 ], [ 30.215502, -18.380615 ], [ 30.213522, -18.380443 ], [ 30.209923, -18.381473 ], [ 30.208306, -18.384481 ], [ 30.205157, -18.383793 ], [ 30.203446, -18.384825 ], [ 30.202816, -18.379326 ], [ 30.199307, -18.383793 ], [ 30.196699, -18.384479 ], [ 30.199488, -18.388432 ], [ 30.19211, -18.390408 ], [ 30.190944, -18.345097 ], [ 30.095102, -18.350793 ], [ 30.110827, -18.327277 ], [ 30.125651, -18.309548 ], [ 30.121433, -18.296943 ], [ 30.116078, -18.299013 ], [ 30.097135, -18.272872 ], [ 30.08675, -18.283485 ], [ 30.080069, -18.24337 ], [ 30.065184, -18.258842 ], [ 30.036363, -18.227455 ], [ 30.027362, -18.234943 ] ] ] } },
{ "type": "Feature", "properties": { "admin_name": "Mount Darwin", "tiles": null, "tests": null, "devices": null, "pop_weight": null, "area_km2": null, "d_mean_tile": null, "d_median_tile": null, "d_mean_pop": null, "d_median_pop": null, "d_p10_pop": null, "d_p90_pop": null, "u_median_pop": null, "lat_median_pop": null, "pct_above_bb": null, "pct_above_hi": null, "divide_ratio": null, "pop_total": 267401.80684252939, "pop_covered": 0.0, "pop_coverage_pct": 0.0, "level": "ADM2" }, "geometry": { "type": "Polygon", "coordinates": [ [ [ 31.403053, -16.840362 ], [ 31.498794, -16.851062 ], [ 31.501142, -16.849729 ], [ 31.500659, -16.848351 ], [ 31.522522, -16.883436 ], [ 31.527272, -16.88493 ], [ 31.534304, -16.893756 ], [ 31.534872, -16.898174 ], [ 31.551019, -16.913968 ], [ 31.567596, -16.890006 ], [ 31.613016, -16.856039 ], [ 31.593067, -16.908706 ], [ 31.620001, -16.922905 ], [ 31.642397, -16.912918 ], [ 31.643737, -16.911019 ], [ 31.646241, -16.912216 ], [ 31.652679, -16.910036 ], [ 31.655057, -16.910895 ], [ 31.655832, -16.908608 ], [ 31.660933, -16.909975 ], [ 31.661234, -16.907585 ], [ 31.663189, -16.91061 ], [ 31.667561, -16.910971 ], [ 31.669317, -16.910366 ], [ 31.669947, -16.906946 ], [ 31.672943, -16.909041 ], [ 31.68207, -16.905783 ], [ 31.682934, -16.907467 ], [ 31.681696, -16.910105 ], [ 31.686083, -16.911148 ], [ 31.692428, -16.904881 ], [ 31.689226, -16.898816 ], [ 31.695852, -16.89981 ], [ 31.697242, -16.898647 ], [ 31.703145, -16.898975 ], [ 31.702192, -16.893317 ], [ 31.70712, -16.886965 ], [ 31.711913, -16.886635 ], [ 31.71609, -16.888817 ], [ 31.719083, -16.885574 ], [ 31.724035, -16.885468 ], [ 31.728825, -16.883549 ], [ 31.730515, -16.880106 ], [ 31.73708, -16.883486 ], [ 31.738316, -16.880846 ], [ 31.741156, -16.881241 ], [ 31.742144, -16.878039 ], [ 31.74589, -16.876824 ], [ 31.748629, -16.878014 ], [ 31.754217, -16.877247 ], [ 31.754536, -16.875121 ], [ 31.751616, -16.87036 ], [ 31.75589, -16.864974 ], [ 31.750569, -16.861912 ], [ 31.750288, -16.86039 ], [ 31.753834, -16.855137 ], [ 31.756449, -16.854207 ], [ 31.756459, -16.852721 ], [ 31.755572, -16.853333 ], [ 31.757532, -16.851291 ], [ 31.760096, -16.851235 ], [ 31.768027, -16.856241 ], [ 31.770516, -16.852894 ], [ 31.776618, -16.852644 ], [ 31.777612, -16.853329 ], [ 31.775573, -16.855021 ], [ 31.775863, -16.857014 ], [ 31.780845, -16.861141 ], [ 31.789476, -16.848718 ], [ 31.791785, -16.848197 ], [ 31.795985, -16.850223 ], [ 31.7956, -16.844113 ], [ 31.80138, -16.84587 ], [ 31.804321, -16.840983 ], [ 31.808888, -16.843001 ], [ 31.809544, -16.839692 ], [ 31.82353, -16.826563 ], [ 31.824873, -16.826532 ], [ 31.829023, -16.831736 ], [ 31.838729, -16.83411 ], [ 31.839011, -16.830576 ], [ 31.842069, -16.830744 ], [ 31.858804, -16.825549 ], [ 31.859054, -16.820556 ], [ 31.865062, -16.821601 ], [ 31.867946, -16.824714 ], [ 31.871614, -16.824984 ], [ 31.871111, -16.819114 ], [ 31.873785, -16.818583 ], [ 31.880274, -16.820792 ], [ 31.879694, -16.827276 ], [ 31.881075, -16.828894 ], [ 31.883142, -16.828495 ], [ 31.884264, -16.824233 ], [ 31.887476, -16.825808 ], [ 31.891001, -16.825025 ], [ 31.894249, -16.828131 ], [ 31.896805, -16.827721 ], [ 31.901112, -16.823859 ], [ 31.905391, -16.829294 ], [ 31.913251, -16.82594 ], [ 31.918157, -16.826772 ], [ 31.919057, -16.828636 ], [ 31.922923, -16.826902 ], [ 31.928237, -16.829489 ], [ 31.941887, -16.828241 ], [ 31.957033, -16.833311 ], [ 31.962524, -16.833071 ], [ 31.96454, -16.835602 ], [ 31.971697, -16.838617 ], [ 31.979892, -16.833961 ], [ 31.994471, -16.835747 ], [ 31.998065, -16.8379 ], [ 32.000203, -16.836794 ], [ 32.002843, -16.840461 ], [ 32.007626, -16.842971 ], [ 32.022033, -16.835335 ], [ 32.030151, -16.833773 ], [ 32.03318, -16.828878 ], [ 32.040432, -16.82692 ], [ 32.041878, -16.82165 ], [ 32.039913, -16.811632 ], [ 32.051589, -16.803509 ], [ 32.050971, -16.801593 ], [ 32.047812, -16.801114 ], [ 32.046169, -16.798259 ], [ 32.051039, -16.792771 ], [ 32.051169, -16.786289 ], [ 32.048709, -16.785106 ], [ 32.050357, -16.782312 ], [ 32.047217, -16.776871 ], [ 32.044697, -16.778997 ], [ 32.043522, -16.777782 ], [ 32.042904, -16.775866 ], [ 32.044876, -16.774581 ], [ 32.04496, -16.772237 ], [ 32.03627, -16.761961 ], [ 32.033893, -16.752506 ], [ 32.036621, -16.747306 ], [ 32.035167, -16.742348 ], [ 32.033545, -16.741458 ], [ 32.027014, -16.667878 ], [ 32.015046, -16.671908 ], [ 32.011508, -16.65857 ], [ 31.999666, -16.664775 ], [ 31.992307, -16.670517 ], [ 31.978522, -16.676919 ], [ 31.976115, -16.671 ], [ 31.965509, -16.669403 ], [ 31.960134, -16.658843 ], [ 31.964832, -16.656095 ], [ 31.965044, -16.645077 ], [ 31.973434, -16.632365 ], [ 31.973446, -16.627887 ], [ 31.96315, -16.620768 ], [ 31.959217, -16.61569 ], [ 31.94808, -16.613184 ], [ 31.945867, -16.610362 ], [ 31.944536, -16.604535 ], [ 31.945295, -16.601417 ], [ 31.948435, -16.598244 ], [ 31.943613, -16.595827 ], [ 31.944725, -16.59247 ], [ 31.942695, -16.592287 ], [ 31.930036, -16.580741 ], [ 31.913865, -16.571802 ], [ 31.907416, -16.561046 ], [ 31.910552, -16.557645 ], [ 31.920512, -16.555928 ], [ 31.922421, -16.551061 ], [ 31.927997, -16.545191 ], [ 31.940983, -16.545587 ], [ 31.947859, -16.549337 ], [ 31.950836, -16.549385 ], [ 31.952375, -16.544067 ], [ 31.957712, -16.543142 ], [ 31.957147, -16.539478 ], [ 31.946144, -16.537432 ], [ 31.940962, -16.534791 ], [ 31.936454, -16.530413 ], [ 31.935897, -16.527095 ], [ 31.944328, -16.521276 ], [ 31.948662, -16.508313 ], [ 31.966841, -16.501929 ], [ 31.969936, -16.501973 ], [ 31.974152, -16.499118 ], [ 31.97774, -16.493875 ], [ 31.97647, -16.48866 ], [ 31.978524, -16.484887 ], [ 31.988192, -16.476662 ], [ 31.985816, -16.47299 ], [ 31.986739, -16.469795 ], [ 31.99311, -16.467165 ], [ 31.995883, -16.469448 ], [ 32.014244, -16.469961 ], [ 32.025619, -16.468128 ], [ 32.032772, -16.464675 ], [ 32.039596, -16.463316 ], [ 32.043434, -16.460742 ], [ 32.04798, -16.461165 ], [ 32.054534, -16.453223 ], [ 32.058848, -16.439285 ], [ 32.038288, -16.439973 ], [ 31.915027, -16.406712 ], [ 31.91253, -16.403872 ], [ 31.911504, -16.396856 ], [ 31.908669, -16.397886 ], [ 31.909043, -16.395532 ], [ 31.905814, -16.392017 ], [ 31.90807, -16.390723 ], [ 31.907453, -16.388805 ], [ 31.909161, -16.38849 ], [ 31.908839, -16.386979 ], [ 31.911807, -16.385533 ], [ 31.912526, -16.379721 ], [ 31.910073, -16.378809 ], [ 31.910766, -16.377829 ], [ 31.909167, -16.376761 ], [ 31.909627, -16.372058 ], [ 31.90989, -16.371085 ], [ 31.913358, -16.372663 ], [ 31.913728, -16.370172 ], [ 31.910367, -16.367074 ], [ 31.910878, -16.364577 ], [ 31.908597, -16.364768 ], [ 31.90879, -16.360899 ], [ 31.903964, -16.36225 ], [ 31.905871, -16.358341 ], [ 31.904799, -16.35533 ], [ 31.906636, -16.354462 ], [ 31.902928, -16.348748 ], [ 31.904761, -16.347741 ], [ 31.90523, -16.343452 ], [ 31.899583, -16.340268 ], [ 31.901334, -16.335812 ], [ 31.899604, -16.335175 ], [ 31.899115, -16.332563 ], [ 31.895018, -16.334587 ], [ 31.891262, -16.325012 ], [ 31.888994, -16.325752 ], [ 31.883675, -16.324354 ], [ 31.883448, -16.326843 ], [ 31.877903, -16.328072 ], [ 31.876251, -16.324659 ], [ 31.879351, -16.322795 ], [ 31.87916, -16.320729 ], [ 31.872181, -16.321713 ], [ 31.872658, -16.3177 ], [ 31.867828, -16.318913 ], [ 31.865049, -16.316215 ], [ 31.861753, -16.315736 ], [ 31.853993, -16.307768 ], [ 31.851851, -16.307815 ], [ 31.849051, -16.310223 ], [ 31.846211, -16.304905 ], [ 31.848052, -16.304174 ], [ 31.844403, -16.300943 ], [ 31.843169, -16.303179 ], [ 31.839461, -16.3034 ], [ 31.838653, -16.299416 ], [ 31.835803, -16.299755 ], [ 31.834106, -16.300482 ], [ 31.832217, -16.305216 ], [ 31.829637, -16.304859 ], [ 31.828118, -16.301029 ], [ 31.831033, -16.297376 ], [ 31.827253, -16.294562 ], [ 31.828315, -16.291089 ], [ 31.825876, -16.290591 ], [ 31.823183, -16.285406 ], [ 31.817522, -16.28774 ], [ 31.814514, -16.287392 ], [ 31.814976, -16.28269 ], [ 31.822622, -16.27976 ], [ 31.821133, -16.277172 ], [ 31.812769, -16.273769 ], [ 31.812857, -16.27142 ], [ 31.815823, -16.269976 ], [ 31.81505, -16.267508 ], [ 31.809616, -16.267215 ], [ 31.804419, -16.264846 ], [ 31.804215, -16.262229 ], [ 31.801388, -16.263533 ], [ 31.795807, -16.263104 ], [ 31.795052, -16.261327 ], [ 31.797813, -16.257263 ], [ 31.79701, -16.253418 ], [ 31.794964, -16.251392 ], [ 31.788135, -16.25251 ], [ 31.785781, -16.249525 ], [ 31.782357, -16.249738 ], [ 31.779832, -16.245516 ], [ 31.780284, -16.240401 ], [ 31.777333, -16.236325 ], [ 31.77307, -16.237246 ], [ 31.769923, -16.230829 ], [ 31.767303, -16.228679 ], [ 31.761996, -16.227691 ], [ 31.758624, -16.230112 ], [ 31.753237, -16.225538 ], [ 31.748961, -16.226101 ], [ 31.736569, -16.220101 ], [ 31.735159, -16.217045 ], [ 31.737045, -16.21402 ], [ 31.736517, -16.208955 ], [ 31.732632, -16.205656 ], [ 31.729944, -16.209695 ], [ 31.727169, -16.205476 ], [ 31.722534, -16.205379 ], [ 31.719191, -16.198783 ], [ 31.715232, -16.19678 ], [ 31.708703, -16.199409 ], [ 31.706983, -16.196261 ], [ 31.70457, -16.198803 ], [ 31.701877, -16.196869 ], [ 31.69612, -16.197293 ], [ 31.690601, -16.194525 ], [ 31.687431, -16.195488 ], [ 31.681027, -16.194632 ], [ 31.666262, -16.188282 ], [ 31.656809, -16.189181 ], [ 31.650404, -16.192801 ], [ 31.646589, -16.192484 ], [ 31.636483, -16.187228 ], [ 31.633453, -16.180725 ], [ 31.62729, -16.176774 ], [ 31.620652, -16.179204 ], [ 31.612741, -16.184547 ], [ 31.601244, -16.181407 ], [ 31.596049, -16.177936 ], [ 31.586291, -16.178937 ], [ 31.576893, -16.177642 ], [ 31.565584, -16.182954 ], [ 31.561765, -16.182538 ], [ 31.558917, -16.179513 ], [ 31.557426, -16.172577 ], [ 31.552421, -16.174375 ], [ 31.5422, -16.172996 ], [ 31.537686, -16.173688 ], [ 31.53665, -16.168734 ], [ 31.522543, -16.168629 ], [ 31.517365, -16.162468 ], [ 31.508002, -16.167439 ], [ 31.499591, -16.169077 ], [ 31.490417, -16.154779 ], [ 31.485366, -16.15627 ], [ 31.478164, -16.154655 ], [ 31.473768, -16.156257 ], [ 31.46915, -16.153581 ], [ 31.461314, -16.158779 ], [ 31.456818, -16.155849 ], [ 31.45246, -16.159213 ], [ 31.451134, -16.158107 ], [ 31.451985, -16.155317 ], [ 31.450923, -16.154332 ], [ 31.443348, -16.153604 ], [ 31.432965, -16.15558 ], [ 31.426786, -16.159131 ], [ 31.43202, -16.164559 ], [ 31.435191, -16.172064 ], [ 31.436921, -16.182506 ], [ 31.442666, -16.190688 ], [ 31.445185, -16.202861 ], [ 31.453425, -16.214909 ], [ 31.454726, -16.233362 ], [ 31.459157, -16.243315 ], [ 31.464154, -16.24982 ], [ 31.431448, -16.294146 ], [ 31.501155, -16.450415 ], [ 31.499319, -16.45053 ], [ 31.499685, -16.456036 ], [ 31.511803, -16.480221 ], [ 31.498578, -16.472493 ], [ 31.48678, -16.470917 ], [ 31.47136, -16.472292 ], [ 31.461119, -16.468251 ], [ 31.439555, -16.4671 ], [ 31.425671, -16.468979 ], [ 31.413369, -16.465912 ], [ 31.407194, -16.467352 ], [ 31.402078, -16.464835 ], [ 31.398483, -16.464807 ], [ 31.392809, -16.467738 ], [ 31.373378, -16.466463 ], [ 31.352166, -16.452239 ], [ 31.287864, -16.478017 ], [ 31.297511, -16.484512 ], [ 31.299411, -16.490591 ], [ 31.303458, -16.490272 ], [ 31.310359, -16.492956 ], [ 31.314908, -16.498496 ], [ 31.3177, -16.497939 ], [ 31.325339, -16.500886 ], [ 31.33056, -16.506488 ], [ 31.334982, -16.507273 ], [ 31.335828, -16.509478 ], [ 31.339758, -16.510662 ], [ 31.345247, -16.509882 ], [ 31.349317, -16.51309 ], [ 31.349687, -16.516143 ], [ 31.313465, -16.547646 ], [ 31.324824, -16.562189 ], [ 31.286621, -16.597076 ], [ 31.289655, -16.598565 ], [ 31.289135, -16.602437 ], [ 31.291471, -16.608962 ], [ 31.297654, -16.607688 ], [ 31.301558, -16.612446 ], [ 31.315182, -16.612579 ], [ 31.315222, -16.61451 ], [ 31.323096, -16.617455 ], [ 31.320531, -16.626436 ], [ 31.315805, -16.631605 ], [ 31.316153, -16.632997 ], [ 31.296556, -16.650197 ], [ 31.311147, -16.670106 ], [ 31.300251, -16.680432 ], [ 31.27929, -16.647971 ], [ 31.280333, -16.647716 ], [ 31.278779, -16.648013 ], [ 31.242603, -16.66611 ], [ 31.246094, -16.678291 ], [ 31.248975, -16.678315 ], [ 31.253976, -16.682871 ], [ 31.252162, -16.684244 ], [ 31.251764, -16.688407 ], [ 31.253568, -16.688075 ], [ 31.254971, -16.692253 ], [ 31.262168, -16.693008 ], [ 31.263236, -16.694406 ], [ 31.262453, -16.699844 ], [ 31.266344, -16.703926 ], [ 31.268772, -16.700115 ], [ 31.27198, -16.700248 ], [ 31.273861, -16.708906 ], [ 31.275923, -16.711766 ], [ 31.278648, -16.712681 ], [ 31.279491, -16.709865 ], [ 31.284073, -16.708429 ], [ 31.286094, -16.705881 ], [ 31.290994, -16.705404 ], [ 31.291292, -16.71013 ], [ 31.289854, -16.713248 ], [ 31.282875, -16.719944 ], [ 31.287031, -16.727113 ], [ 31.295934, -16.721442 ], [ 31.298634, -16.7212 ], [ 31.29884, -16.726411 ], [ 31.311843, -16.730035 ], [ 31.314503, -16.737519 ], [ 31.317771, -16.740452 ], [ 31.3154, -16.742139 ], [ 31.316163, -16.745118 ], [ 31.324822, -16.751703 ], [ 31.285057, -16.788347 ], [ 31.252891, -16.820189 ], [ 31.277384, -16.823452 ], [ 31.371562, -16.83635 ], [ 31.351309, -16.857501 ], [ 31.359325, -16.882843 ], [ 31.385954, -16.838446 ], [ 31.403053, -16.840362 ] ] ] } },
{ "type": "Feature", "properties": { "admin_name": "Mudzi", "tiles": 16.0, "tests": 94.0, "devices": 21.0, "pop_weight": 10272.873136520386, "area_km2": 5.4707164824000278, "d_mean_tile": 31.5845625, "d_median_tile": 25.62, "d_mean_pop": 33.717558872601529, "d_median_pop": 36.428472845387674, "d_p10_pop": 0.50328290003169851, "d_p90_pop": 64.336641415621557, "u_median_pop": 16.868858402330947, "lat_median_pop": 19.0, "pct_above_bb": 74.400352257944178, "pct_above_hi": 57.553697701190274, "divide_ratio": 127.83395066983084, "pop_total": 174379.78087290018, "pop_covered": 10272.873136520386, "pop_coverage_pct": 5.8910918944255082, "level": "ADM2" }, "geometry": { "type": "Polygon", "coordinates": [ [ [ 32.994321, -17.245659 ], [ 32.98978, -17.184038 ], [ 32.937509, -17.065297 ], [ 32.833198, -16.92093 ], [ 32.911413, -16.896093 ], [ 32.962765, -16.782198 ], [ 32.990997, -16.694416 ], [ 32.984844, -16.70225 ], [ 32.979518, -16.704311 ], [ 32.970208, -16.701134 ], [ 32.938572, -16.69838 ], [ 32.924432, -16.693583 ], [ 32.9213, -16.693797 ], [ 32.918424, -16.698319 ], [ 32.908811, -16.705284 ], [ 32.903661, -16.705181 ], [ 32.897631, -16.713655 ], [ 32.894335, -16.716319 ], [ 32.890544, -16.716977 ], [ 32.885142, -16.715797 ], [ 32.8679, -16.706109 ], [ 32.852699, -16.703992 ], [ 32.843128, -16.696787 ], [ 32.838623, -16.695589 ], [ 32.832225, -16.696448 ], [ 32.824422, -16.70262 ], [ 32.816868, -16.705156 ], [ 32.811402, -16.704338 ], [ 32.80489, -16.700303 ], [ 32.798871, -16.704677 ], [ 32.792948, -16.706672 ], [ 32.782488, -16.702938 ], [ 32.77823, -16.702813 ], [ 32.772989, -16.705369 ], [ 32.756797, -16.702185 ], [ 32.74858, -16.709947 ], [ 32.74816, -16.712966 ], [ 32.732837, -16.724122 ], [ 32.720196, -16.728357 ], [ 32.709068, -16.729044 ], [ 32.696735, -16.737812 ], [ 32.683358, -16.741677 ], [ 32.680097, -16.741299 ], [ 32.66219, -16.730045 ], [ 32.656453, -16.723006 ], [ 32.649, -16.721821 ], [ 32.643461, -16.72328 ], [ 32.630136, -16.731988 ], [ 32.593734, -16.74178 ], [ 32.58351, -16.741545 ], [ 32.575096, -16.739036 ], [ 32.561886, -16.729913 ], [ 32.550069, -16.727737 ], [ 32.5393, -16.73983 ], [ 32.536168, -16.746382 ], [ 32.534963, -16.753483 ], [ 32.528512, -16.763927 ], [ 32.527127, -16.769742 ], [ 32.522149, -16.77558 ], [ 32.490786, -16.793717 ], [ 32.469882, -16.810902 ], [ 32.464084, -16.817962 ], [ 32.452525, -16.825625 ], [ 32.432266, -16.832497 ], [ 32.419525, -16.839395 ], [ 32.413773, -16.839657 ], [ 32.403734, -16.846374 ], [ 32.396428, -16.845771 ], [ 32.393338, -16.848794 ], [ 32.391103, -16.86142 ], [ 32.388868, -16.865667 ], [ 32.383226, -16.870004 ], [ 32.375348, -16.869981 ], [ 32.370866, -16.878022 ], [ 32.358305, -16.887177 ], [ 32.360297, -16.891201 ], [ 32.358954, -16.893604 ], [ 32.353136, -16.895904 ], [ 32.344187, -16.895456 ], [ 32.342169, -16.901168 ], [ 32.334666, -16.90204 ], [ 32.331146, -16.91515 ], [ 32.321105, -16.930693 ], [ 32.317871, -16.932814 ], [ 32.300674, -16.936196 ], [ 32.297841, -16.944419 ], [ 32.295998, -16.945825 ], [ 32.289669, -16.946666 ], [ 32.269642, -16.954193 ], [ 32.260053, -16.956246 ], [ 32.257375, -16.961634 ], [ 32.258127, -16.963314 ], [ 32.254758, -16.964871 ], [ 32.254266, -16.968393 ], [ 32.247156, -16.969427 ], [ 32.242998, -16.972774 ], [ 32.239164, -16.973625 ], [ 32.238054, -16.977811 ], [ 32.223761, -16.985446 ], [ 32.222132, -16.990897 ], [ 32.212138, -16.998613 ], [ 32.189079, -17.024605 ], [ 32.179634, -17.028589 ], [ 32.177078, -17.03176 ], [ 32.172893, -17.033824 ], [ 32.17258, -17.041865 ], [ 32.176883, -17.051765 ], [ 32.182186, -17.071745 ], [ 32.185695, -17.075985 ], [ 32.184562, -17.077383 ], [ 32.18592, -17.081929 ], [ 32.184982, -17.086917 ], [ 32.187587, -17.088267 ], [ 32.19475, -17.118039 ], [ 32.206465, -17.154513 ], [ 32.212901, -17.162448 ], [ 32.267357, -17.153374 ], [ 32.270504, -17.154482 ], [ 32.270852, -17.153151 ], [ 32.272435, -17.15428 ], [ 32.275734, -17.153174 ], [ 32.279179, -17.155873 ], [ 32.28061, -17.159486 ], [ 32.290829, -17.172188 ], [ 32.292584, -17.172695 ], [ 32.29443, -17.160188 ], [ 32.301711, -17.141408 ], [ 32.31911, -17.134803 ], [ 32.328311, -17.127871 ], [ 32.334186, -17.12664 ], [ 32.341109, -17.116918 ], [ 32.34968, -17.138196 ], [ 32.365511, -17.15684 ], [ 32.377828, -17.180399 ], [ 32.388036, -17.191858 ], [ 32.38059, -17.211696 ], [ 32.382753, -17.214765 ], [ 32.387483, -17.216913 ], [ 32.395387, -17.215566 ], [ 32.400834, -17.210267 ], [ 32.400239, -17.207529 ], [ 32.410744, -17.207915 ], [ 32.415695, -17.206431 ], [ 32.42014, -17.201676 ], [ 32.42516, -17.204882 ], [ 32.427765, -17.203518 ], [ 32.432751, -17.204335 ], [ 32.434822, -17.201207 ], [ 32.438969, -17.201414 ], [ 32.443332, -17.197634 ], [ 32.446017, -17.198571 ], [ 32.446445, -17.202381 ], [ 32.452087, -17.204073 ], [ 32.450542, -17.205334 ], [ 32.452514, -17.207953 ], [ 32.455688, -17.22296 ], [ 32.461433, -17.231202 ], [ 32.470027, -17.239049 ], [ 32.474246, -17.24997 ], [ 32.481798, -17.255761 ], [ 32.481005, -17.263065 ], [ 32.483519, -17.269502 ], [ 32.483263, -17.276375 ], [ 32.486853, -17.286335 ], [ 32.489004, -17.288479 ], [ 32.505484, -17.295274 ], [ 32.51264, -17.295179 ], [ 32.522595, -17.287582 ], [ 32.531919, -17.282832 ], [ 32.539247, -17.28406 ], [ 32.550823, -17.28039 ], [ 32.556141, -17.276656 ], [ 32.558849, -17.277413 ], [ 32.560059, -17.282603 ], [ 32.549508, -17.319675 ], [ 32.550922, -17.321794 ], [ 32.593112, -17.336082 ], [ 32.613479, -17.340773 ], [ 32.662103, -17.355775 ], [ 32.745475, -17.406812 ], [ 32.753543, -17.392132 ], [ 32.757369, -17.379743 ], [ 32.759383, -17.378354 ], [ 32.758593, -17.372007 ], [ 32.763217, -17.369165 ], [ 32.766203, -17.362688 ], [ 32.769716, -17.359202 ], [ 32.770921, -17.354747 ], [ 32.79297, -17.334716 ], [ 32.801282, -17.335185 ], [ 32.807095, -17.328858 ], [ 32.813821, -17.327092 ], [ 32.824807, -17.316839 ], [ 32.841304, -17.317621 ], [ 32.843483, -17.316696 ], [ 32.8484, -17.312681 ], [ 32.854057, -17.302787 ], [ 32.854877, -17.293039 ], [ 32.869556, -17.279444 ], [ 32.872336, -17.278142 ], [ 32.879866, -17.278607 ], [ 32.884883, -17.27567 ], [ 32.889571, -17.275807 ], [ 32.891722, -17.277699 ], [ 32.897479, -17.275139 ], [ 32.907541, -17.27658 ], [ 32.913862, -17.274438 ], [ 32.915807, -17.270868 ], [ 32.919694, -17.269945 ], [ 32.924821, -17.263216 ], [ 32.940721, -17.261318 ], [ 32.948529, -17.261867 ], [ 32.96278, -17.259562 ], [ 32.994321, -17.245659 ] ] ] } },
{ "type": "Feature", "properties": { "admin_name": "Murehwa", "tiles": 13.0, "tests": 44.0, "devices": 16.0, "pop_weight": 8292.9718933105469, "area_km2": 4.4107454688919994, "d_mean_tile": 26.732230769230771, "d_median_tile": 23.747, "d_mean_pop": 18.076366729965436, "d_median_pop": 11.390256095199533, "d_p10_pop": 0.9724197403715662, "d_p90_pop": 37.269836741584939, "u_median_pop": 12.674583893772867, "lat_median_pop": 26.778788327013249, "pct_above_bb": 64.531848369125427, "pct_above_hi": 28.253927556249494, "divide_ratio": 38.326902667919882, "pop_total": 227127.92331491335, "pop_covered": 8292.9718933105469, "pop_coverage_pct": 3.6512339708281152, "level": "ADM2" }, "geometry": { "type": "Polygon", "coordinates": [ [ [ 31.557379, -17.927601 ], [ 31.585628, -17.90824 ], [ 31.625454, -17.900446 ], [ 31.643321, -17.906694 ], [ 31.690039, -17.934856 ], [ 31.688524, -17.948485 ], [ 31.69216, -17.958926 ], [ 31.69125, -17.963855 ], [ 31.695341, -17.985883 ], [ 31.694887, -17.992551 ], [ 31.696251, -17.994872 ], [ 31.750488, -17.994312 ], [ 31.747269, -17.998002 ], [ 31.748401, -18.016609 ], [ 31.774184, -18.056445 ], [ 31.782447, -18.077044 ], [ 31.775181, -18.097353 ], [ 31.769982, -18.103413 ], [ 31.770394, -18.115265 ], [ 31.77371, -18.124199 ], [ 31.729522, -18.151579 ], [ 31.699068, -18.164111 ], [ 31.770628, -18.203914 ], [ 31.768994, -18.212459 ], [ 31.773213, -18.211921 ], [ 31.77854, -18.206443 ], [ 31.792651, -18.209066 ], [ 31.80018, -18.206947 ], [ 31.809564, -18.212373 ], [ 31.815523, -18.213397 ], [ 31.820374, -18.210359 ], [ 31.826815, -18.210101 ], [ 31.832672, -18.214959 ], [ 31.854949, -18.221964 ], [ 31.860194, -18.225661 ], [ 31.861768, -18.230558 ], [ 31.863845, -18.228611 ], [ 31.864654, -18.224682 ], [ 31.863446, -18.220583 ], [ 31.8646, -18.216689 ], [ 31.86365, -18.212821 ], [ 31.865951, -18.204318 ], [ 31.864861, -18.201456 ], [ 31.86863, -18.193102 ], [ 31.86563, -18.186221 ], [ 31.874913, -18.173273 ], [ 31.873677, -18.169916 ], [ 31.874545, -18.165382 ], [ 31.871713, -18.155141 ], [ 31.872302, -18.151815 ], [ 31.869164, -18.14839 ], [ 31.868409, -18.142036 ], [ 32.000542, -18.144402 ], [ 31.994483, -18.106267 ], [ 31.977247, -18.086501 ], [ 31.973486, -18.080348 ], [ 31.980135, -18.077557 ], [ 31.985151, -18.0706 ], [ 31.991265, -18.067365 ], [ 32.006753, -18.054686 ], [ 32.013738, -18.053452 ], [ 32.017163, -18.048223 ], [ 32.017457, -18.045257 ], [ 32.02295, -18.043466 ], [ 32.036388, -18.032387 ], [ 32.042568, -18.024497 ], [ 32.047001, -18.022127 ], [ 32.051365, -18.015483 ], [ 32.052982, -18.009209 ], [ 32.080107, -17.98611 ], [ 32.100237, -17.963767 ], [ 32.12763, -17.94225 ], [ 32.138379, -17.931893 ], [ 32.147656, -17.928301 ], [ 32.145524, -17.916843 ], [ 32.14811, -17.914582 ], [ 32.147622, -17.912578 ], [ 32.141362, -17.909507 ], [ 32.140881, -17.904926 ], [ 32.143582, -17.902267 ], [ 32.146195, -17.8956 ], [ 32.142899, -17.874422 ], [ 32.148831, -17.859853 ], [ 32.151425, -17.857955 ], [ 32.149674, -17.848518 ], [ 32.147595, -17.845079 ], [ 32.148701, -17.842507 ], [ 32.155579, -17.839862 ], [ 32.160584, -17.833489 ], [ 32.163666, -17.833689 ], [ 32.175033, -17.828672 ], [ 32.184196, -17.827652 ], [ 32.190895, -17.81995 ], [ 32.202239, -17.820366 ], [ 32.205336, -17.816371 ], [ 32.21477, -17.811957 ], [ 32.169307, -17.781769 ], [ 32.133881, -17.803533 ], [ 32.133351, -17.77728 ], [ 32.122102, -17.774417 ], [ 32.105917, -17.757144 ], [ 32.122999, -17.733523 ], [ 32.12644, -17.725168 ], [ 32.001874, -17.70314 ], [ 32.000352, -17.694499 ], [ 32.004575, -17.688904 ], [ 32.004945, -17.683291 ], [ 32.008378, -17.679766 ], [ 32.007741, -17.676507 ], [ 32.005566, -17.674478 ], [ 32.00615, -17.668088 ], [ 32.010918, -17.664898 ], [ 32.010449, -17.657381 ], [ 32.014321, -17.653423 ], [ 32.017346, -17.652672 ], [ 32.017838, -17.650535 ], [ 32.003011, -17.640807 ], [ 31.96435, -17.62748 ], [ 31.952059, -17.625403 ], [ 31.947617, -17.621638 ], [ 31.856126, -17.439543 ], [ 31.852256, -17.432473 ], [ 31.824631, -17.477823 ], [ 31.829187, -17.492455 ], [ 31.817017, -17.491524 ], [ 31.814903, -17.492686 ], [ 31.803153, -17.489966 ], [ 31.798795, -17.496228 ], [ 31.795238, -17.497061 ], [ 31.790918, -17.495762 ], [ 31.777761, -17.486323 ], [ 31.768021, -17.481479 ], [ 31.759627, -17.474086 ], [ 31.756306, -17.472472 ], [ 31.751312, -17.472445 ], [ 31.746958, -17.462296 ], [ 31.737236, -17.459375 ], [ 31.733054, -17.462593 ], [ 31.72965, -17.457269 ], [ 31.730247, -17.453647 ], [ 31.727025, -17.450769 ], [ 31.716325, -17.431537 ], [ 31.710212, -17.427177 ], [ 31.705623, -17.42074 ], [ 31.7002, -17.417673 ], [ 31.701236, -17.413597 ], [ 31.684309, -17.401429 ], [ 31.682242, -17.397546 ], [ 31.677002, -17.39448 ], [ 31.672455, -17.387867 ], [ 31.66588, -17.383345 ], [ 31.672697, -17.36875 ], [ 31.667042, -17.368776 ], [ 31.662424, -17.373439 ], [ 31.656459, -17.374425 ], [ 31.649341, -17.385973 ], [ 31.644285, -17.385218 ], [ 31.640931, -17.386545 ], [ 31.635591, -17.392067 ], [ 31.633836, -17.400516 ], [ 31.626652, -17.405599 ], [ 31.622837, -17.411295 ], [ 31.613863, -17.416537 ], [ 31.62304, -17.432956 ], [ 31.617798, -17.433962 ], [ 31.61335, -17.432359 ], [ 31.610726, -17.441338 ], [ 31.612025, -17.448661 ], [ 31.610833, -17.452207 ], [ 31.613182, -17.454069 ], [ 31.613222, -17.458074 ], [ 31.605595, -17.468518 ], [ 31.60816, -17.479799 ], [ 31.60577, -17.48642 ], [ 31.606793, -17.490532 ], [ 31.603768, -17.494921 ], [ 31.604403, -17.497002 ], [ 31.596474, -17.505466 ], [ 31.594303, -17.511162 ], [ 31.583688, -17.520075 ], [ 31.580156, -17.529592 ], [ 31.585058, -17.535164 ], [ 31.576429, -17.542346 ], [ 31.574151, -17.55151 ], [ 31.571582, -17.553743 ], [ 31.570091, -17.559822 ], [ 31.54699, -17.58665 ], [ 31.548912, -17.590495 ], [ 31.545216, -17.595811 ], [ 31.548243, -17.604811 ], [ 31.545571, -17.615523 ], [ 31.539526, -17.626125 ], [ 31.5406, -17.639037 ], [ 31.537814, -17.648135 ], [ 31.540066, -17.651573 ], [ 31.53868, -17.658869 ], [ 31.541037, -17.663356 ], [ 31.534018, -17.666789 ], [ 31.529065, -17.676895 ], [ 31.52553, -17.677197 ], [ 31.525921, -17.68018 ], [ 31.522344, -17.687506 ], [ 31.520862, -17.699006 ], [ 31.523099, -17.701474 ], [ 31.524498, -17.713734 ], [ 31.518362, -17.729031 ], [ 31.516351, -17.739167 ], [ 31.520036, -17.747339 ], [ 31.518692, -17.750736 ], [ 31.520578, -17.757487 ], [ 31.516336, -17.762934 ], [ 31.519296, -17.769445 ], [ 31.521446, -17.768844 ], [ 31.529946, -17.777582 ], [ 31.53283, -17.77812 ], [ 31.533024, -17.783742 ], [ 31.530442, -17.787907 ], [ 31.530014, -17.791816 ], [ 31.537627, -17.796547 ], [ 31.537014, -17.804705 ], [ 31.540339, -17.811438 ], [ 31.539322, -17.816159 ], [ 31.540797, -17.818897 ], [ 31.538245, -17.825243 ], [ 31.540377, -17.832436 ], [ 31.544245, -17.834916 ], [ 31.547081, -17.840966 ], [ 31.547352, -17.843374 ], [ 31.54406, -17.848133 ], [ 31.546448, -17.856601 ], [ 31.54529, -17.859601 ], [ 31.545655, -17.869125 ], [ 31.54946, -17.875853 ], [ 31.549357, -17.886188 ], [ 31.554352, -17.901169 ], [ 31.557522, -17.905148 ], [ 31.555886, -17.908383 ], [ 31.555733, -17.914929 ], [ 31.557379, -17.927601 ] ] ] } },
{ "type": "Feature", "properties": { "admin_name": "Mutare", "tiles": 4.0, "tests": 5.0, "devices": 4.0, "pop_weight": 883.18793106079102, "area_km2": 1.3333917923231595, "d_mean_tile": 42.9185, "d_median_tile": 31.5495, "d_mean_pop": 19.813827264087351, "d_median_pop": 3.5145810613152126, "d_p10_pop": 0.224, "d_p90_pop": 91.094174191326104, "u_median_pop": 2.9327916440179411, "lat_median_pop": 22.034746270725243, "pct_above_bb": 19.344293991194814, "pct_above_hi": 19.344293991194814, "divide_ratio": 406.67042049699154, "pop_total": 338171.09905865527, "pop_covered": 883.18793106079102, "pop_coverage_pct": 0.26116599955444547, "level": "ADM2" }, "geometry": { "type": "Polygon", "coordinates": [ [ [ 32.389708, -19.772657 ], [ 32.401235, -19.770088 ], [ 32.40841, -19.770954 ], [ 32.415471, -19.748487 ], [ 32.409986, -19.742914 ], [ 32.40788, -19.737881 ], [ 32.410329, -19.735982 ], [ 32.410234, -19.723556 ], [ 32.431442, -19.699937 ], [ 32.433651, -19.684721 ], [ 32.454201, -19.676266 ], [ 32.457428, -19.672738 ], [ 32.458454, -19.667156 ], [ 32.454922, -19.662811 ], [ 32.45763, -19.653529 ], [ 32.460846, -19.647944 ], [ 32.465431, -19.6446 ], [ 32.463407, -19.639723 ], [ 32.464608, -19.635785 ], [ 32.474133, -19.623828 ], [ 32.476207, -19.607696 ], [ 32.483493, -19.600191 ], [ 32.48537, -19.591365 ], [ 32.489791, -19.582446 ], [ 32.491759, -19.568403 ], [ 32.496875, -19.563144 ], [ 32.498897, -19.552234 ], [ 32.501511, -19.550628 ], [ 32.505529, -19.534274 ], [ 32.507486, -19.512846 ], [ 32.510531, -19.511559 ], [ 32.514213, -19.507756 ], [ 32.513692, -19.506594 ], [ 32.519115, -19.504951 ], [ 32.52558, -19.505466 ], [ 32.526646, -19.499501 ], [ 32.530666, -19.499512 ], [ 32.533467, -19.497862 ], [ 32.549022, -19.497735 ], [ 32.551116, -19.499232 ], [ 32.550929, -19.503376 ], [ 32.554773, -19.504048 ], [ 32.556339, -19.506373 ], [ 32.560719, -19.502571 ], [ 32.561076, -19.49992 ], [ 32.563701, -19.498766 ], [ 32.576106, -19.500287 ], [ 32.580129, -19.499136 ], [ 32.586998, -19.503959 ], [ 32.587927, -19.508768 ], [ 32.589155, -19.507113 ], [ 32.601389, -19.507472 ], [ 32.609965, -19.502684 ], [ 32.615559, -19.502364 ], [ 32.627961, -19.505705 ], [ 32.629363, -19.504051 ], [ 32.640201, -19.503078 ], [ 32.650933, -19.497958 ], [ 32.654531, -19.494567 ], [ 32.658922, -19.493015 ], [ 32.663331, -19.482027 ], [ 32.666868, -19.47993 ], [ 32.672079, -19.479752 ], [ 32.682153, -19.473893 ], [ 32.682065, -19.471638 ], [ 32.684148, -19.469444 ], [ 32.682683, -19.464189 ], [ 32.684716, -19.462705 ], [ 32.683286, -19.458369 ], [ 32.688847, -19.455561 ], [ 32.690068, -19.448376 ], [ 32.697713, -19.443805 ], [ 32.728382, -19.436058 ], [ 32.751109, -19.419191 ], [ 32.756263, -19.412277 ], [ 32.756732, -19.40962 ], [ 32.755004, -19.392139 ], [ 32.752642, -19.387525 ], [ 32.75236, -19.382476 ], [ 32.777259, -19.373158 ], [ 32.785623, -19.371441 ], [ 32.780405, -19.359022 ], [ 32.776629, -19.354483 ], [ 32.784315, -19.352295 ], [ 32.790636, -19.345717 ], [ 32.810816, -19.334154 ], [ 32.822213, -19.317578 ], [ 32.836568, -19.310863 ], [ 32.856109, -19.278091 ], [ 32.848526, -19.242807 ], [ 32.853336, -19.236205 ], [ 32.850769, -19.225192 ], [ 32.859104, -19.222269 ], [ 32.868511, -19.13787 ], [ 32.875232, -19.127862 ], [ 32.87762, -19.11449 ], [ 32.884734, -19.102158 ], [ 32.876484, -19.084827 ], [ 32.876369, -19.072483 ], [ 32.868709, -19.071896 ], [ 32.863151, -19.075705 ], [ 32.850902, -19.061258 ], [ 32.847736, -19.024153 ], [ 32.845584, -19.014417 ], [ 32.840654, -19.009325 ], [ 32.805838, -19.018751 ], [ 32.798707, -19.016893 ], [ 32.775573, -19.0181 ], [ 32.775563, -19.025709 ], [ 32.749619, -19.025881 ], [ 32.748664, -19.023635 ], [ 32.716865, -19.023797 ], [ 32.71431, -19.000556 ], [ 32.705401, -18.990046 ], [ 32.701602, -18.993074 ], [ 32.698082, -19.001277 ], [ 32.699354, -19.023153 ], [ 32.688363, -19.018744 ], [ 32.687471, -19.019432 ], [ 32.685488, -19.038964 ], [ 32.688934, -19.046372 ], [ 32.673777, -19.057245 ], [ 32.667259, -19.046529 ], [ 32.661733, -19.050019 ], [ 32.649774, -19.050434 ], [ 32.644105, -19.048819 ], [ 32.641504, -19.046044 ], [ 32.643348, -19.044006 ], [ 32.635846, -19.039763 ], [ 32.633693, -19.042675 ], [ 32.626098, -19.030097 ], [ 32.593882, -19.030337 ], [ 32.56386, -19.047268 ], [ 32.532831, -19.053369 ], [ 32.528101, -19.010471 ], [ 32.521853, -18.972694 ], [ 32.528315, -18.969095 ], [ 32.532998, -18.968342 ], [ 32.55066, -18.972393 ], [ 32.562158, -18.971037 ], [ 32.565983, -18.968586 ], [ 32.558038, -18.952838 ], [ 32.531823, -18.950162 ], [ 32.519678, -18.94313 ], [ 32.503962, -18.941757 ], [ 32.466331, -18.946855 ], [ 32.447899, -18.955884 ], [ 32.419141, -18.959094 ], [ 32.393586, -18.965595 ], [ 32.395608, -18.962263 ], [ 32.401376, -18.957988 ], [ 32.403554, -18.949553 ], [ 32.408986, -18.943954 ], [ 32.408605, -18.937637 ], [ 32.414159, -18.929393 ], [ 32.41728, -18.915733 ], [ 32.421266, -18.912941 ], [ 32.421586, -18.901488 ], [ 32.426842, -18.893163 ], [ 32.426449, -18.887481 ], [ 32.428707, -18.882673 ], [ 32.434632, -18.877267 ], [ 32.435665, -18.869382 ], [ 32.441254, -18.864708 ], [ 32.451447, -18.860405 ], [ 32.457695, -18.862629 ], [ 32.460883, -18.857 ], [ 32.466487, -18.854365 ], [ 32.470206, -18.85068 ], [ 32.476081, -18.84966 ], [ 32.484077, -18.838388 ], [ 32.484943, -18.830747 ], [ 32.481136, -18.824929 ], [ 32.486243, -18.815141 ], [ 32.485252, -18.809303 ], [ 32.487804, -18.781969 ], [ 32.513975, -18.767797 ], [ 32.521083, -18.76249 ], [ 32.487544, -18.762385 ], [ 32.466098, -18.761619 ], [ 32.463367, -18.763977 ], [ 32.447739, -18.74058 ], [ 32.418096, -18.767409 ], [ 32.414327, -18.760576 ], [ 32.410592, -18.760295 ], [ 32.412008, -18.756377 ], [ 32.407468, -18.755887 ], [ 32.404928, -18.746248 ], [ 32.400213, -18.738861 ], [ 32.395883, -18.737557 ], [ 32.395345, -18.733043 ], [ 32.385554, -18.738785 ], [ 32.369726, -18.738791 ], [ 32.360514, -18.746571 ], [ 32.355723, -18.725909 ], [ 32.345168, -18.726775 ], [ 32.324874, -18.749256 ], [ 32.27971, -18.76028 ], [ 32.271238, -18.765391 ], [ 32.249631, -18.787841 ], [ 32.206806, -18.773567 ], [ 32.19561, -18.803323 ], [ 32.212718, -18.828838 ], [ 32.211327, -18.83733 ], [ 32.213696, -18.8408 ], [ 32.212656, -18.844472 ], [ 32.216274, -18.848055 ], [ 32.215575, -18.851729 ], [ 32.218867, -18.851959 ], [ 32.220105, -18.854343 ], [ 32.220654, -18.858454 ], [ 32.218932, -18.862448 ], [ 32.220165, -18.866021 ], [ 32.217486, -18.871775 ], [ 32.214251, -18.874785 ], [ 32.212302, -18.880617 ], [ 32.208324, -18.885282 ], [ 32.207862, -18.895745 ], [ 32.202186, -18.902066 ], [ 32.165558, -18.902241 ], [ 32.165028, -18.903247 ], [ 32.168191, -18.903592 ], [ 32.1717, -18.906536 ], [ 32.179973, -18.916904 ], [ 32.182746, -18.91658 ], [ 32.182117, -18.920052 ], [ 32.184528, -18.922364 ], [ 32.185611, -18.927302 ], [ 32.182426, -18.931687 ], [ 32.186096, -18.939445 ], [ 32.183353, -18.942869 ], [ 32.185192, -18.945931 ], [ 32.180824, -18.948848 ], [ 32.175469, -18.958075 ], [ 32.174439, -18.963055 ], [ 32.176137, -18.967499 ], [ 32.17847, -18.967423 ], [ 32.179168, -18.969183 ], [ 32.175427, -18.981227 ], [ 32.167977, -18.985012 ], [ 32.164094, -18.992609 ], [ 32.148858, -18.996493 ], [ 32.146699, -19.001064 ], [ 32.147912, -19.003881 ], [ 32.141119, -19.020752 ], [ 32.13944, -19.028905 ], [ 32.133505, -19.036781 ], [ 32.123102, -19.044203 ], [ 32.117296, -19.045622 ], [ 32.115259, -19.047659 ], [ 32.114088, -19.052291 ], [ 32.116434, -19.063713 ], [ 32.110727, -19.07214 ], [ 32.107329, -19.073346 ], [ 32.088313, -19.089627 ], [ 32.083346, -19.10147 ], [ 32.083678, -19.106327 ], [ 32.081401, -19.111673 ], [ 32.085627, -19.11527 ], [ 32.086245, -19.123219 ], [ 32.089606, -19.124882 ], [ 32.090934, -19.127314 ], [ 32.090102, -19.134651 ], [ 32.086779, -19.139663 ], [ 32.08179, -19.138048 ], [ 32.074057, -19.142276 ], [ 32.066047, -19.142192 ], [ 32.052601, -19.157058 ], [ 32.043545, -19.153664 ], [ 32.040233, -19.154086 ], [ 32.037278, -19.160452 ], [ 32.03468, -19.161577 ], [ 32.035439, -19.167581 ], [ 32.033093, -19.170119 ], [ 32.033074, -19.173394 ], [ 32.029771, -19.18606 ], [ 32.020131, -19.194571 ], [ 32.017709, -19.209246 ], [ 32.014932, -19.214022 ], [ 32.019605, -19.22296 ], [ 32.022553, -19.235548 ], [ 32.025357, -19.240841 ], [ 32.028224, -19.255585 ], [ 32.03447, -19.264704 ], [ 32.035223, -19.269172 ], [ 32.045838, -19.278174 ], [ 32.049377, -19.291712 ], [ 32.059765, -19.302102 ], [ 32.065241, -19.30357 ], [ 32.073145, -19.309262 ], [ 32.079666, -19.311733 ], [ 32.084122, -19.328931 ], [ 32.088942, -19.332897 ], [ 32.093093, -19.358453 ], [ 32.101626, -19.370928 ], [ 32.10319, -19.385627 ], [ 32.111315, -19.401129 ], [ 32.12544, -19.407558 ], [ 32.130388, -19.41559 ], [ 32.136549, -19.418274 ], [ 32.140573, -19.421971 ], [ 32.146562, -19.434307 ], [ 32.160916, -19.448054 ], [ 32.174073, -19.481822 ], [ 32.182595, -19.492823 ], [ 32.18676, -19.501208 ], [ 32.190975, -19.504769 ], [ 32.200637, -19.524934 ], [ 32.205005, -19.529618 ], [ 32.222373, -19.538901 ], [ 32.22568, -19.550026 ], [ 32.227297, -19.573797 ], [ 32.234366, -19.593563 ], [ 32.234892, -19.609657 ], [ 32.249842, -19.625817 ], [ 32.262178, -19.6538 ], [ 32.26412, -19.668993 ], [ 32.270811, -19.682326 ], [ 32.293126, -19.716089 ], [ 32.300389, -19.721279 ], [ 32.323273, -19.732667 ], [ 32.325295, -19.736249 ], [ 32.353301, -19.740061 ], [ 32.383044, -19.74843 ], [ 32.387335, -19.755271 ], [ 32.389708, -19.772657 ] ] ] } },
{ "type": "Feature", "properties": { "admin_name": "Mutare Urban", "tiles": 34.0, "tests": 137.0, "devices": 59.0, "pop_weight": 82451.75366973877, "area_km2": 11.368439576882812, "d_mean_tile": 44.579794117647062, "d_median_tile": 32.0845, "d_mean_pop": 36.66959393545725, "d_median_pop": 17.550212341686183, "d_p10_pop": 0.29903326737548791, "d_p90_pop": 94.221839328978831, "u_median_pop": 7.8934641134623913, "lat_median_pop": 19.0, "pct_above_bb": 62.639418129838667, "pct_above_hi": 43.887641209817332, "divide_ratio": 315.08815108075265, "pop_total": 249430.38942402514, "pop_covered": 82451.75366973877, "pop_coverage_pct": 33.056017697014838, "level": "ADM2" }, "geometry": { "type": "Polygon", "coordinates": [ [ [ 32.705401, -18.990046 ], [ 32.701422, -18.987123 ], [ 32.700049, -18.983476 ], [ 32.711086, -18.981889 ], [ 32.69867, -18.934772 ], [ 32.69172, -18.933043 ], [ 32.66099, -18.934683 ], [ 32.627028, -18.943684 ], [ 32.558038, -18.952838 ], [ 32.565983, -18.968586 ], [ 32.562158, -18.971037 ], [ 32.55066, -18.972393 ], [ 32.532998, -18.968342 ], [ 32.528315, -18.969095 ], [ 32.521853, -18.972694 ], [ 32.528101, -19.010471 ], [ 32.532831, -19.053369 ], [ 32.56386, -19.047268 ], [ 32.593882, -19.030337 ], [ 32.626098, -19.030097 ], [ 32.633693, -19.042675 ], [ 32.635846, -19.039763 ], [ 32.643348, -19.044006 ], [ 32.641504, -19.046044 ], [ 32.644105, -19.048819 ], [ 32.649774, -19.050434 ], [ 32.661733, -19.050019 ], [ 32.667259, -19.046529 ], [ 32.673777, -19.057245 ], [ 32.688934, -19.046372 ], [ 32.685488, -19.038964 ], [ 32.687471, -19.019432 ], [ 32.688363, -19.018744 ], [ 32.699354, -19.023153 ], [ 32.698082, -19.001277 ], [ 32.701602, -18.993074 ], [ 32.705401, -18.990046 ] ] ] } },
{ "type": "Feature", "properties": { "admin_name": "Mutasa", "tiles": 8.0, "tests": 30.0, "devices": 10.0, "pop_weight": 7045.7439918518066, "area_km2": 2.6823544875274523, "d_mean_tile": 21.507, "d_median_tile": 13.102, "d_mean_pop": 39.122235651818492, "d_median_pop": 32.906132577636676, "d_p10_pop": 11.531506496545415, "d_p90_pop": 69.187, "u_median_pop": 42.184785751547253, "lat_median_pop": 24.365663532549213, "pct_above_bb": 96.416698730336918, "pct_above_hi": 56.628699717475243, "divide_ratio": 5.9998231818823413, "pop_total": 219330.85579663634, "pop_covered": 7045.7439918518066, "pop_coverage_pct": 3.2123815713301291, "level": "ADM2" }, "geometry": { "type": "Polygon", "coordinates": [ [ [ 32.487544, -18.762385 ], [ 32.521083, -18.76249 ], [ 32.513975, -18.767797 ], [ 32.487804, -18.781969 ], [ 32.485252, -18.809303 ], [ 32.486243, -18.815141 ], [ 32.481136, -18.824929 ], [ 32.484943, -18.830747 ], [ 32.484077, -18.838388 ], [ 32.476081, -18.84966 ], [ 32.470206, -18.85068 ], [ 32.466487, -18.854365 ], [ 32.460883, -18.857 ], [ 32.457695, -18.862629 ], [ 32.451447, -18.860405 ], [ 32.441254, -18.864708 ], [ 32.435665, -18.869382 ], [ 32.434632, -18.877267 ], [ 32.428707, -18.882673 ], [ 32.426449, -18.887481 ], [ 32.426842, -18.893163 ], [ 32.421586, -18.901488 ], [ 32.421266, -18.912941 ], [ 32.41728, -18.915733 ], [ 32.414159, -18.929393 ], [ 32.408605, -18.937637 ], [ 32.408986, -18.943954 ], [ 32.403554, -18.949553 ], [ 32.401376, -18.957988 ], [ 32.395608, -18.962263 ], [ 32.393586, -18.965595 ], [ 32.419141, -18.959094 ], [ 32.447899, -18.955884 ], [ 32.466331, -18.946855 ], [ 32.503962, -18.941757 ], [ 32.519678, -18.94313 ], [ 32.531823, -18.950162 ], [ 32.558038, -18.952838 ], [ 32.627028, -18.943684 ], [ 32.66099, -18.934683 ], [ 32.69172, -18.933043 ], [ 32.69867, -18.934772 ], [ 32.705159, -18.935764 ], [ 32.717235, -18.931105 ], [ 32.725632, -18.930299 ], [ 32.741671, -18.924798 ], [ 32.73872, -18.920774 ], [ 32.73566, -18.920458 ], [ 32.733566, -18.91835 ], [ 32.726658, -18.904832 ], [ 32.724148, -18.888429 ], [ 32.727501, -18.884176 ], [ 32.72509, -18.878752 ], [ 32.72504, -18.871728 ], [ 32.716621, -18.861957 ], [ 32.715793, -18.856096 ], [ 32.713386, -18.856191 ], [ 32.709724, -18.853884 ], [ 32.708523, -18.849591 ], [ 32.702714, -18.84123 ], [ 32.71117, -18.829611 ], [ 32.720913, -18.822369 ], [ 32.726524, -18.820305 ], [ 32.729751, -18.823309 ], [ 32.735397, -18.817229 ], [ 32.735813, -18.814319 ], [ 32.739136, -18.81401 ], [ 32.74298, -18.810007 ], [ 32.748706, -18.80867 ], [ 32.752387, -18.812768 ], [ 32.756926, -18.812129 ], [ 32.778295, -18.79669 ], [ 32.784101, -18.797398 ], [ 32.78718, -18.795348 ], [ 32.79204, -18.794892 ], [ 32.797758, -18.789451 ], [ 32.803583, -18.787481 ], [ 32.814587, -18.778758 ], [ 32.844807, -18.776385 ], [ 32.879802, -18.798005 ], [ 32.895144, -18.795538 ], [ 32.906916, -18.791832 ], [ 32.912955, -18.785539 ], [ 32.919355, -18.783021 ], [ 32.929117, -18.773218 ], [ 32.931829, -18.767882 ], [ 32.936937, -18.76803 ], [ 32.936727, -18.759633 ], [ 32.941736, -18.750582 ], [ 32.945322, -18.732474 ], [ 32.948667, -18.730825 ], [ 32.951951, -18.724114 ], [ 32.953438, -18.707459 ], [ 32.959034, -18.705314 ], [ 32.96185, -18.683814 ], [ 32.934057, -18.644188 ], [ 32.928865, -18.639021 ], [ 32.910403, -18.611156 ], [ 32.908496, -18.600323 ], [ 32.910281, -18.587127 ], [ 32.896498, -18.581582 ], [ 32.895346, -18.578393 ], [ 32.891253, -18.574765 ], [ 32.890154, -18.572346 ], [ 32.900523, -18.543258 ], [ 32.875911, -18.517312 ], [ 32.888358, -18.511155 ], [ 32.89654, -18.510989 ], [ 32.898612, -18.504389 ], [ 32.904662, -18.502079 ], [ 32.909312, -18.497166 ], [ 32.914571, -18.499548 ], [ 32.915781, -18.503231 ], [ 32.919931, -18.501801 ], [ 32.923906, -18.503174 ], [ 32.925981, -18.502075 ], [ 32.925924, -18.49971 ], [ 32.935102, -18.497334 ], [ 32.935972, -18.492272 ], [ 32.93976, -18.494606 ], [ 32.944562, -18.491689 ], [ 32.950055, -18.491302 ], [ 32.951119, -18.486053 ], [ 32.958375, -18.483037 ], [ 32.960328, -18.479755 ], [ 32.971596, -18.472792 ], [ 32.976407, -18.473063 ], [ 32.97984, -18.471461 ], [ 32.977112, -18.478869 ], [ 32.981656, -18.487384 ], [ 32.981476, -18.492443 ], [ 32.983048, -18.49272 ], [ 32.984416, -18.490562 ], [ 33.024783, -18.467125 ], [ 33.028105, -18.463275 ], [ 33.029314, -18.443604 ], [ 33.0283, -18.434331 ], [ 33.029948, -18.428424 ], [ 33.027388, -18.426744 ], [ 33.022482, -18.426945 ], [ 33.019141, -18.425455 ], [ 33.01873, -18.419929 ], [ 33.030253, -18.40397 ], [ 33.029063, -18.400038 ], [ 33.03158, -18.390663 ], [ 33.037108, -18.385688 ], [ 33.039542, -18.380809 ], [ 33.04698, -18.375448 ], [ 33.048254, -18.375726 ], [ 33.050734, -18.382651 ], [ 33.053091, -18.382926 ], [ 33.057199, -18.379634 ], [ 33.057878, -18.377665 ], [ 33.0561, -18.375139 ], [ 33.057168, -18.371389 ], [ 33.059713, -18.370258 ], [ 33.058221, -18.365015 ], [ 33.060377, -18.364073 ], [ 33.064184, -18.358159 ], [ 33.062795, -18.354228 ], [ 33.067178, -18.345781 ], [ 33.065496, -18.342508 ], [ 33.059697, -18.338964 ], [ 33.05636, -18.338974 ], [ 33.052119, -18.331586 ], [ 33.052969, -18.323057 ], [ 33.054536, -18.32249 ], [ 33.054513, -18.316307 ], [ 33.045935, -18.317455 ], [ 33.044279, -18.320177 ], [ 33.041617, -18.316063 ], [ 33.039168, -18.3171 ], [ 33.036902, -18.31439 ], [ 33.035445, -18.318235 ], [ 33.034647, -18.314865 ], [ 33.028548, -18.308985 ], [ 33.028635, -18.306643 ], [ 33.027163, -18.30618 ], [ 33.025111, -18.307965 ], [ 33.021647, -18.298888 ], [ 33.019095, -18.29852 ], [ 33.015846, -18.295061 ], [ 33.01622, -18.289438 ], [ 33.01945, -18.287275 ], [ 33.01099, -18.27924 ], [ 33.019705, -18.27678 ], [ 33.018131, -18.275004 ], [ 33.018809, -18.273035 ], [ 33.013698, -18.269302 ], [ 33.016738, -18.268449 ], [ 33.017402, -18.262733 ], [ 33.015819, -18.257864 ], [ 33.022993, -18.249462 ], [ 33.020319, -18.245632 ], [ 33.015331, -18.244746 ], [ 33.01609, -18.238799 ], [ 33.01837, -18.238021 ], [ 33.019068, -18.235954 ], [ 33.022002, -18.235635 ], [ 33.021395, -18.22678 ], [ 33.0185, -18.224661 ], [ 33.018923, -18.22205 ], [ 33.016422, -18.219123 ], [ 33.018111, -18.208677 ], [ 33.011993, -18.201815 ], [ 33.009105, -18.195023 ], [ 32.989162, -18.194922 ], [ 32.989509, -18.23495 ], [ 32.977299, -18.231276 ], [ 32.964238, -18.248703 ], [ 32.962796, -18.252234 ], [ 32.973855, -18.256626 ], [ 32.975869, -18.263559 ], [ 32.972214, -18.276841 ], [ 32.953896, -18.297002 ], [ 32.949383, -18.304757 ], [ 32.942281, -18.329913 ], [ 32.924608, -18.33549 ], [ 32.904021, -18.303168 ], [ 32.880881, -18.31147 ], [ 32.897246, -18.339069 ], [ 32.907073, -18.359656 ], [ 32.911414, -18.372818 ], [ 32.811181, -18.415167 ], [ 32.816369, -18.456657 ], [ 32.801882, -18.511148 ], [ 32.766608, -18.499037 ], [ 32.750632, -18.495339 ], [ 32.744857, -18.500235 ], [ 32.729935, -18.537988 ], [ 32.704647, -18.576697 ], [ 32.697022, -18.574397 ], [ 32.695989, -18.562871 ], [ 32.67986, -18.569953 ], [ 32.659014, -18.548079 ], [ 32.651228, -18.548594 ], [ 32.648691, -18.520764 ], [ 32.643183, -18.52565 ], [ 32.644667, -18.528822 ], [ 32.638872, -18.527226 ], [ 32.634375, -18.532209 ], [ 32.611461, -18.510467 ], [ 32.590389, -18.493538 ], [ 32.577045, -18.471174 ], [ 32.601989, -18.444902 ], [ 32.582508, -18.418478 ], [ 32.555329, -18.437182 ], [ 32.492132, -18.436177 ], [ 32.482497, -18.386128 ], [ 32.445835, -18.399458 ], [ 32.422364, -18.481605 ], [ 32.487674, -18.522919 ], [ 32.484061, -18.529106 ], [ 32.486285, -18.537437 ], [ 32.480697, -18.541534 ], [ 32.474605, -18.555048 ], [ 32.474712, -18.561294 ], [ 32.471252, -18.56285 ], [ 32.469848, -18.566259 ], [ 32.465053, -18.56868 ], [ 32.456725, -18.578208 ], [ 32.458778, -18.580697 ], [ 32.457439, -18.582777 ], [ 32.458099, -18.586074 ], [ 32.45451, -18.591497 ], [ 32.452446, -18.592304 ], [ 32.450085, -18.590795 ], [ 32.439476, -18.600838 ], [ 32.448422, -18.612709 ], [ 32.447861, -18.617738 ], [ 32.453484, -18.624284 ], [ 32.456813, -18.62608 ], [ 32.459293, -18.629266 ], [ 32.459586, -18.632619 ], [ 32.467509, -18.641821 ], [ 32.469436, -18.646857 ], [ 32.467609, -18.65038 ], [ 32.473647, -18.662128 ], [ 32.479934, -18.67058 ], [ 32.479629, -18.671909 ], [ 32.476348, -18.672831 ], [ 32.476463, -18.676763 ], [ 32.478934, -18.681792 ], [ 32.478324, -18.684739 ], [ 32.482135, -18.689314 ], [ 32.481639, -18.692898 ], [ 32.482547, -18.693825 ], [ 32.484855, -18.692787 ], [ 32.485995, -18.698168 ], [ 32.483684, -18.701287 ], [ 32.485313, -18.704585 ], [ 32.480323, -18.710301 ], [ 32.483195, -18.726724 ], [ 32.481067, -18.728627 ], [ 32.485366, -18.732392 ], [ 32.486137, -18.740317 ], [ 32.48413, -18.74503 ], [ 32.484328, -18.752061 ], [ 32.480895, -18.755933 ], [ 32.481731, -18.758484 ], [ 32.487544, -18.762385 ] ] ] } },
{ "type": "Feature", "properties": { "admin_name": "Mutoko", "tiles": 6.0, "tests": 14.0, "devices": 6.0, "pop_weight": 9918.211181640625, "area_km2": 2.0427484076198761, "d_mean_tile": 8.4635, "d_median_tile": 3.018, "d_mean_pop": 8.9275606965889196, "d_median_pop": 3.1707096594058379, "d_p10_pop": 1.055, "d_p90_pop": 26.085444696662517, "u_median_pop": 31.163813834887627, "lat_median_pop": 27.17015388242951, "pct_above_bb": 35.859248024978122, "pct_above_hi": 17.929624012489061, "divide_ratio": 24.72553999683651, "pop_total": 178420.77894275257, "pop_covered": 9918.211181640625, "pop_coverage_pct": 5.5588879503899857, "level": "ADM2" }, "geometry": { "type": "Polygon", "coordinates": [ [ [ 32.579363, -17.605914 ], [ 32.582829, -17.588562 ], [ 32.587883, -17.587494 ], [ 32.589389, -17.585825 ], [ 32.59382, -17.575462 ], [ 32.602681, -17.572295 ], [ 32.603797, -17.568051 ], [ 32.610446, -17.564348 ], [ 32.612112, -17.561166 ], [ 32.62151, -17.565431 ], [ 32.624822, -17.569684 ], [ 32.627589, -17.569689 ], [ 32.62927, -17.559076 ], [ 32.635359, -17.558025 ], [ 32.639243, -17.552724 ], [ 32.643696, -17.539461 ], [ 32.645381, -17.526193 ], [ 32.644847, -17.516636 ], [ 32.643201, -17.509732 ], [ 32.639343, -17.502294 ], [ 32.63935, -17.498578 ], [ 32.649875, -17.490634 ], [ 32.655962, -17.489583 ], [ 32.663715, -17.484818 ], [ 32.67434, -17.480892 ], [ 32.683038, -17.478349 ], [ 32.704574, -17.475281 ], [ 32.713138, -17.471987 ], [ 32.723846, -17.462409 ], [ 32.733798, -17.457828 ], [ 32.735049, -17.450335 ], [ 32.732322, -17.442099 ], [ 32.733397, -17.437577 ], [ 32.732589, -17.429219 ], [ 32.745475, -17.406812 ], [ 32.662103, -17.355775 ], [ 32.613479, -17.340773 ], [ 32.593112, -17.336082 ], [ 32.550922, -17.321794 ], [ 32.549508, -17.319675 ], [ 32.560059, -17.282603 ], [ 32.558849, -17.277413 ], [ 32.556141, -17.276656 ], [ 32.550823, -17.28039 ], [ 32.539247, -17.28406 ], [ 32.531919, -17.282832 ], [ 32.522595, -17.287582 ], [ 32.51264, -17.295179 ], [ 32.505484, -17.295274 ], [ 32.489004, -17.288479 ], [ 32.486853, -17.286335 ], [ 32.483263, -17.276375 ], [ 32.483519, -17.269502 ], [ 32.481005, -17.263065 ], [ 32.481798, -17.255761 ], [ 32.474246, -17.24997 ], [ 32.470027, -17.239049 ], [ 32.461433, -17.231202 ], [ 32.455688, -17.22296 ], [ 32.452514, -17.207953 ], [ 32.450542, -17.205334 ], [ 32.452087, -17.204073 ], [ 32.446445, -17.202381 ], [ 32.446017, -17.198571 ], [ 32.443332, -17.197634 ], [ 32.438969, -17.201414 ], [ 32.434822, -17.201207 ], [ 32.432751, -17.204335 ], [ 32.427765, -17.203518 ], [ 32.42516, -17.204882 ], [ 32.42014, -17.201676 ], [ 32.415695, -17.206431 ], [ 32.410744, -17.207915 ], [ 32.400239, -17.207529 ], [ 32.400834, -17.210267 ], [ 32.395387, -17.215566 ], [ 32.387483, -17.216913 ], [ 32.382753, -17.214765 ], [ 32.38059, -17.211696 ], [ 32.388036, -17.191858 ], [ 32.377828, -17.180399 ], [ 32.365511, -17.15684 ], [ 32.34968, -17.138196 ], [ 32.341109, -17.116918 ], [ 32.334186, -17.12664 ], [ 32.328311, -17.127871 ], [ 32.31911, -17.134803 ], [ 32.301711, -17.141408 ], [ 32.29443, -17.160188 ], [ 32.292584, -17.172695 ], [ 32.290829, -17.172188 ], [ 32.28061, -17.159486 ], [ 32.279179, -17.155873 ], [ 32.275734, -17.153174 ], [ 32.272435, -17.15428 ], [ 32.270852, -17.153151 ], [ 32.270504, -17.154482 ], [ 32.267357, -17.153374 ], [ 32.212901, -17.162448 ], [ 32.206465, -17.154513 ], [ 32.19475, -17.118039 ], [ 32.187587, -17.088267 ], [ 32.184982, -17.086917 ], [ 32.18592, -17.081929 ], [ 32.184562, -17.077383 ], [ 32.185695, -17.075985 ], [ 32.182186, -17.071745 ], [ 32.176883, -17.051765 ], [ 32.17258, -17.041865 ], [ 32.172893, -17.033824 ], [ 32.166484, -17.034808 ], [ 32.154938, -17.039868 ], [ 32.132878, -17.042591 ], [ 32.122166, -17.039386 ], [ 32.119779, -17.042031 ], [ 32.10835, -17.039012 ], [ 32.099168, -17.040295 ], [ 32.095274, -17.039494 ], [ 32.091867, -17.040766 ], [ 32.090013, -17.060077 ], [ 32.088182, -17.061288 ], [ 32.084471, -17.075331 ], [ 32.087495, -17.087697 ], [ 32.081164, -17.091971 ], [ 32.07537, -17.108125 ], [ 32.075381, -17.113856 ], [ 32.068663, -17.121697 ], [ 32.061419, -17.135364 ], [ 32.05897, -17.144783 ], [ 32.053752, -17.155636 ], [ 32.049068, -17.161359 ], [ 32.0461, -17.171915 ], [ 32.040371, -17.184678 ], [ 32.03614, -17.190479 ], [ 32.035305, -17.199263 ], [ 32.028976, -17.21597 ], [ 32.02956, -17.221241 ], [ 32.041012, -17.234945 ], [ 32.040512, -17.242412 ], [ 32.037651, -17.243936 ], [ 32.036979, -17.246813 ], [ 32.036484, -17.255126 ], [ 32.039444, -17.26029 ], [ 32.038307, -17.267187 ], [ 32.039398, -17.275157 ], [ 32.059077, -17.294981 ], [ 32.062461, -17.303654 ], [ 32.064479, -17.306485 ], [ 32.066851, -17.307181 ], [ 32.069369, -17.313448 ], [ 32.080897, -17.327 ], [ 32.083869, -17.333188 ], [ 32.081515, -17.339956 ], [ 32.075488, -17.345596 ], [ 32.072829, -17.34651 ], [ 32.069594, -17.34384 ], [ 32.067942, -17.346058 ], [ 32.063346, -17.344065 ], [ 32.047931, -17.361759 ], [ 32.046509, -17.370045 ], [ 32.047458, -17.37289 ], [ 32.053862, -17.37889 ], [ 32.053805, -17.392805 ], [ 32.057372, -17.405507 ], [ 32.048713, -17.410958 ], [ 32.041527, -17.409581 ], [ 32.032974, -17.4151 ], [ 32.029087, -17.415293 ], [ 32.026062, -17.417235 ], [ 32.024448, -17.416302 ], [ 32.021885, -17.418677 ], [ 32.017926, -17.419457 ], [ 32.011727, -17.417776 ], [ 32.005185, -17.419247 ], [ 32.002332, -17.416571 ], [ 31.995761, -17.415299 ], [ 31.993588, -17.417351 ], [ 31.983327, -17.420965 ], [ 31.975658, -17.430026 ], [ 31.968805, -17.433784 ], [ 31.959341, -17.43094 ], [ 31.956356, -17.432235 ], [ 31.950189, -17.431941 ], [ 31.94841, -17.433505 ], [ 31.94799, -17.432262 ], [ 31.945081, -17.432016 ], [ 31.944146, -17.429914 ], [ 31.94012, -17.428722 ], [ 31.934617, -17.429284 ], [ 31.928868, -17.426866 ], [ 31.925694, -17.428836 ], [ 31.915414, -17.424945 ], [ 31.908199, -17.424857 ], [ 31.906811, -17.42584 ], [ 31.907639, -17.427463 ], [ 31.894358, -17.430339 ], [ 31.876067, -17.439644 ], [ 31.866067, -17.440941 ], [ 31.856126, -17.439543 ], [ 31.947617, -17.621638 ], [ 31.952059, -17.625403 ], [ 31.96435, -17.62748 ], [ 32.003011, -17.640807 ], [ 32.017838, -17.650535 ], [ 32.017346, -17.652672 ], [ 32.014321, -17.653423 ], [ 32.010449, -17.657381 ], [ 32.010918, -17.664898 ], [ 32.00615, -17.668088 ], [ 32.005566, -17.674478 ], [ 32.007741, -17.676507 ], [ 32.008378, -17.679766 ], [ 32.004945, -17.683291 ], [ 32.004575, -17.688904 ], [ 32.000352, -17.694499 ], [ 32.001874, -17.70314 ], [ 32.12644, -17.725168 ], [ 32.122999, -17.733523 ], [ 32.105917, -17.757144 ], [ 32.122102, -17.774417 ], [ 32.133351, -17.77728 ], [ 32.133881, -17.803533 ], [ 32.169307, -17.781769 ], [ 32.21477, -17.811957 ], [ 32.226504, -17.79784 ], [ 32.231387, -17.796041 ], [ 32.239171, -17.789389 ], [ 32.245748, -17.787596 ], [ 32.260908, -17.771646 ], [ 32.265737, -17.77062 ], [ 32.268701, -17.764052 ], [ 32.267744, -17.759982 ], [ 32.2757, -17.746381 ], [ 32.280575, -17.742975 ], [ 32.290753, -17.741824 ], [ 32.293202, -17.739071 ], [ 32.291603, -17.73392 ], [ 32.300942, -17.725192 ], [ 32.309097, -17.721456 ], [ 32.31895, -17.723129 ], [ 32.324859, -17.719758 ], [ 32.326934, -17.718141 ], [ 32.331252, -17.708945 ], [ 32.338317, -17.706887 ], [ 32.351919, -17.696212 ], [ 32.365733, -17.68875 ], [ 32.376028, -17.681277 ], [ 32.38202, -17.674644 ], [ 32.391416, -17.671691 ], [ 32.402131, -17.673639 ], [ 32.40804, -17.670804 ], [ 32.412411, -17.671577 ], [ 32.422116, -17.663218 ], [ 32.425358, -17.66386 ], [ 32.435475, -17.672206 ], [ 32.442509, -17.669871 ], [ 32.445767, -17.665175 ], [ 32.442658, -17.664152 ], [ 32.442337, -17.660402 ], [ 32.448379, -17.655396 ], [ 32.454086, -17.653754 ], [ 32.461024, -17.648177 ], [ 32.464938, -17.64685 ], [ 32.470393, -17.639616 ], [ 32.470607, -17.633898 ], [ 32.473209, -17.626721 ], [ 32.480041, -17.623939 ], [ 32.482485, -17.626359 ], [ 32.491701, -17.624215 ], [ 32.493506, -17.619071 ], [ 32.502648, -17.608823 ], [ 32.512255, -17.610115 ], [ 32.519036, -17.614876 ], [ 32.524411, -17.614717 ], [ 32.530736, -17.617589 ], [ 32.533265, -17.617434 ], [ 32.536264, -17.61455 ], [ 32.542111, -17.615452 ], [ 32.546388, -17.619388 ], [ 32.54844, -17.619384 ], [ 32.551435, -17.615288 ], [ 32.550469, -17.606497 ], [ 32.556473, -17.605883 ], [ 32.55883, -17.59936 ], [ 32.562462, -17.596324 ], [ 32.564384, -17.600701 ], [ 32.567966, -17.59723 ], [ 32.568668, -17.601634 ], [ 32.57143, -17.604696 ], [ 32.574505, -17.603462 ], [ 32.579363, -17.605914 ] ] ] } },
{ "type": "Feature", "properties": { "admin_name": "Mvurwi", "tiles": 1.0, "tests": 3.0, "devices": 1.0, "pop_weight": 7669.693359375, "area_km2": 0.34188115133652597, "d_mean_tile": 0.581, "d_median_tile": 0.581, "d_mean_pop": 0.581, "d_median_pop": 0.581, "d_p10_pop": 0.581, "d_p90_pop": 0.581, "u_median_pop": 0.631, "lat_median_pop": 29.0, "pct_above_bb": 0.0, "pct_above_hi": 0.0, "divide_ratio": 1.0, "pop_total": 11960.37353515625, "pop_covered": 7669.693359375, "pop_coverage_pct": 64.125868116332228, "level": "ADM2" }, "geometry": { "type": "Polygon", "coordinates": [ [ [ 30.846114, -17.031642 ], [ 30.850211, -17.033036 ], [ 30.852322, -17.028638 ], [ 30.856907, -17.029658 ], [ 30.859631, -17.032342 ], [ 30.863535, -17.024636 ], [ 30.863436, -17.022022 ], [ 30.85912, -17.020542 ], [ 30.857748, -17.021789 ], [ 30.856537, -17.020597 ], [ 30.855282, -17.022983 ], [ 30.845219, -17.018953 ], [ 30.845236, -17.014024 ], [ 30.84055, -17.014183 ], [ 30.840594, -17.024756 ], [ 30.842978, -17.030259 ], [ 30.846114, -17.031642 ] ] ] } },
{ "type": "Feature", "properties": { "admin_name": "Mwenezi", "tiles": 9.0, "tests": 9.0, "devices": 9.0, "pop_weight": 1091.8742523193359, "area_km2": 2.9220216239302594, "d_mean_tile": 15.184444444444445, "d_median_tile": 13.704, "d_mean_pop": 7.4027784893787789, "d_median_pop": 2.3241432566209088, "d_p10_pop": 0.723, "d_p90_pop": 24.842052418525576, "u_median_pop": 5.0002786939638808, "lat_median_pop": 30.242292120235899, "pct_above_bb": 29.282561397740832, "pct_above_hi": 5.621119190303359, "divide_ratio": 34.359685226176452, "pop_total": 231775.02395021421, "pop_covered": 1091.8742523193359, "pop_coverage_pct": 0.47109228324527019, "level": "ADM2" }, "geometry": { "type": "Polygon", "coordinates": [ [ [ 30.944008, -22.112793 ], [ 30.947876, -22.10721 ], [ 30.959288, -22.101891 ], [ 30.976089, -22.09657 ], [ 30.987817, -22.089977 ], [ 30.999307, -22.089975 ], [ 31.066118, -22.061605 ], [ 31.246303, -21.749354 ], [ 31.248805, -21.742381 ], [ 31.256993, -21.729603 ], [ 31.277697, -21.716842 ], [ 31.268929, -21.714078 ], [ 31.261882, -21.709423 ], [ 31.248111, -21.692263 ], [ 31.246505, -21.687901 ], [ 31.229759, -21.679985 ], [ 31.229238, -21.675535 ], [ 31.230814, -21.669607 ], [ 31.237097, -21.665654 ], [ 31.239717, -21.659232 ], [ 31.251992, -21.652401 ], [ 31.255189, -21.647403 ], [ 31.252915, -21.644348 ], [ 31.254611, -21.641139 ], [ 31.249133, -21.641082 ], [ 31.247594, -21.636506 ], [ 31.239016, -21.627353 ], [ 31.243863, -21.598659 ], [ 31.249585, -21.593046 ], [ 31.252757, -21.587078 ], [ 31.251222, -21.580517 ], [ 31.252694, -21.578063 ], [ 31.251258, -21.57507 ], [ 31.252002, -21.565771 ], [ 31.246951, -21.560605 ], [ 31.243215, -21.548336 ], [ 31.250089, -21.536893 ], [ 31.262755, -21.504356 ], [ 31.266971, -21.498015 ], [ 31.267455, -21.491387 ], [ 31.46934, -21.318066 ], [ 31.50345, -21.290337 ], [ 31.507207, -21.285338 ], [ 31.508148, -21.272914 ], [ 31.512238, -21.266331 ], [ 31.525466, -21.265477 ], [ 31.528548, -21.26063 ], [ 31.539601, -21.25588 ], [ 31.549648, -21.254079 ], [ 31.555368, -21.249387 ], [ 31.558715, -21.248952 ], [ 31.563331, -21.243538 ], [ 31.574245, -21.24255 ], [ 31.584002, -21.238514 ], [ 31.582793, -21.235266 ], [ 31.587986, -21.23374 ], [ 31.592436, -21.221338 ], [ 31.591174, -21.217599 ], [ 31.594317, -21.212631 ], [ 31.600455, -21.210907 ], [ 31.602656, -21.21381 ], [ 31.60344, -21.211792 ], [ 31.60554, -21.212923 ], [ 31.60837, -21.209673 ], [ 31.598978, -21.204069 ], [ 31.596928, -21.199346 ], [ 31.592781, -21.195018 ], [ 31.587166, -21.192855 ], [ 31.580971, -21.188034 ], [ 31.576824, -21.182678 ], [ 31.574722, -21.176527 ], [ 31.574874, -21.171657 ], [ 31.570571, -21.167573 ], [ 31.565692, -21.167575 ], [ 31.552169, -21.173974 ], [ 31.54016, -21.173581 ], [ 31.514712, -21.153654 ], [ 31.497888, -21.149145 ], [ 31.481423, -21.156392 ], [ 31.377799, -21.171606 ], [ 31.35445, -21.177851 ], [ 31.325109, -21.179989 ], [ 31.313149, -21.170165 ], [ 31.30905, -21.151522 ], [ 31.299706, -21.139296 ], [ 31.282505, -21.135887 ], [ 31.267853, -21.135738 ], [ 31.259083, -21.148588 ], [ 31.238654, -21.152372 ], [ 31.211561, -21.149609 ], [ 31.206196, -21.14637 ], [ 31.190217, -21.140809 ], [ 31.181224, -21.140346 ], [ 31.164802, -21.143311 ], [ 31.156305, -21.141004 ], [ 31.14636, -21.126179 ], [ 31.141144, -21.122625 ], [ 31.132603, -21.119862 ], [ 31.126389, -21.114854 ], [ 31.12119, -21.103405 ], [ 31.110263, -21.092047 ], [ 31.109655, -21.077283 ], [ 31.107999, -21.073705 ], [ 31.104797, -21.071247 ], [ 31.095584, -21.068617 ], [ 31.084332, -21.062716 ], [ 31.06243, -21.054486 ], [ 31.058739, -21.047058 ], [ 31.052064, -21.040195 ], [ 31.045261, -21.025347 ], [ 31.039378, -21.018791 ], [ 31.026164, -21.015396 ], [ 31.021499, -21.011182 ], [ 31.013619, -21.000077 ], [ 31.003382, -20.99353 ], [ 30.999316, -20.992393 ], [ 30.993054, -20.993162 ], [ 30.984762, -20.998431 ], [ 30.982093, -20.998558 ], [ 30.964511, -20.978926 ], [ 30.947199, -20.968628 ], [ 30.925642, -20.966291 ], [ 30.906688, -20.957654 ], [ 30.871106, -20.951823 ], [ 30.863171, -20.947567 ], [ 30.856337, -20.940611 ], [ 30.846417, -20.937703 ], [ 30.83876, -20.932611 ], [ 30.824737, -20.927766 ], [ 30.812427, -20.925624 ], [ 30.810796, -20.920288 ], [ 30.813266, -20.916691 ], [ 30.812587, -20.914183 ], [ 30.77945, -20.889042 ], [ 30.764452, -20.894674 ], [ 30.754854, -20.902181 ], [ 30.743963, -20.907474 ], [ 30.73761, -20.912275 ], [ 30.709954, -20.912861 ], [ 30.701971, -20.909948 ], [ 30.69158, -20.90878 ], [ 30.689064, -20.905137 ], [ 30.689769, -20.896559 ], [ 30.694071, -20.888752 ], [ 30.7001, -20.867353 ], [ 30.704835, -20.836937 ], [ 30.70867, -20.828496 ], [ 30.708417, -20.825551 ], [ 30.704026, -20.824344 ], [ 30.677955, -20.830068 ], [ 30.676365, -20.82837 ], [ 30.674411, -20.818593 ], [ 30.668524, -20.810301 ], [ 30.664803, -20.808344 ], [ 30.653008, -20.809799 ], [ 30.648425, -20.807213 ], [ 30.645499, -20.792857 ], [ 30.642667, -20.78759 ], [ 30.634545, -20.787306 ], [ 30.630829, -20.78491 ], [ 30.627817, -20.777011 ], [ 30.634682, -20.771159 ], [ 30.633015, -20.762216 ], [ 30.627458, -20.753078 ], [ 30.604879, -20.767825 ], [ 30.593434, -20.779363 ], [ 30.59052, -20.776407 ], [ 30.572558, -20.774635 ], [ 30.55973, -20.770568 ], [ 30.551502, -20.765645 ], [ 30.541832, -20.756267 ], [ 30.521779, -20.748838 ], [ 30.515515, -20.740735 ], [ 30.512734, -20.725673 ], [ 30.513982, -20.718466 ], [ 30.520867, -20.7051 ], [ 30.523694, -20.693805 ], [ 30.523353, -20.685284 ], [ 30.519914, -20.68232 ], [ 30.50981, -20.691875 ], [ 30.497542, -20.697427 ], [ 30.486866, -20.70491 ], [ 30.48142, -20.715144 ], [ 30.478561, -20.740694 ], [ 30.480058, -20.748356 ], [ 30.47343, -20.75628 ], [ 30.469147, -20.769586 ], [ 30.465955, -20.790547 ], [ 30.454309, -20.831057 ], [ 30.450822, -20.869201 ], [ 30.453441, -20.882609 ], [ 30.448778, -20.893998 ], [ 30.447703, -20.909455 ], [ 30.443407, -20.923141 ], [ 30.442728, -20.939173 ], [ 30.445178, -20.962509 ], [ 30.417523, -20.986537 ], [ 30.409282, -20.999332 ], [ 30.402668, -20.999772 ], [ 30.40114, -21.006109 ], [ 30.398022, -21.007062 ], [ 30.395802, -21.009687 ], [ 30.396486, -21.014604 ], [ 30.393381, -21.019537 ], [ 30.381341, -21.018952 ], [ 30.378335, -21.020426 ], [ 30.371884, -21.025578 ], [ 30.363666, -21.035446 ], [ 30.357207, -21.037876 ], [ 30.356831, -21.039859 ], [ 30.342642, -21.043365 ], [ 30.337197, -21.043058 ], [ 30.316333, -21.03012 ], [ 30.308904, -21.030691 ], [ 30.300927, -21.036573 ], [ 30.287985, -21.02722 ], [ 30.281687, -21.019448 ], [ 30.253291, -21.029792 ], [ 30.250112, -21.041004 ], [ 30.242559, -21.040628 ], [ 30.232986, -21.037263 ], [ 30.229411, -21.037449 ], [ 30.217068, -21.031713 ], [ 30.209517, -21.032085 ], [ 30.193299, -21.037849 ], [ 30.179441, -21.02784 ], [ 30.172597, -21.030019 ], [ 30.169412, -21.033769 ], [ 30.165945, -21.034526 ], [ 30.146466, -21.021979 ], [ 30.141911, -21.01649 ], [ 30.131293, -21.008447 ], [ 30.125149, -21.007095 ], [ 30.109022, -21.00704 ], [ 30.07358, -20.990134 ], [ 30.071168, -20.987498 ], [ 30.067282, -20.974542 ], [ 30.06882, -20.966318 ], [ 30.059487, -20.96028 ], [ 30.049197, -20.959349 ], [ 30.010934, -20.931007 ], [ 29.991051, -20.918102 ], [ 29.987586, -20.911356 ], [ 29.971799, -20.909437 ], [ 29.954339, -20.915278 ], [ 29.946786, -20.911732 ], [ 29.943067, -20.915341 ], [ 29.927449, -20.922803 ], [ 29.902949, -20.945409 ], [ 29.882299, -20.958611 ], [ 29.845744, -20.992526 ], [ 29.840953, -20.994782 ], [ 29.823564, -21.012869 ], [ 29.784627, -21.031475 ], [ 29.767367, -21.032358 ], [ 29.730701, -21.022919 ], [ 29.732098, -21.031187 ], [ 29.731033, -21.033302 ], [ 29.736094, -21.042943 ], [ 29.747799, -21.073228 ], [ 29.747381, -21.07725 ], [ 29.752121, -21.08728 ], [ 29.754707, -21.087789 ], [ 29.75675, -21.090862 ], [ 29.765965, -21.088899 ], [ 29.765522, -21.098025 ], [ 29.770091, -21.102244 ], [ 29.77068, -21.107397 ], [ 29.774283, -21.111563 ], [ 29.77724, -21.112314 ], [ 29.785958, -21.119516 ], [ 29.791461, -21.128009 ], [ 29.801324, -21.135647 ], [ 29.803995, -21.135756 ], [ 29.807688, -21.139122 ], [ 29.81275, -21.139393 ], [ 29.815874, -21.142172 ], [ 29.820368, -21.142176 ], [ 29.834122, -21.150088 ], [ 29.838787, -21.149879 ], [ 29.841058, -21.151374 ], [ 29.84344, -21.158526 ], [ 29.835075, -21.161828 ], [ 29.83143, -21.164867 ], [ 29.831304, -21.175114 ], [ 29.838468, -21.178958 ], [ 29.842212, -21.188405 ], [ 29.844828, -21.187822 ], [ 29.845681, -21.188996 ], [ 29.847155, -21.192841 ], [ 29.846692, -21.20031 ], [ 29.849683, -21.203355 ], [ 29.874484, -21.210042 ], [ 29.879093, -21.210044 ], [ 29.880796, -21.214315 ], [ 29.885694, -21.217015 ], [ 29.887789, -21.221411 ], [ 29.893818, -21.225363 ], [ 29.894785, -21.227391 ], [ 29.893417, -21.228937 ], [ 29.886188, -21.231656 ], [ 29.887428, -21.245959 ], [ 29.892383, -21.250975 ], [ 29.886469, -21.263368 ], [ 29.889278, -21.265224 ], [ 29.891424, -21.269781 ], [ 29.899792, -21.267995 ], [ 29.906236, -21.269408 ], [ 29.918847, -21.27678 ], [ 29.919022, -21.29338 ], [ 29.921403, -21.298515 ], [ 29.936421, -21.308276 ], [ 29.948125, -21.348865 ], [ 29.953815, -21.353634 ], [ 29.999079, -21.371261 ], [ 30.007678, -21.381079 ], [ 30.01882, -21.387832 ], [ 30.024719, -21.407364 ], [ 30.027153, -21.410905 ], [ 30.033785, -21.413733 ], [ 30.035032, -21.418101 ], [ 30.040212, -21.423026 ], [ 30.039072, -21.427557 ], [ 30.041536, -21.439399 ], [ 30.04591, -21.443839 ], [ 30.054554, -21.447585 ], [ 30.068879, -21.459393 ], [ 30.069577, -21.472455 ], [ 30.072741, -21.47894 ], [ 30.081376, -21.479135 ], [ 30.088223, -21.476543 ], [ 30.093545, -21.47622 ], [ 30.108663, -21.483414 ], [ 30.107029, -21.487519 ], [ 30.09703, -21.492792 ], [ 30.095689, -21.495675 ], [ 30.096138, -21.500741 ], [ 30.126877, -21.49652 ], [ 30.133475, -21.498233 ], [ 30.141388, -21.504476 ], [ 30.146178, -21.505807 ], [ 30.165777, -21.500491 ], [ 30.170146, -21.504091 ], [ 30.16611, -21.516192 ], [ 30.168437, -21.5263 ], [ 30.172515, -21.531858 ], [ 30.178342, -21.532743 ], [ 30.185193, -21.528543 ], [ 30.193031, -21.528663 ], [ 30.20855, -21.538685 ], [ 30.211491, -21.542611 ], [ 30.214388, -21.55142 ], [ 30.218285, -21.553863 ], [ 30.221321, -21.55351 ], [ 30.230755, -21.544009 ], [ 30.235746, -21.545517 ], [ 30.240522, -21.549719 ], [ 30.243034, -21.558845 ], [ 30.241676, -21.570784 ], [ 30.239675, -21.575827 ], [ 30.230362, -21.584899 ], [ 30.229241, -21.588033 ], [ 30.230284, -21.591621 ], [ 30.233402, -21.594378 ], [ 30.250539, -21.593739 ], [ 30.257215, -21.591539 ], [ 30.263906, -21.591587 ], [ 30.275704, -21.596928 ], [ 30.294981, -21.59532 ], [ 30.306049, -21.601397 ], [ 30.328153, -21.600201 ], [ 30.332088, -21.602275 ], [ 30.33827, -21.611078 ], [ 30.344984, -21.607212 ], [ 30.355921, -21.595585 ], [ 30.361092, -21.594861 ], [ 30.37222, -21.601031 ], [ 30.381185, -21.610838 ], [ 30.387773, -21.611078 ], [ 30.395232, -21.608818 ], [ 30.397754, -21.611097 ], [ 30.402167, -21.620395 ], [ 30.407532, -21.624556 ], [ 30.426928, -21.630511 ], [ 30.443351, -21.631205 ], [ 30.446364, -21.635729 ], [ 30.44609, -21.647026 ], [ 30.450215, -21.652568 ], [ 30.461917, -21.651051 ], [ 30.470395, -21.651566 ], [ 30.476186, -21.656033 ], [ 30.47827, -21.661492 ], [ 30.482521, -21.663216 ], [ 30.485704, -21.66231 ], [ 30.488695, -21.657393 ], [ 30.492088, -21.656485 ], [ 30.503231, -21.657983 ], [ 30.506536, -21.660479 ], [ 30.50845, -21.664791 ], [ 30.507595, -21.674148 ], [ 30.505318, -21.67771 ], [ 30.499956, -21.679593 ], [ 30.499235, -21.681777 ], [ 30.499451, -21.687096 ], [ 30.501913, -21.691425 ], [ 30.497862, -21.701078 ], [ 30.498222, -21.704967 ], [ 30.499838, -21.707974 ], [ 30.503763, -21.710258 ], [ 30.509205, -21.71168 ], [ 30.51847, -21.71148 ], [ 30.521834, -21.714192 ], [ 30.524329, -21.719818 ], [ 30.534108, -21.719929 ], [ 30.535277, -21.728313 ], [ 30.543109, -21.735997 ], [ 30.540839, -21.745 ], [ 30.544265, -21.747917 ], [ 30.553957, -21.745332 ], [ 30.557714, -21.738433 ], [ 30.559166, -21.73192 ], [ 30.562193, -21.729828 ], [ 30.571213, -21.737445 ], [ 30.576725, -21.735063 ], [ 30.582106, -21.735955 ], [ 30.587748, -21.744874 ], [ 30.58809, -21.751953 ], [ 30.590182, -21.754044 ], [ 30.596465, -21.7519 ], [ 30.599542, -21.743053 ], [ 30.60715, -21.745822 ], [ 30.619524, -21.76325 ], [ 30.631573, -21.759392 ], [ 30.639602, -21.750921 ], [ 30.644481, -21.74811 ], [ 30.648958, -21.748854 ], [ 30.650106, -21.750319 ], [ 30.648807, -21.753128 ], [ 30.643516, -21.756724 ], [ 30.637558, -21.763995 ], [ 30.634758, -21.768871 ], [ 30.635351, -21.771348 ], [ 30.64265, -21.774377 ], [ 30.653206, -21.781378 ], [ 30.658568, -21.77994 ], [ 30.665223, -21.781622 ], [ 30.669024, -21.797187 ], [ 30.66488, -21.808171 ], [ 30.665074, -21.811245 ], [ 30.666358, -21.813288 ], [ 30.672032, -21.814816 ], [ 30.674187, -21.817444 ], [ 30.66978, -21.823736 ], [ 30.670222, -21.829454 ], [ 30.672375, -21.831538 ], [ 30.682771, -21.830495 ], [ 30.685206, -21.83156 ], [ 30.692888, -21.839657 ], [ 30.702882, -21.847251 ], [ 30.710817, -21.850275 ], [ 30.715076, -21.855964 ], [ 30.714285, -21.858669 ], [ 30.710146, -21.861828 ], [ 30.712761, -21.872118 ], [ 30.716655, -21.87527 ], [ 30.727111, -21.874118 ], [ 30.730471, -21.875066 ], [ 30.727629, -21.890305 ], [ 30.738103, -21.891257 ], [ 30.750275, -21.90353 ], [ 30.757899, -21.904951 ], [ 30.761371, -21.907024 ], [ 30.761959, -21.909361 ], [ 30.760247, -21.913477 ], [ 30.7689, -21.918841 ], [ 30.771257, -21.922213 ], [ 30.769395, -21.924224 ], [ 30.763509, -21.925511 ], [ 30.756083, -21.929566 ], [ 30.75417, -21.93263 ], [ 30.756898, -21.941446 ], [ 30.761559, -21.949185 ], [ 30.767204, -21.95481 ], [ 30.772684, -21.956631 ], [ 30.783315, -21.964609 ], [ 30.798062, -21.964229 ], [ 30.806841, -21.969763 ], [ 30.808716, -21.974841 ], [ 30.801062, -21.975268 ], [ 30.796602, -21.980819 ], [ 30.797843, -21.985549 ], [ 30.802867, -21.991528 ], [ 30.801734, -21.996597 ], [ 30.803689, -21.999073 ], [ 30.832958, -21.997475 ], [ 30.857414, -22.016666 ], [ 30.859519, -22.03435 ], [ 30.8734, -22.041814 ], [ 30.886944, -22.081091 ], [ 30.889502, -22.084319 ], [ 30.899739, -22.083512 ], [ 30.917083, -22.073567 ], [ 30.927604, -22.072489 ], [ 30.931301, -22.073834 ], [ 30.935285, -22.086198 ], [ 30.931185, -22.105334 ], [ 30.944008, -22.112793 ] ] ] } },
{ "type": "Feature", "properties": { "admin_name": "Nkayi", "tiles": 25.0, "tests": 75.0, "devices": 31.0, "pop_weight": 3487.1051044464239, "area_km2": 8.3616766001254632, "d_mean_tile": 86.51436, "d_median_tile": 81.619, "d_mean_pop": 103.37995790220197, "d_median_pop": 102.4993254459682, "d_p10_pop": 45.33456826712635, "d_p90_pop": 157.88839552977765, "u_median_pop": 51.024156221095524, "lat_median_pop": 27.0, "pct_above_bb": 97.409748647245564, "pct_above_hi": 97.409748647245564, "divide_ratio": 3.4827373804344344, "pop_total": 124407.648265118, "pop_covered": 3487.1051044464239, "pop_coverage_pct": 2.802966821634032, "level": "ADM2" }, "geometry": { "type": "Polygon", "coordinates": [ [ [ 29.002814, -19.195616 ], [ 29.004716, -19.19226 ], [ 29.004234, -19.185746 ], [ 29.000964, -19.182331 ], [ 29.006135, -19.176139 ], [ 29.000761, -19.165461 ], [ 29.001118, -19.161622 ], [ 28.999462, -19.158189 ], [ 29.000873, -19.141302 ], [ 29.006052, -19.135877 ], [ 29.008398, -19.129716 ], [ 29.003108, -19.125939 ], [ 29.005834, -19.117856 ], [ 29.011008, -19.112048 ], [ 29.010952, -19.107447 ], [ 29.016571, -19.105085 ], [ 29.017345, -19.102392 ], [ 29.015699, -19.099726 ], [ 29.0148, -19.092067 ], [ 29.011166, -19.091723 ], [ 29.009529, -19.089823 ], [ 29.011087, -19.085205 ], [ 29.004098, -19.074161 ], [ 29.001781, -19.064762 ], [ 28.992444, -19.058336 ], [ 28.98665, -19.043291 ], [ 28.982661, -19.039738 ], [ 28.974734, -19.036703 ], [ 28.974969, -19.031383 ], [ 28.978322, -19.024096 ], [ 28.977649, -19.021008 ], [ 28.971639, -19.020998 ], [ 28.965092, -19.018689 ], [ 28.960243, -19.021242 ], [ 28.951065, -19.020109 ], [ 28.939499, -19.013325 ], [ 28.937664, -19.009895 ], [ 28.907573, -18.883497 ], [ 28.866923, -18.72333 ], [ 28.92295, -18.708858 ], [ 29.000837, -18.679875 ], [ 29.001866, -18.680533 ], [ 29.125466, -18.633378 ], [ 29.12905, -18.612924 ], [ 29.090307, -18.578616 ], [ 29.008614, -18.58047 ], [ 28.941389, -18.575411 ], [ 28.865683, -18.574738 ], [ 28.750592, -18.570653 ], [ 28.742276, -18.569946 ], [ 28.717199, -18.561592 ], [ 28.711635, -18.558505 ], [ 28.69264, -18.555783 ], [ 28.680698, -18.550658 ], [ 28.66283, -18.551864 ], [ 28.656652, -18.553671 ], [ 28.652009, -18.556754 ], [ 28.649532, -18.560694 ], [ 28.644713, -18.561863 ], [ 28.632449, -18.557781 ], [ 28.623702, -18.557443 ], [ 28.618836, -18.560456 ], [ 28.6135, -18.560926 ], [ 28.608586, -18.558846 ], [ 28.599722, -18.562741 ], [ 28.594827, -18.562782 ], [ 28.588563, -18.559015 ], [ 28.581912, -18.561618 ], [ 28.574773, -18.559555 ], [ 28.571619, -18.555337 ], [ 28.567193, -18.557921 ], [ 28.562286, -18.556688 ], [ 28.555171, -18.557171 ], [ 28.551634, -18.559747 ], [ 28.541494, -18.55842 ], [ 28.537374, -18.559545 ], [ 28.517201, -18.558897 ], [ 28.512145, -18.560091 ], [ 28.509968, -18.558969 ], [ 28.502589, -18.559843 ], [ 28.498536, -18.56221 ], [ 28.487844, -18.561128 ], [ 28.484617, -18.564788 ], [ 28.481609, -18.564505 ], [ 28.476034, -18.561111 ], [ 28.47285, -18.565467 ], [ 28.46517, -18.562822 ], [ 28.463886, -18.564397 ], [ 28.460437, -18.563207 ], [ 28.457988, -18.567736 ], [ 28.451092, -18.56273 ], [ 28.442446, -18.566428 ], [ 28.438409, -18.563943 ], [ 28.429476, -18.565718 ], [ 28.411426, -18.561348 ], [ 28.410833, -18.559505 ], [ 28.407526, -18.558359 ], [ 28.406496, -18.560686 ], [ 28.396267, -18.561117 ], [ 28.395012, -18.559858 ], [ 28.388935, -18.564278 ], [ 28.383548, -18.561491 ], [ 28.37802, -18.563578 ], [ 28.371642, -18.562576 ], [ 28.368165, -18.565013 ], [ 28.366872, -18.563294 ], [ 28.362397, -18.564931 ], [ 28.351351, -18.564313 ], [ 28.342703, -18.567835 ], [ 28.337322, -18.568299 ], [ 28.335907, -18.565997 ], [ 28.33328, -18.566312 ], [ 28.329607, -18.569787 ], [ 28.31412, -18.562976 ], [ 28.305169, -18.563325 ], [ 28.3, -18.565724 ], [ 28.293645, -18.564086 ], [ 28.289579, -18.56663 ], [ 28.29283, -18.593438 ], [ 28.305276, -18.659004 ], [ 28.316319, -18.667514 ], [ 28.314036, -18.675115 ], [ 28.305547, -18.679808 ], [ 28.306312, -18.685148 ], [ 28.323961, -18.714138 ], [ 28.320733, -18.729419 ], [ 28.327307, -18.74383 ], [ 28.326469, -18.750329 ], [ 28.322543, -18.753852 ], [ 28.322625, -18.759787 ], [ 28.321149, -18.762734 ], [ 28.323222, -18.773679 ], [ 28.31758, -18.786747 ], [ 28.318189, -18.789238 ], [ 28.315482, -18.789195 ], [ 28.313397, -18.792618 ], [ 28.307004, -18.795626 ], [ 28.299882, -18.796457 ], [ 28.304027, -18.81202 ], [ 28.309543, -18.822805 ], [ 28.315503, -19.010266 ], [ 28.314849, -19.047416 ], [ 28.317403, -19.049816 ], [ 28.325711, -19.048322 ], [ 28.331199, -19.05109 ], [ 28.353643, -19.054622 ], [ 28.36667, -19.060435 ], [ 28.381785, -19.060154 ], [ 28.386376, -19.063504 ], [ 28.395112, -19.065094 ], [ 28.402552, -19.069584 ], [ 28.421043, -19.072853 ], [ 28.435488, -19.079134 ], [ 28.436912, -19.158193 ], [ 28.521275, -19.172608 ], [ 28.64886, -19.227607 ], [ 28.705716, -19.247594 ], [ 28.834545, -19.296248 ], [ 28.914136, -19.249997 ], [ 29.002814, -19.195616 ] ] ] } },
{ "type": "Feature", "properties": { "admin_name": "Norton", "tiles": 33.0, "tests": 139.0, "devices": 77.0, "pop_weight": 64014.031036376953, "area_km2": 11.17649203184221, "d_mean_tile": 39.151818181818179, "d_median_tile": 38.064, "d_mean_pop": 35.693280287172698, "d_median_pop": 24.738122912977364, "d_p10_pop": 0.48152462464087209, "d_p90_pop": 70.67194990184862, "u_median_pop": 13.813536512738933, "lat_median_pop": 18.444876039725983, "pct_above_bb": 66.86871005219524, "pct_above_hi": 48.24599701700091, "divide_ratio": 146.76705257712783, "pop_total": 95497.869480133057, "pop_covered": 64014.031036376953, "pop_coverage_pct": 67.031894412779693, "level": "ADM2" }, "geometry": { "type": "Polygon", "coordinates": [ [ [ 30.747591, -17.864271 ], [ 30.741423, -17.855119 ], [ 30.73898, -17.855882 ], [ 30.738259, -17.86194 ], [ 30.736725, -17.863434 ], [ 30.731471, -17.852361 ], [ 30.720412, -17.856034 ], [ 30.71679, -17.854707 ], [ 30.715136, -17.857312 ], [ 30.715237, -17.869047 ], [ 30.712451, -17.874999 ], [ 30.710559, -17.864885 ], [ 30.70626, -17.859733 ], [ 30.706073, -17.85294 ], [ 30.700599, -17.846191 ], [ 30.693767, -17.846495 ], [ 30.689151, -17.84962 ], [ 30.685953, -17.852734 ], [ 30.685611, -17.857924 ], [ 30.682865, -17.853499 ], [ 30.680021, -17.852782 ], [ 30.6772, -17.854533 ], [ 30.676132, -17.850343 ], [ 30.673663, -17.847891 ], [ 30.672114, -17.84778 ], [ 30.66597, -17.853387 ], [ 30.667713, -17.845881 ], [ 30.646478, -17.860432 ], [ 30.624396, -17.896715 ], [ 30.636148, -17.91198 ], [ 30.659019, -17.928834 ], [ 30.699408, -17.892744 ], [ 30.716581, -17.893953 ], [ 30.747591, -17.864271 ] ] ] } },
{ "type": "Feature", "properties": { "admin_name": "Nyanga", "tiles": 7.0, "tests": 10.0, "devices": 7.0, "pop_weight": 2840.4903693199158, "area_km2": 2.3594544399491393, "d_mean_tile": 44.771285714285725, "d_median_tile": 8.936, "d_mean_pop": 46.623081250065503, "d_median_pop": 8.1047462447179228, "d_p10_pop": 4.6171204800249397, "d_p90_pop": 189.29535311059311, "u_median_pop": 2.0429823268211051, "lat_median_pop": 26.0, "pct_above_bb": 26.038915426998422, "pct_above_hi": 25.347697862406843, "divide_ratio": 40.998573446272864, "pop_total": 161603.17907552471, "pop_covered": 2840.4903693199158, "pop_coverage_pct": 1.7576946106935323, "level": "ADM2" }, "geometry": { "type": "Polygon", "coordinates": [ [ [ 32.445835, -18.399458 ], [ 32.482497, -18.386128 ], [ 32.492132, -18.436177 ], [ 32.555329, -18.437182 ], [ 32.582508, -18.418478 ], [ 32.601989, -18.444902 ], [ 32.577045, -18.471174 ], [ 32.590389, -18.493538 ], [ 32.611461, -18.510467 ], [ 32.634375, -18.532209 ], [ 32.638872, -18.527226 ], [ 32.644667, -18.528822 ], [ 32.643183, -18.52565 ], [ 32.648691, -18.520764 ], [ 32.651228, -18.548594 ], [ 32.659014, -18.548079 ], [ 32.67986, -18.569953 ], [ 32.695989, -18.562871 ], [ 32.697022, -18.574397 ], [ 32.704647, -18.576697 ], [ 32.729935, -18.537988 ], [ 32.744857, -18.500235 ], [ 32.750632, -18.495339 ], [ 32.766608, -18.499037 ], [ 32.801882, -18.511148 ], [ 32.816369, -18.456657 ], [ 32.811181, -18.415167 ], [ 32.911414, -18.372818 ], [ 32.907073, -18.359656 ], [ 32.897246, -18.339069 ], [ 32.880881, -18.31147 ], [ 32.904021, -18.303168 ], [ 32.924608, -18.33549 ], [ 32.942281, -18.329913 ], [ 32.949383, -18.304757 ], [ 32.953896, -18.297002 ], [ 32.972214, -18.276841 ], [ 32.975869, -18.263559 ], [ 32.973855, -18.256626 ], [ 32.962796, -18.252234 ], [ 32.964238, -18.248703 ], [ 32.977299, -18.231276 ], [ 32.989509, -18.23495 ], [ 32.989162, -18.194922 ], [ 33.009105, -18.195023 ], [ 33.010768, -18.187373 ], [ 33.009708, -18.174328 ], [ 33.003917, -18.170719 ], [ 33.001258, -18.166984 ], [ 33.001964, -18.165248 ], [ 32.99776, -18.161996 ], [ 32.999244, -18.158309 ], [ 32.998172, -18.155683 ], [ 32.99253, -18.157805 ], [ 32.991535, -18.155287 ], [ 32.986659, -18.156432 ], [ 32.982646, -18.153534 ], [ 32.979588, -18.146339 ], [ 32.982433, -18.142934 ], [ 32.978848, -18.142198 ], [ 32.97778, -18.13975 ], [ 32.974946, -18.13919 ], [ 32.976025, -18.136516 ], [ 32.972088, -18.13362 ], [ 32.973195, -18.129396 ], [ 32.975762, -18.129923 ], [ 32.975968, -18.126316 ], [ 32.978112, -18.125187 ], [ 32.975827, -18.114671 ], [ 32.97733, -18.113726 ], [ 32.980763, -18.114716 ], [ 32.981979, -18.10995 ], [ 32.975464, -18.11078 ], [ 32.974164, -18.107398 ], [ 32.97091, -18.105616 ], [ 32.972058, -18.10186 ], [ 32.967598, -18.093412 ], [ 32.967934, -18.092256 ], [ 32.970608, -18.092098 ], [ 32.970738, -18.088418 ], [ 32.967522, -18.086632 ], [ 32.965378, -18.087401 ], [ 32.964119, -18.084668 ], [ 32.959023, -18.082785 ], [ 32.959427, -18.080981 ], [ 32.962777, -18.080458 ], [ 32.964081, -18.078003 ], [ 32.960625, -18.073297 ], [ 32.959462, -18.067499 ], [ 32.957097, -18.068702 ], [ 32.954861, -18.066875 ], [ 32.957512, -18.062245 ], [ 32.956555, -18.05987 ], [ 32.953499, -18.059275 ], [ 32.947552, -18.050006 ], [ 32.952935, -18.048969 ], [ 32.952996, -18.053404 ], [ 32.959366, -18.049944 ], [ 32.957535, -18.04606 ], [ 32.95459, -18.045499 ], [ 32.952694, -18.043058 ], [ 32.952298, -18.039418 ], [ 32.947785, -18.037999 ], [ 32.950428, -18.025655 ], [ 32.944177, -18.025939 ], [ 32.940095, -18.030722 ], [ 32.93572, -18.029915 ], [ 32.937368, -18.028033 ], [ 32.936513, -18.023204 ], [ 32.939748, -18.022325 ], [ 32.94203, -18.018781 ], [ 32.940092, -18.016086 ], [ 32.937757, -18.015954 ], [ 32.938375, -18.012202 ], [ 32.94722, -18.004006 ], [ 32.9544, -18.000938 ], [ 32.955952, -17.997972 ], [ 32.951523, -17.989265 ], [ 32.945459, -17.990297 ], [ 32.943307, -17.98576 ], [ 32.937307, -17.983042 ], [ 32.945077, -17.977717 ], [ 32.946652, -17.97113 ], [ 32.945958, -17.967441 ], [ 32.952019, -17.959334 ], [ 32.957264, -17.959151 ], [ 32.964909, -17.962715 ], [ 32.96769, -17.961685 ], [ 32.969773, -17.956969 ], [ 32.968567, -17.951889 ], [ 32.972104, -17.947652 ], [ 32.97324, -17.943055 ], [ 32.971913, -17.938823 ], [ 32.975449, -17.938096 ], [ 32.972477, -17.933138 ], [ 32.975068, -17.930838 ], [ 32.972096, -17.9251 ], [ 32.973732, -17.916995 ], [ 32.975121, -17.915664 ], [ 32.981376, -17.917415 ], [ 32.983398, -17.916749 ], [ 32.977391, -17.907497 ], [ 32.969815, -17.91107 ], [ 32.95377, -17.910715 ], [ 32.955601, -17.909504 ], [ 32.955094, -17.900414 ], [ 32.952595, -17.89499 ], [ 32.954854, -17.893609 ], [ 32.949521, -17.887496 ], [ 32.952664, -17.885569 ], [ 32.951943, -17.878488 ], [ 32.954728, -17.874947 ], [ 32.953381, -17.871913 ], [ 32.957318, -17.873014 ], [ 32.961445, -17.870116 ], [ 32.96101, -17.861518 ], [ 32.964081, -17.857517 ], [ 32.965374, -17.850164 ], [ 32.9623, -17.847131 ], [ 32.967915, -17.842116 ], [ 32.96724, -17.833887 ], [ 32.963635, -17.824785 ], [ 32.96056, -17.821015 ], [ 32.963105, -17.819129 ], [ 32.960656, -17.811274 ], [ 32.964734, -17.808926 ], [ 32.966984, -17.80488 ], [ 32.970967, -17.80336 ], [ 32.974133, -17.796415 ], [ 32.976101, -17.797151 ], [ 32.976342, -17.799404 ], [ 32.977685, -17.79816 ], [ 32.98114, -17.799585 ], [ 32.984737, -17.794156 ], [ 32.987663, -17.794661 ], [ 32.990592, -17.797601 ], [ 32.994094, -17.797922 ], [ 32.995826, -17.801139 ], [ 33.004535, -17.800903 ], [ 33.005298, -17.795706 ], [ 33.008468, -17.797407 ], [ 33.013221, -17.803932 ], [ 33.015429, -17.803699 ], [ 33.019122, -17.799881 ], [ 33.013984, -17.795609 ], [ 33.013359, -17.791516 ], [ 33.014842, -17.787148 ], [ 33.011627, -17.783288 ], [ 33.017241, -17.78448 ], [ 33.021941, -17.781671 ], [ 33.02299, -17.776479 ], [ 33.022559, -17.775514 ], [ 33.019247, -17.776344 ], [ 33.019148, -17.768895 ], [ 33.017226, -17.763655 ], [ 33.021346, -17.759146 ], [ 33.030367, -17.758267 ], [ 33.028731, -17.752519 ], [ 33.029131, -17.74645 ], [ 33.02672, -17.744284 ], [ 33.024214, -17.749237 ], [ 33.016207, -17.750829 ], [ 33.015227, -17.743672 ], [ 33.010311, -17.745016 ], [ 33.005641, -17.741692 ], [ 33.005439, -17.739624 ], [ 33.009651, -17.734673 ], [ 33.006786, -17.731111 ], [ 33.010997, -17.725921 ], [ 33.01139, -17.715773 ], [ 33.021883, -17.722562 ], [ 33.027903, -17.720018 ], [ 33.025938, -17.712706 ], [ 33.023329, -17.711554 ], [ 33.022974, -17.708813 ], [ 33.016802, -17.708662 ], [ 33.015498, -17.707461 ], [ 33.017798, -17.701017 ], [ 33.015738, -17.696735 ], [ 33.016833, -17.685383 ], [ 33.018187, -17.683846 ], [ 33.023604, -17.683369 ], [ 33.022345, -17.680144 ], [ 33.018282, -17.677928 ], [ 33.01898, -17.674852 ], [ 33.023745, -17.671973 ], [ 33.020579, -17.667257 ], [ 33.021628, -17.661102 ], [ 33.02278, -17.659756 ], [ 33.025488, -17.660864 ], [ 33.031557, -17.656973 ], [ 33.031145, -17.646295 ], [ 33.035757, -17.644471 ], [ 33.038737, -17.637306 ], [ 33.046755, -17.632505 ], [ 33.043639, -17.625241 ], [ 33.045535, -17.616968 ], [ 33.044581, -17.614275 ], [ 33.046885, -17.611391 ], [ 33.046526, -17.60586 ], [ 33.047881, -17.604224 ], [ 33.053644, -17.603024 ], [ 33.043158, -17.594895 ], [ 33.039965, -17.585514 ], [ 33.019843, -17.56881 ], [ 33.009765, -17.566685 ], [ 33.006454, -17.563556 ], [ 32.999538, -17.566533 ], [ 32.996028, -17.566338 ], [ 32.989681, -17.559747 ], [ 32.983814, -17.557096 ], [ 32.982158, -17.554065 ], [ 32.981849, -17.542472 ], [ 32.969681, -17.5232 ], [ 32.96383, -17.497967 ], [ 32.964009, -17.486375 ], [ 32.966759, -17.477636 ], [ 32.969182, -17.475935 ], [ 32.974862, -17.476117 ], [ 32.992137, -17.451917 ], [ 32.994796, -17.450293 ], [ 32.999229, -17.45231 ], [ 33.001888, -17.450997 ], [ 32.999641, -17.440317 ], [ 33.008518, -17.427945 ], [ 33.009651, -17.424772 ], [ 33.008201, -17.421601 ], [ 33.011108, -17.417509 ], [ 33.005405, -17.397389 ], [ 33.005889, -17.395144 ], [ 33.012336, -17.39422 ], [ 33.013064, -17.392134 ], [ 33.016688, -17.391052 ], [ 33.016291, -17.384862 ], [ 33.020323, -17.381848 ], [ 33.020972, -17.375659 ], [ 33.028067, -17.368004 ], [ 33.029765, -17.361892 ], [ 33.040163, -17.352546 ], [ 33.050397, -17.346517 ], [ 33.05306, -17.342573 ], [ 33.00291, -17.308182 ], [ 32.998886, -17.304156 ], [ 32.994321, -17.245659 ], [ 32.96278, -17.259562 ], [ 32.948529, -17.261867 ], [ 32.940721, -17.261318 ], [ 32.924821, -17.263216 ], [ 32.919694, -17.269945 ], [ 32.915807, -17.270868 ], [ 32.913862, -17.274438 ], [ 32.907541, -17.27658 ], [ 32.897479, -17.275139 ], [ 32.891722, -17.277699 ], [ 32.889571, -17.275807 ], [ 32.884883, -17.27567 ], [ 32.879866, -17.278607 ], [ 32.872336, -17.278142 ], [ 32.869556, -17.279444 ], [ 32.854877, -17.293039 ], [ 32.854057, -17.302787 ], [ 32.8484, -17.312681 ], [ 32.843483, -17.316696 ], [ 32.841304, -17.317621 ], [ 32.824807, -17.316839 ], [ 32.813821, -17.327092 ], [ 32.807095, -17.328858 ], [ 32.801282, -17.335185 ], [ 32.79297, -17.334716 ], [ 32.770921, -17.354747 ], [ 32.769716, -17.359202 ], [ 32.766203, -17.362688 ], [ 32.763217, -17.369165 ], [ 32.758593, -17.372007 ], [ 32.759383, -17.378354 ], [ 32.757369, -17.379743 ], [ 32.753543, -17.392132 ], [ 32.745475, -17.406812 ], [ 32.732589, -17.429219 ], [ 32.733397, -17.437577 ], [ 32.732322, -17.442099 ], [ 32.735049, -17.450335 ], [ 32.733798, -17.457828 ], [ 32.723846, -17.462409 ], [ 32.713138, -17.471987 ], [ 32.704574, -17.475281 ], [ 32.683038, -17.478349 ], [ 32.67434, -17.480892 ], [ 32.663715, -17.484818 ], [ 32.655962, -17.489583 ], [ 32.649875, -17.490634 ], [ 32.63935, -17.498578 ], [ 32.639343, -17.502294 ], [ 32.643201, -17.509732 ], [ 32.644847, -17.516636 ], [ 32.645381, -17.526193 ], [ 32.643696, -17.539461 ], [ 32.639243, -17.552724 ], [ 32.635359, -17.558025 ], [ 32.62927, -17.559076 ], [ 32.627589, -17.569689 ], [ 32.624822, -17.569684 ], [ 32.62151, -17.565431 ], [ 32.612112, -17.561166 ], [ 32.610446, -17.564348 ], [ 32.603797, -17.568051 ], [ 32.602681, -17.572295 ], [ 32.59382, -17.575462 ], [ 32.589389, -17.585825 ], [ 32.587883, -17.587494 ], [ 32.582829, -17.588562 ], [ 32.579363, -17.605914 ], [ 32.580601, -17.621753 ], [ 32.579937, -17.625636 ], [ 32.577679, -17.628468 ], [ 32.578072, -17.633734 ], [ 32.555241, -17.641054 ], [ 32.550607, -17.644378 ], [ 32.540681, -17.646022 ], [ 32.539628, -17.647439 ], [ 32.540834, -17.66961 ], [ 32.544168, -17.689059 ], [ 32.549768, -17.697749 ], [ 32.54878, -17.703454 ], [ 32.54453, -17.708954 ], [ 32.539662, -17.719255 ], [ 32.54157, -17.728511 ], [ 32.538285, -17.73946 ], [ 32.543954, -17.74682 ], [ 32.551755, -17.75119 ], [ 32.554398, -17.754362 ], [ 32.551313, -17.761012 ], [ 32.553773, -17.768301 ], [ 32.54876, -17.777418 ], [ 32.549546, -17.783255 ], [ 32.547277, -17.786383 ], [ 32.553071, -17.796117 ], [ 32.5564, -17.796899 ], [ 32.560032, -17.801292 ], [ 32.557671, -17.804655 ], [ 32.558121, -17.809231 ], [ 32.56506, -17.811192 ], [ 32.56488, -17.818654 ], [ 32.569035, -17.818167 ], [ 32.569157, -17.820004 ], [ 32.563625, -17.826292 ], [ 32.580238, -17.859212 ], [ 32.583317, -17.862855 ], [ 32.589211, -17.865748 ], [ 32.58987, -17.87326 ], [ 32.59418, -17.880028 ], [ 32.593074, -17.886712 ], [ 32.595595, -17.891461 ], [ 32.596419, -17.906635 ], [ 32.59975, -17.910362 ], [ 32.594966, -17.918906 ], [ 32.599158, -17.925858 ], [ 32.60031, -17.934414 ], [ 32.606421, -17.950648 ], [ 32.595382, -17.96151 ], [ 32.588249, -17.963134 ], [ 32.585976, -17.966331 ], [ 32.584839, -17.975031 ], [ 32.586041, -17.97914 ], [ 32.583283, -17.982537 ], [ 32.580715, -17.982283 ], [ 32.579475, -17.983881 ], [ 32.575096, -17.996047 ], [ 32.573471, -18.008686 ], [ 32.570484, -18.01237 ], [ 32.574875, -18.018608 ], [ 32.564831, -18.030695 ], [ 32.563797, -18.044822 ], [ 32.562183, -18.0473 ], [ 32.557545, -18.049413 ], [ 32.557663, -18.057452 ], [ 32.553628, -18.058112 ], [ 32.555081, -18.061581 ], [ 32.551683, -18.066494 ], [ 32.54905, -18.067829 ], [ 32.547116, -18.071569 ], [ 32.53666, -18.077305 ], [ 32.535043, -18.081498 ], [ 32.5309, -18.081839 ], [ 32.530149, -18.084319 ], [ 32.525136, -18.08643 ], [ 32.521722, -18.091327 ], [ 32.512316, -18.094724 ], [ 32.508223, -18.098181 ], [ 32.496508, -18.101307 ], [ 32.492289, -18.104115 ], [ 32.490523, -18.107159 ], [ 32.486129, -18.108479 ], [ 32.484111, -18.116085 ], [ 32.481513, -18.117761 ], [ 32.481486, -18.121191 ], [ 32.477451, -18.122679 ], [ 32.475959, -18.129317 ], [ 32.468356, -18.138169 ], [ 32.4602, -18.15127 ], [ 32.44952, -18.152328 ], [ 32.444264, -18.156356 ], [ 32.439491, -18.15569 ], [ 32.436508, -18.157113 ], [ 32.43293, -18.162438 ], [ 32.419319, -18.175547 ], [ 32.414041, -18.177086 ], [ 32.409219, -18.181428 ], [ 32.404466, -18.183198 ], [ 32.400724, -18.188005 ], [ 32.393754, -18.192826 ], [ 32.38907, -18.193545 ], [ 32.384649, -18.198219 ], [ 32.383024, -18.205229 ], [ 32.379801, -18.209186 ], [ 32.380572, -18.213643 ], [ 32.383817, -18.214875 ], [ 32.387067, -18.222489 ], [ 32.402478, -18.239766 ], [ 32.401613, -18.242212 ], [ 32.406747, -18.25302 ], [ 32.410562, -18.268993 ], [ 32.412427, -18.27211 ], [ 32.418381, -18.276307 ], [ 32.420731, -18.292799 ], [ 32.45388, -18.319021 ], [ 32.424679, -18.336178 ], [ 32.409639, -18.384637 ], [ 32.440769, -18.373007 ], [ 32.445835, -18.399458 ] ] ] } },
{ "type": "Feature", "properties": { "admin_name": "Plumtree", "tiles": 5.0, "tests": 14.0, "devices": 6.0, "pop_weight": 8481.123291015625, "area_km2": 1.6405212082520408, "d_mean_tile": 78.3468, "d_median_tile": 14.503, "d_mean_pop": 118.28266486703971, "d_median_pop": 63.221099543387119, "d_p10_pop": 7.4993731758032496, "d_p90_pop": 282.152, "u_median_pop": 29.588018314346197, "lat_median_pop": 25.46257885311924, "pct_above_bb": 80.792782546925139, "pct_above_hi": 52.470627770812598, "divide_ratio": 37.623411101925726, "pop_total": 15984.778947660754, "pop_covered": 8481.123291015625, "pop_coverage_pct": 53.057495000622268, "level": "ADM2" }, "geometry": { "type": "Polygon", "coordinates": [ [ [ 27.723793, -20.512766 ], [ 27.780951, -20.528854 ], [ 27.773057, -20.554397 ], [ 27.785849, -20.563409 ], [ 27.81899, -20.593056 ], [ 27.843533, -20.561591 ], [ 27.867689, -20.525891 ], [ 27.905194, -20.515581 ], [ 27.928546, -20.488248 ], [ 27.864797, -20.493425 ], [ 27.870053, -20.477338 ], [ 27.866844, -20.45932 ], [ 27.831679, -20.422785 ], [ 27.827454, -20.428384 ], [ 27.798495, -20.448988 ], [ 27.791505, -20.451991 ], [ 27.774826, -20.471703 ], [ 27.731178, -20.465697 ], [ 27.727505, -20.512093 ], [ 27.723793, -20.512766 ] ] ] } },
{ "type": "Feature", "properties": { "admin_name": "Redcliff", "tiles": 9.0, "tests": 12.0, "devices": 9.0, "pop_weight": 10144.539139270782, "area_km2": 3.0082816700470936, "d_mean_tile": 47.864, "d_median_tile": 12.729, "d_mean_pop": 26.758753855033934, "d_median_pop": 14.597019642688911, "d_p10_pop": 8.3843599565368727, "d_p90_pop": 61.821293610511788, "u_median_pop": 4.8607674276299599, "lat_median_pop": 38.186840845014927, "pct_above_bb": 90.178016791493576, "pct_above_hi": 14.459010409569295, "divide_ratio": 7.3734064294690462, "pop_total": 45628.599397941172, "pop_covered": 9834.2084212303162, "pop_coverage_pct": 21.552729101901932, "level": "ADM2" }, "geometry": { "type": "Polygon", "coordinates": [ [ [ 29.752203, -18.953068 ], [ 29.728834, -18.947129 ], [ 29.729004, -18.957601 ], [ 29.731859, -18.959055 ], [ 29.728697, -18.977357 ], [ 29.731998, -18.986885 ], [ 29.740936, -18.994833 ], [ 29.741333, -18.999914 ], [ 29.699074, -19.008885 ], [ 29.703133, -19.034121 ], [ 29.695204, -19.035751 ], [ 29.699315, -19.060407 ], [ 29.74589, -19.054171 ], [ 29.750482, -19.075288 ], [ 29.780517, -19.063236 ], [ 29.783454, -19.048564 ], [ 29.790799, -19.051427 ], [ 29.788866, -19.055039 ], [ 29.791038, -19.058033 ], [ 29.800667, -19.062931 ], [ 29.803756, -19.057335 ], [ 29.816028, -19.061688 ], [ 29.830337, -19.060964 ], [ 29.841923, -19.024975 ], [ 29.81947, -19.014223 ], [ 29.8272, -19.000991 ], [ 29.828377, -18.994414 ], [ 29.791298, -18.996773 ], [ 29.780622, -18.978978 ], [ 29.7416, -18.977765 ], [ 29.752203, -18.953068 ] ] ] } },
{ "type": "Feature", "properties": { "admin_name": "Rusape", "tiles": 12.0, "tests": 43.0, "devices": 21.0, "pop_weight": 23644.226013183594, "area_km2": 4.0333700666761549, "d_mean_tile": 57.056916666666666, "d_median_tile": 46.9435, "d_mean_pop": 46.678903785730817, "d_median_pop": 43.909570856324329, "d_p10_pop": 7.6672794640339514, "d_p90_pop": 112.36058108452067, "u_median_pop": 3.6246429471707518, "lat_median_pop": 23.896243387799533, "pct_above_bb": 64.057540299642326, "pct_above_hi": 61.708647326081277, "divide_ratio": 14.654556627495733, "pop_total": 39811.487403869629, "pop_covered": 23644.226013183594, "pop_coverage_pct": 59.39046128400971, "level": "ADM2" }, "geometry": { "type": "Polygon", "coordinates": [ [ [ 32.125028, -18.518358 ], [ 32.118688, -18.521184 ], [ 32.113529, -18.526238 ], [ 32.112394, -18.539723 ], [ 32.10998, -18.542891 ], [ 32.105272, -18.544138 ], [ 32.10803, -18.548845 ], [ 32.109005, -18.555633 ], [ 32.123266, -18.556365 ], [ 32.129135, -18.552718 ], [ 32.130255, -18.549272 ], [ 32.162426, -18.561881 ], [ 32.134263, -18.509518 ], [ 32.131554, -18.509077 ], [ 32.126494, -18.512219 ], [ 32.125028, -18.518358 ] ] ] } },
{ "type": "Feature", "properties": { "admin_name": "Rushinga", "tiles": null, "tests": null, "devices": null, "pop_weight": null, "area_km2": null, "d_mean_tile": null, "d_median_tile": null, "d_mean_pop": null, "d_median_pop": null, "d_p10_pop": null, "d_p90_pop": null, "u_median_pop": null, "lat_median_pop": null, "pct_above_bb": null, "pct_above_hi": null, "divide_ratio": null, "pop_total": 85044.046846710015, "pop_covered": 0.0, "pop_coverage_pct": 0.0, "level": "ADM2" }, "geometry": { "type": "Polygon", "coordinates": [ [ [ 32.051589, -16.803509 ], [ 32.064341, -16.804869 ], [ 32.071803, -16.802791 ], [ 32.077117, -16.803127 ], [ 32.090151, -16.809769 ], [ 32.092619, -16.809816 ], [ 32.098432, -16.805567 ], [ 32.103693, -16.806087 ], [ 32.104337, -16.799802 ], [ 32.110124, -16.794457 ], [ 32.125023, -16.789343 ], [ 32.131081, -16.7891 ], [ 32.1377, -16.791114 ], [ 32.14535, -16.788599 ], [ 32.1535, -16.788803 ], [ 32.162948, -16.778614 ], [ 32.177116, -16.777323 ], [ 32.180755, -16.773667 ], [ 32.200491, -16.766881 ], [ 32.216109, -16.772404 ], [ 32.225889, -16.783314 ], [ 32.228067, -16.783914 ], [ 32.232152, -16.779051 ], [ 32.23435, -16.773576 ], [ 32.247896, -16.772181 ], [ 32.255559, -16.767041 ], [ 32.272332, -16.747302 ], [ 32.285069, -16.747946 ], [ 32.297447, -16.747021 ], [ 32.314372, -16.743264 ], [ 32.326694, -16.744435 ], [ 32.332728, -16.74227 ], [ 32.339354, -16.742785 ], [ 32.353068, -16.729408 ], [ 32.361117, -16.726372 ], [ 32.370885, -16.715937 ], [ 32.390043, -16.718846 ], [ 32.396875, -16.71264 ], [ 32.407967, -16.713199 ], [ 32.420376, -16.706193 ], [ 32.426399, -16.704917 ], [ 32.44131, -16.705287 ], [ 32.460174, -16.696944 ], [ 32.463424, -16.697115 ], [ 32.471145, -16.702296 ], [ 32.474215, -16.70238 ], [ 32.478357, -16.699461 ], [ 32.481947, -16.698891 ], [ 32.487284, -16.703844 ], [ 32.501112, -16.702 ], [ 32.509984, -16.704576 ], [ 32.5165, -16.708381 ], [ 32.527467, -16.719016 ], [ 32.53354, -16.721028 ], [ 32.545159, -16.72201 ], [ 32.550069, -16.727737 ], [ 32.561886, -16.729913 ], [ 32.575096, -16.739036 ], [ 32.58351, -16.741545 ], [ 32.593734, -16.74178 ], [ 32.630136, -16.731988 ], [ 32.643461, -16.72328 ], [ 32.649, -16.721821 ], [ 32.656453, -16.723006 ], [ 32.66219, -16.730045 ], [ 32.680097, -16.741299 ], [ 32.683358, -16.741677 ], [ 32.696735, -16.737812 ], [ 32.709068, -16.729044 ], [ 32.720196, -16.728357 ], [ 32.732837, -16.724122 ], [ 32.74816, -16.712966 ], [ 32.74858, -16.709947 ], [ 32.756797, -16.702185 ], [ 32.750445, -16.697815 ], [ 32.706337, -16.679588 ], [ 32.702328, -16.675137 ], [ 32.71273, -16.596684 ], [ 32.568825, -16.528453 ], [ 32.475695, -16.494293 ], [ 32.404804, -16.466348 ], [ 32.272679, -16.430895 ], [ 32.157272, -16.437157 ], [ 32.058848, -16.439285 ], [ 32.054534, -16.453223 ], [ 32.04798, -16.461165 ], [ 32.043434, -16.460742 ], [ 32.039596, -16.463316 ], [ 32.032772, -16.464675 ], [ 32.025619, -16.468128 ], [ 32.014244, -16.469961 ], [ 31.995883, -16.469448 ], [ 31.99311, -16.467165 ], [ 31.986739, -16.469795 ], [ 31.985816, -16.47299 ], [ 31.988192, -16.476662 ], [ 31.978524, -16.484887 ], [ 31.97647, -16.48866 ], [ 31.97774, -16.493875 ], [ 31.974152, -16.499118 ], [ 31.969936, -16.501973 ], [ 31.966841, -16.501929 ], [ 31.948662, -16.508313 ], [ 31.944328, -16.521276 ], [ 31.935897, -16.527095 ], [ 31.936454, -16.530413 ], [ 31.940962, -16.534791 ], [ 31.946144, -16.537432 ], [ 31.957147, -16.539478 ], [ 31.957712, -16.543142 ], [ 31.952375, -16.544067 ], [ 31.950836, -16.549385 ], [ 31.947859, -16.549337 ], [ 31.940983, -16.545587 ], [ 31.927997, -16.545191 ], [ 31.922421, -16.551061 ], [ 31.920512, -16.555928 ], [ 31.910552, -16.557645 ], [ 31.907416, -16.561046 ], [ 31.913865, -16.571802 ], [ 31.930036, -16.580741 ], [ 31.942695, -16.592287 ], [ 31.944725, -16.59247 ], [ 31.943613, -16.595827 ], [ 31.948435, -16.598244 ], [ 31.945295, -16.601417 ], [ 31.944536, -16.604535 ], [ 31.945867, -16.610362 ], [ 31.94808, -16.613184 ], [ 31.959217, -16.61569 ], [ 31.96315, -16.620768 ], [ 31.973446, -16.627887 ], [ 31.973434, -16.632365 ], [ 31.965044, -16.645077 ], [ 31.964832, -16.656095 ], [ 31.960134, -16.658843 ], [ 31.965509, -16.669403 ], [ 31.976115, -16.671 ], [ 31.978522, -16.676919 ], [ 31.992307, -16.670517 ], [ 31.999666, -16.664775 ], [ 32.011508, -16.65857 ], [ 32.015046, -16.671908 ], [ 32.027014, -16.667878 ], [ 32.033545, -16.741458 ], [ 32.035167, -16.742348 ], [ 32.036621, -16.747306 ], [ 32.033893, -16.752506 ], [ 32.03627, -16.761961 ], [ 32.04496, -16.772237 ], [ 32.044876, -16.774581 ], [ 32.042904, -16.775866 ], [ 32.043522, -16.777782 ], [ 32.044697, -16.778997 ], [ 32.047217, -16.776871 ], [ 32.050357, -16.782312 ], [ 32.048709, -16.785106 ], [ 32.051169, -16.786289 ], [ 32.051039, -16.792771 ], [ 32.046169, -16.798259 ], [ 32.047812, -16.801114 ], [ 32.050971, -16.801593 ], [ 32.051589, -16.803509 ] ] ] } },
{ "type": "Feature", "properties": { "admin_name": "Ruwa", "tiles": 44.0, "tests": 152.0, "devices": 83.0, "pop_weight": 78875.306193033844, "area_km2": 14.901662845341367, "d_mean_tile": 29.636954545454547, "d_median_tile": 15.8095, "d_mean_pop": 28.019513303091827, "d_median_pop": 18.040581559611304, "d_p10_pop": 0.50740723597389659, "d_p90_pop": 77.439662579029644, "u_median_pop": 9.9497013904435772, "lat_median_pop": 21.120522581761165, "pct_above_bb": 69.86042027800687, "pct_above_hi": 36.583400557724396, "divide_ratio": 152.61836467585081, "pop_total": 104816.42320251465, "pop_covered": 76899.212768554688, "pop_coverage_pct": 73.365614298799883, "level": "ADM2" }, "geometry": { "type": "Polygon", "coordinates": [ [ [ 31.191194, -17.910105 ], [ 31.209837, -17.916706 ], [ 31.211798, -17.913454 ], [ 31.221522, -17.917083 ], [ 31.219123, -17.920235 ], [ 31.223843, -17.92307 ], [ 31.239363, -17.916143 ], [ 31.241508, -17.911941 ], [ 31.239208, -17.911271 ], [ 31.24292, -17.899421 ], [ 31.251971, -17.897182 ], [ 31.252313, -17.899767 ], [ 31.263559, -17.912425 ], [ 31.267584, -17.909442 ], [ 31.258623, -17.899146 ], [ 31.26258, -17.894227 ], [ 31.251986, -17.891347 ], [ 31.258396, -17.881933 ], [ 31.261587, -17.862818 ], [ 31.255012, -17.862448 ], [ 31.255784, -17.854564 ], [ 31.220317, -17.850516 ], [ 31.196298, -17.859304 ], [ 31.195094, -17.861859 ], [ 31.215359, -17.879692 ], [ 31.208626, -17.879587 ], [ 31.21182, -17.886561 ], [ 31.203056, -17.886325 ], [ 31.200821, -17.888995 ], [ 31.197869, -17.889737 ], [ 31.19821, -17.896814 ], [ 31.192031, -17.903197 ], [ 31.192591, -17.906855 ], [ 31.191194, -17.910105 ] ] ] } },
{ "type": "Feature", "properties": { "admin_name": "Sanyati", "tiles": 5.0, "tests": 37.0, "devices": 6.0, "pop_weight": 2016.1408281326294, "area_km2": 1.6892088319482377, "d_mean_tile": 37.1864, "d_median_tile": 35.639, "d_mean_pop": 3.7082167242001702, "d_median_pop": 0.31164593187912004, "d_p10_pop": 0.281, "d_p90_pop": 6.1708838114059406, "u_median_pop": 0.42526399930309783, "lat_median_pop": 33.857260612500937, "pct_above_bb": 6.3780963671053996, "pct_above_hi": 6.3780963671053996, "divide_ratio": 21.96044060998555, "pop_total": 153467.2158007588, "pop_covered": 1939.1737947463989, "pop_coverage_pct": 1.263575275428181, "level": "ADM2" }, "geometry": { "type": "Polygon", "coordinates": [ [ [ 29.902955, -17.883196 ], [ 29.890196, -17.879624 ], [ 29.882044, -17.882517 ], [ 29.870771, -17.881798 ], [ 29.851004, -17.867762 ], [ 29.838246, -17.863806 ], [ 29.834849, -17.860386 ], [ 29.83404, -17.857145 ], [ 29.836203, -17.852361 ], [ 29.833215, -17.849139 ], [ 29.832188, -17.840942 ], [ 29.8294, -17.84038 ], [ 29.820261, -17.845372 ], [ 29.812927, -17.854935 ], [ 29.794426, -17.859386 ], [ 29.787852, -17.858646 ], [ 29.78505, -17.854459 ], [ 29.791181, -17.842614 ], [ 29.791174, -17.840134 ], [ 29.787181, -17.836906 ], [ 29.785176, -17.832908 ], [ 29.78556, -17.82833 ], [ 29.790697, -17.817252 ], [ 29.787506, -17.815544 ], [ 29.782142, -17.818616 ], [ 29.775773, -17.818637 ], [ 29.766602, -17.814852 ], [ 29.762631, -17.818299 ], [ 29.756112, -17.833769 ], [ 29.751949, -17.838163 ], [ 29.750162, -17.837076 ], [ 29.738687, -17.827931 ], [ 29.738447, -17.81069 ], [ 29.732058, -17.794255 ], [ 29.717577, -17.782755 ], [ 29.717031, -17.774989 ], [ 29.704802, -17.769271 ], [ 29.698411, -17.763925 ], [ 29.695394, -17.765183 ], [ 29.693303, -17.771494 ], [ 29.690473, -17.773383 ], [ 29.678705, -17.771184 ], [ 29.67165, -17.767733 ], [ 29.665566, -17.754175 ], [ 29.659922, -17.750998 ], [ 29.660164, -17.748358 ], [ 29.652872, -17.738448 ], [ 29.647968, -17.728408 ], [ 29.631534, -17.725094 ], [ 29.628287, -17.719376 ], [ 29.624311, -17.719246 ], [ 29.620997, -17.721404 ], [ 29.617417, -17.732707 ], [ 29.609464, -17.743882 ], [ 29.606415, -17.744261 ], [ 29.60191, -17.740828 ], [ 29.599789, -17.738539 ], [ 29.598599, -17.731296 ], [ 29.588923, -17.727478 ], [ 29.586142, -17.722266 ], [ 29.58654, -17.718455 ], [ 29.583492, -17.715784 ], [ 29.582169, -17.711082 ], [ 29.572628, -17.704595 ], [ 29.558582, -17.70585 ], [ 29.556064, -17.70407 ], [ 29.553283, -17.698349 ], [ 29.545999, -17.690338 ], [ 29.545608, -17.680173 ], [ 29.541635, -17.673562 ], [ 29.537662, -17.671271 ], [ 29.528122, -17.671387 ], [ 29.521235, -17.667185 ], [ 29.521103, -17.663882 ], [ 29.525482, -17.65615 ], [ 29.525618, -17.652339 ], [ 29.523499, -17.64916 ], [ 29.518997, -17.646359 ], [ 29.51635, -17.640892 ], [ 29.500616, -17.638842 ], [ 29.497318, -17.636801 ], [ 29.494037, -17.627315 ], [ 29.485713, -17.621025 ], [ 29.484138, -17.612099 ], [ 29.488639, -17.604726 ], [ 29.485364, -17.595587 ], [ 29.491533, -17.58622 ], [ 29.48644, -17.576987 ], [ 29.478923, -17.567562 ], [ 29.472568, -17.563223 ], [ 29.457169, -17.561663 ], [ 29.451805, -17.559053 ], [ 29.45258, -17.5537 ], [ 29.457741, -17.550387 ], [ 29.452299, -17.541969 ], [ 29.448181, -17.541786 ], [ 29.442902, -17.545449 ], [ 29.435349, -17.546468 ], [ 29.430001, -17.54502 ], [ 29.431013, -17.539198 ], [ 29.424881, -17.533346 ], [ 29.419109, -17.536199 ], [ 29.412261, -17.531167 ], [ 29.406478, -17.533325 ], [ 29.40306, -17.531274 ], [ 29.400962, -17.528277 ], [ 29.403482, -17.526505 ], [ 29.403459, -17.524764 ], [ 29.400148, -17.521664 ], [ 29.396776, -17.513803 ], [ 29.389518, -17.504023 ], [ 29.377745, -17.513448 ], [ 29.367422, -17.518095 ], [ 29.367245, -17.521767 ], [ 29.369879, -17.527054 ], [ 29.367255, -17.532238 ], [ 29.344852, -17.551982 ], [ 29.333419, -17.567554 ], [ 29.329547, -17.569598 ], [ 29.324371, -17.569726 ], [ 29.316144, -17.573989 ], [ 29.314253, -17.576659 ], [ 29.314986, -17.583477 ], [ 29.32084, -17.599347 ], [ 29.322069, -17.600612 ], [ 29.329919, -17.599309 ], [ 29.338298, -17.610851 ], [ 29.344251, -17.616457 ], [ 29.340417, -17.625762 ], [ 29.342464, -17.639391 ], [ 29.340204, -17.644631 ], [ 29.340522, -17.64626 ], [ 29.346298, -17.64919 ], [ 29.347417, -17.65166 ], [ 29.344715, -17.658502 ], [ 29.335586, -17.664292 ], [ 29.335157, -17.667124 ], [ 29.33856, -17.679519 ], [ 29.346166, -17.686106 ], [ 29.345895, -17.689549 ], [ 29.333927, -17.704048 ], [ 29.305396, -17.716363 ], [ 29.304087, -17.719185 ], [ 29.306729, -17.731645 ], [ 29.2988, -17.741652 ], [ 29.300562, -17.748218 ], [ 29.307225, -17.754037 ], [ 29.311793, -17.75473 ], [ 29.319886, -17.752204 ], [ 29.323306, -17.752626 ], [ 29.326911, -17.75477 ], [ 29.328691, -17.760374 ], [ 29.327285, -17.765593 ], [ 29.318976, -17.773874 ], [ 29.316401, -17.775581 ], [ 29.301005, -17.777044 ], [ 29.29777, -17.778574 ], [ 29.290495, -17.786692 ], [ 29.291628, -17.795832 ], [ 29.283433, -17.841103 ], [ 29.266706, -17.853338 ], [ 29.265256, -17.856466 ], [ 29.266735, -17.867406 ], [ 29.263849, -17.875264 ], [ 29.25999, -17.879248 ], [ 29.247803, -17.899188 ], [ 29.245431, -17.909922 ], [ 29.238175, -17.928187 ], [ 29.23166, -17.937622 ], [ 29.220074, -17.949186 ], [ 29.220977, -17.952641 ], [ 29.229247, -17.957003 ], [ 29.229251, -17.958273 ], [ 29.226754, -17.963219 ], [ 29.221891, -17.964215 ], [ 29.213056, -17.970725 ], [ 29.212772, -17.97595 ], [ 29.214845, -17.979617 ], [ 29.217382, -17.991615 ], [ 29.207903, -17.997575 ], [ 29.204818, -18.006857 ], [ 29.204822, -18.015929 ], [ 29.213041, -18.029833 ], [ 29.213466, -18.040314 ], [ 29.216961, -18.053213 ], [ 29.223287, -18.067923 ], [ 29.223573, -18.074377 ], [ 29.226428, -18.079981 ], [ 29.227511, -18.0876 ], [ 29.230292, -18.090386 ], [ 29.237994, -18.092809 ], [ 29.244403, -18.09926 ], [ 29.244893, -18.10901 ], [ 29.252282, -18.11798 ], [ 29.250598, -18.1275 ], [ 29.259112, -18.146668 ], [ 29.263391, -18.150528 ], [ 29.271175, -18.168176 ], [ 29.272838, -18.175745 ], [ 29.275388, -18.178156 ], [ 29.285158, -18.182064 ], [ 29.291582, -18.187617 ], [ 29.303807, -18.194896 ], [ 29.318282, -18.209828 ], [ 29.325894, -18.213403 ], [ 29.347562, -18.217138 ], [ 29.347782, -18.224997 ], [ 29.354747, -18.238731 ], [ 29.358837, -18.258025 ], [ 29.360795, -18.260413 ], [ 29.365852, -18.26203 ], [ 29.376698, -18.260437 ], [ 29.385586, -18.256457 ], [ 29.392752, -18.255455 ], [ 29.405636, -18.265333 ], [ 29.412681, -18.26868 ], [ 29.424121, -18.278391 ], [ 29.428438, -18.284068 ], [ 29.441793, -18.285197 ], [ 29.460707, -18.297708 ], [ 29.464884, -18.299078 ], [ 29.47136, -18.298791 ], [ 29.481447, -18.305102 ], [ 29.48562, -18.305096 ], [ 29.498973, -18.319648 ], [ 29.533152, -18.337018 ], [ 29.537943, -18.342487 ], [ 29.542803, -18.352415 ], [ 29.54784, -18.356395 ], [ 29.553294, -18.355939 ], [ 29.55845, -18.357785 ], [ 29.567527, -18.354126 ], [ 29.571263, -18.355273 ], [ 29.575236, -18.358643 ], [ 29.577539, -18.368793 ], [ 29.582839, -18.369383 ], [ 29.587342, -18.373308 ], [ 29.602404, -18.367295 ], [ 29.612333, -18.367743 ], [ 29.617891, -18.370323 ], [ 29.627254, -18.370495 ], [ 29.63799, -18.375351 ], [ 29.63791, -18.379435 ], [ 29.640735, -18.380847 ], [ 29.642029, -18.387679 ], [ 29.643455, -18.387704 ], [ 29.646412, -18.382309 ], [ 29.66207, -18.383947 ], [ 29.662043, -18.385308 ], [ 29.663469, -18.385333 ], [ 29.663312, -18.393501 ], [ 29.676145, -18.393726 ], [ 29.681823, -18.395188 ], [ 29.683223, -18.396574 ], [ 29.683118, -18.40202 ], [ 29.688744, -18.406203 ], [ 29.69017, -18.406228 ], [ 29.690248, -18.402144 ], [ 29.708787, -18.402466 ], [ 29.710135, -18.406575 ], [ 29.717162, -18.412145 ], [ 29.72004, -18.410833 ], [ 29.720066, -18.409471 ], [ 29.731501, -18.408306 ], [ 29.73858, -18.411152 ], [ 29.739955, -18.413899 ], [ 29.760286, -18.416669 ], [ 29.763655, -18.41887 ], [ 29.760425, -18.422865 ], [ 29.763916, -18.426706 ], [ 29.772361, -18.422913 ], [ 29.777604, -18.430195 ], [ 29.7856, -18.430273 ], [ 29.789571, -18.438335 ], [ 29.796521, -18.437312 ], [ 29.800216, -18.433977 ], [ 29.803819, -18.437173 ], [ 29.81426, -18.440007 ], [ 29.815201, -18.44299 ], [ 29.82214, -18.439532 ], [ 29.828941, -18.438469 ], [ 29.830146, -18.425893 ], [ 29.833578, -18.415259 ], [ 29.834057, -18.391377 ], [ 29.836241, -18.387053 ], [ 29.780343, -18.359401 ], [ 29.787278, -18.355614 ], [ 29.801975, -18.352348 ], [ 29.804746, -18.350124 ], [ 29.811533, -18.350651 ], [ 29.812797, -18.348324 ], [ 29.81547, -18.350082 ], [ 29.815348, -18.348535 ], [ 29.81859, -18.348301 ], [ 29.819901, -18.345293 ], [ 29.837519, -18.3356 ], [ 29.883919, -18.305811 ], [ 29.905951, -18.281362 ], [ 29.922524, -18.26618 ], [ 29.954939, -18.292857 ], [ 29.956002, -18.295776 ], [ 29.982871, -18.272405 ], [ 29.951381, -18.240282 ], [ 29.968778, -18.2249 ], [ 29.999547, -18.258076 ], [ 30.027362, -18.234943 ], [ 29.996431, -18.197576 ], [ 30.007676, -18.186545 ], [ 30.00577, -18.177386 ], [ 29.967744, -18.186098 ], [ 29.961496, -18.185196 ], [ 29.957393, -18.179121 ], [ 29.952913, -18.167304 ], [ 29.946422, -18.16537 ], [ 29.934106, -18.142446 ], [ 29.933844, -18.135096 ], [ 29.935872, -18.130268 ], [ 29.934415, -18.124989 ], [ 29.935599, -18.119246 ], [ 29.934272, -18.117183 ], [ 29.934619, -18.112702 ], [ 29.940717, -18.104765 ], [ 29.939027, -18.101095 ], [ 29.939125, -18.093859 ], [ 29.934777, -18.084339 ], [ 29.93524, -18.078253 ], [ 29.928734, -18.070344 ], [ 29.928485, -18.066325 ], [ 29.923917, -18.064269 ], [ 29.925343, -18.059454 ], [ 29.92413, -18.054865 ], [ 29.921851, -18.054868 ], [ 29.919196, -18.049938 ], [ 29.922038, -18.035922 ], [ 29.918761, -18.023067 ], [ 29.922118, -18.021452 ], [ 29.927954, -18.005823 ], [ 29.925666, -18.002382 ], [ 29.920977, -17.999408 ], [ 29.919184, -18.001937 ], [ 29.915688, -17.998296 ], [ 29.915921, -17.993355 ], [ 29.919116, -17.98881 ], [ 29.912423, -17.986247 ], [ 29.91072, -17.983421 ], [ 29.906127, -17.95705 ], [ 29.894073, -17.945936 ], [ 29.895235, -17.940748 ], [ 29.899018, -17.935553 ], [ 29.894233, -17.923429 ], [ 29.897168, -17.917427 ], [ 29.896794, -17.908524 ], [ 29.895096, -17.90667 ], [ 29.893491, -17.90708 ], [ 29.892198, -17.901013 ], [ 29.898596, -17.894836 ], [ 29.903666, -17.893924 ], [ 29.904971, -17.88929 ], [ 29.902764, -17.885675 ], [ 29.902955, -17.883196 ] ] ] } },
{ "type": "Feature", "properties": { "admin_name": "Seke", "tiles": 14.0, "tests": 31.0, "devices": 15.0, "pop_weight": 21419.372336864471, "area_km2": 4.7317251733573826, "d_mean_tile": 35.396428571428565, "d_median_tile": 7.0565, "d_mean_pop": 49.248356739735364, "d_median_pop": 43.129392755372415, "d_p10_pop": 0.4342584636884399, "d_p90_pop": 116.51850715060364, "u_median_pop": 5.1673373361960016, "lat_median_pop": 20.0, "pct_above_bb": 54.36235046150135, "pct_above_hi": 54.354650426603932, "divide_ratio": 268.31603041409045, "pop_total": 237650.16103574377, "pop_covered": 27159.653037548065, "pop_coverage_pct": 11.428417687233596, "level": "ADM2" }, "geometry": { "type": "Polygon", "coordinates": [ [ [ 30.765171, -18.506009 ], [ 30.766746, -18.532718 ], [ 30.766241, -18.570732 ], [ 30.703912, -18.63433 ], [ 30.705202, -18.636426 ], [ 30.709139, -18.634966 ], [ 30.708904, -18.637051 ], [ 30.706858, -18.638188 ], [ 30.706651, -18.643321 ], [ 30.743479, -18.686068 ], [ 30.792758, -18.682236 ], [ 30.791515, -18.672984 ], [ 30.774292, -18.676904 ], [ 30.772293, -18.655941 ], [ 30.745999, -18.660149 ], [ 30.747666, -18.642081 ], [ 30.754365, -18.643525 ], [ 30.758074, -18.635759 ], [ 30.761751, -18.634859 ], [ 30.766489, -18.630119 ], [ 30.770849, -18.63105 ], [ 30.7735, -18.627361 ], [ 30.784833, -18.620265 ], [ 30.794704, -18.619324 ], [ 30.796639, -18.620669 ], [ 30.798047, -18.618424 ], [ 30.800311, -18.61889 ], [ 30.802208, -18.615285 ], [ 30.807303, -18.613816 ], [ 30.810862, -18.608444 ], [ 30.8252, -18.611463 ], [ 30.830334, -18.614863 ], [ 30.837957, -18.609606 ], [ 30.838708, -18.607486 ], [ 30.837337, -18.604742 ], [ 30.843963, -18.602577 ], [ 30.845922, -18.595486 ], [ 30.855735, -18.594306 ], [ 30.85745, -18.591994 ], [ 30.856182, -18.590169 ], [ 30.856527, -18.586052 ], [ 30.859296, -18.588326 ], [ 30.864543, -18.585016 ], [ 30.868943, -18.584987 ], [ 30.869692, -18.578102 ], [ 30.871443, -18.577959 ], [ 30.880554, -18.590368 ], [ 30.888565, -18.584852 ], [ 30.875599, -18.56547 ], [ 30.879401, -18.559616 ], [ 30.915992, -18.556646 ], [ 30.951954, -18.524454 ], [ 30.97981, -18.542374 ], [ 31.025284, -18.537507 ], [ 31.015248, -18.454326 ], [ 31.007639, -18.437296 ], [ 31.038237, -18.430493 ], [ 31.05787, -18.450309 ], [ 31.054633, -18.460484 ], [ 31.057368, -18.460749 ], [ 31.092165, -18.448682 ], [ 31.13276, -18.450715 ], [ 31.157385, -18.446605 ], [ 31.200677, -18.45584 ], [ 31.222799, -18.435871 ], [ 31.219105, -18.429215 ], [ 31.22162, -18.418074 ], [ 31.209729, -18.408808 ], [ 31.195113, -18.414068 ], [ 31.179636, -18.414606 ], [ 31.176723, -18.408434 ], [ 31.1398, -18.416439 ], [ 31.127961, -18.408583 ], [ 31.122417, -18.396903 ], [ 31.101637, -18.383982 ], [ 31.10182, -18.380317 ], [ 31.098942, -18.377061 ], [ 31.099405, -18.369737 ], [ 31.097204, -18.358406 ], [ 31.093119, -18.351928 ], [ 31.087521, -18.347016 ], [ 31.064983, -18.336021 ], [ 31.058223, -18.334566 ], [ 31.048623, -18.336719 ], [ 31.034594, -18.334549 ], [ 31.025685, -18.324019 ], [ 31.019352, -18.325392 ], [ 31.014511, -18.330276 ], [ 31.011364, -18.330116 ], [ 30.99957, -18.320937 ], [ 31.067538, -18.261791 ], [ 31.074699, -18.231754 ], [ 31.083729, -18.203433 ], [ 31.094563, -18.18044 ], [ 31.089609, -18.158927 ], [ 31.155428, -18.150188 ], [ 31.1628, -18.159207 ], [ 31.163652, -18.169344 ], [ 31.168232, -18.174831 ], [ 31.189034, -18.183175 ], [ 31.198127, -18.182212 ], [ 31.206431, -18.17509 ], [ 31.214508, -18.174593 ], [ 31.216076, -18.170998 ], [ 31.221252, -18.170584 ], [ 31.221435, -18.166863 ], [ 31.223091, -18.1658 ], [ 31.236257, -18.162236 ], [ 31.242937, -18.162445 ], [ 31.247171, -18.157437 ], [ 31.251096, -18.155353 ], [ 31.261828, -18.154136 ], [ 31.278056, -18.169252 ], [ 31.28582, -18.170317 ], [ 31.293018, -18.176391 ], [ 31.300361, -18.175847 ], [ 31.306572, -18.185159 ], [ 31.31956, -18.18961 ], [ 31.324641, -18.202163 ], [ 31.33043, -18.20783 ], [ 31.337491, -18.209985 ], [ 31.346389, -18.209575 ], [ 31.357122, -18.203765 ], [ 31.37054, -18.204431 ], [ 31.364748, -18.214423 ], [ 31.362896, -18.232408 ], [ 31.399619, -18.235381 ], [ 31.403573, -18.225792 ], [ 31.396651, -18.223368 ], [ 31.396792, -18.213376 ], [ 31.409222, -18.212825 ], [ 31.396084, -18.176789 ], [ 31.403285, -18.168278 ], [ 31.406956, -18.166115 ], [ 31.393307, -18.158355 ], [ 31.384428, -18.157527 ], [ 31.371658, -18.149734 ], [ 31.363678, -18.150979 ], [ 31.357456, -18.148018 ], [ 31.352732, -18.144175 ], [ 31.349328, -18.136998 ], [ 31.342166, -18.131019 ], [ 31.337655, -18.132367 ], [ 31.331753, -18.130845 ], [ 31.326781, -18.131331 ], [ 31.319794, -18.12737 ], [ 31.306633, -18.124194 ], [ 31.30096, -18.116464 ], [ 31.29121, -18.108203 ], [ 31.287918, -18.110402 ], [ 31.280396, -18.11207 ], [ 31.270034, -18.102948 ], [ 31.26339, -18.102443 ], [ 31.259936, -18.103633 ], [ 31.258229, -18.099467 ], [ 31.252782, -18.097936 ], [ 31.245626, -18.092439 ], [ 31.232811, -18.089861 ], [ 31.226997, -18.082553 ], [ 31.226847, -18.075921 ], [ 31.224893, -18.071674 ], [ 31.227331, -18.068826 ], [ 31.22641, -18.063028 ], [ 31.229235, -18.05957 ], [ 31.228779, -18.05643 ], [ 31.224058, -18.051907 ], [ 31.220096, -18.038955 ], [ 31.21694, -18.039396 ], [ 31.216354, -18.036375 ], [ 31.209126, -18.031216 ], [ 31.208816, -18.026871 ], [ 31.206803, -18.026604 ], [ 31.206471, -18.023587 ], [ 31.196479, -18.026227 ], [ 31.196681, -18.021166 ], [ 31.191327, -18.016996 ], [ 31.187438, -18.015979 ], [ 31.183473, -18.011707 ], [ 31.182904, -18.007722 ], [ 31.177974, -18.008861 ], [ 31.171869, -18.004439 ], [ 31.165022, -18.007361 ], [ 31.157042, -18.00207 ], [ 31.15617, -17.999775 ], [ 31.157835, -17.997229 ], [ 31.156658, -17.995825 ], [ 31.152334, -17.996781 ], [ 31.140486, -17.995789 ], [ 31.127234, -17.991676 ], [ 31.122912, -17.992933 ], [ 31.115622, -17.991522 ], [ 31.113525, -17.994466 ], [ 31.103217, -17.986676 ], [ 31.083809, -17.983756 ], [ 31.068003, -17.983351 ], [ 31.064928, -17.980096 ], [ 31.059245, -17.978302 ], [ 31.056401, -17.978075 ], [ 31.05611, -17.979294 ], [ 31.056825, -17.983805 ], [ 31.059827, -17.986759 ], [ 31.065853, -17.989246 ], [ 31.073586, -17.999825 ], [ 31.09654, -18.003454 ], [ 31.12711, -18.019736 ], [ 31.115885, -18.031106 ], [ 31.111753, -18.033424 ], [ 31.100183, -18.035204 ], [ 31.096293, -18.03486 ], [ 31.09432, -18.032582 ], [ 31.091183, -18.033528 ], [ 31.081913, -18.040946 ], [ 31.081092, -18.040144 ], [ 31.073393, -18.043853 ], [ 31.070927, -18.047553 ], [ 31.063902, -18.048032 ], [ 31.061445, -18.050878 ], [ 31.061967, -18.049845 ], [ 31.059086, -18.047676 ], [ 31.05949, -18.045726 ], [ 31.056056, -18.044592 ], [ 31.050116, -18.039281 ], [ 31.049802, -18.033054 ], [ 31.042225, -18.031447 ], [ 31.039759, -18.026606 ], [ 31.035652, -18.025376 ], [ 31.034038, -18.020343 ], [ 31.025257, -18.018117 ], [ 31.023055, -18.015285 ], [ 31.018372, -18.012897 ], [ 31.011771, -18.015455 ], [ 31.009567, -18.012807 ], [ 31.007123, -18.014553 ], [ 31.005426, -18.012215 ], [ 31.002753, -18.011638 ], [ 31.002631, -18.00547 ], [ 30.999245, -18.005801 ], [ 30.994458, -18.00089 ], [ 30.997575, -18.0011 ], [ 30.999959, -17.999413 ], [ 30.999655, -17.997672 ], [ 30.994989, -17.997624 ], [ 30.988065, -17.991103 ], [ 30.988628, -17.98714 ], [ 30.987358, -17.984894 ], [ 30.982907, -17.988817 ], [ 30.980324, -17.988046 ], [ 30.973956, -17.978305 ], [ 30.971105, -17.978276 ], [ 30.967785, -17.982666 ], [ 30.960543, -17.98135 ], [ 30.960321, -17.978123 ], [ 30.950998, -17.977529 ], [ 30.947658, -17.975013 ], [ 30.947183, -17.971287 ], [ 30.941738, -17.971478 ], [ 30.936581, -17.96919 ], [ 30.922175, -17.960107 ], [ 30.911555, -17.959745 ], [ 30.907616, -17.964167 ], [ 30.905543, -17.964145 ], [ 30.904276, -17.961651 ], [ 30.909005, -17.956245 ], [ 30.908239, -17.955245 ], [ 30.901735, -17.957407 ], [ 30.894512, -17.94903 ], [ 30.881993, -17.935346 ], [ 30.873307, -17.931642 ], [ 30.870713, -17.934655 ], [ 30.862816, -17.927694 ], [ 30.863652, -17.925327 ], [ 30.861822, -17.92379 ], [ 30.858006, -17.926793 ], [ 30.844716, -17.92442 ], [ 30.84724, -17.929029 ], [ 30.843919, -17.932025 ], [ 30.844161, -17.944491 ], [ 30.841066, -17.945112 ], [ 30.837448, -17.92971 ], [ 30.831251, -17.920913 ], [ 30.808514, -17.946945 ], [ 30.816554, -17.981195 ], [ 30.772319, -18.022181 ], [ 30.774658, -18.032358 ], [ 30.784263, -18.044238 ], [ 30.783277, -18.050992 ], [ 30.790667, -18.066723 ], [ 30.790413, -18.077178 ], [ 30.793084, -18.079461 ], [ 30.793524, -18.081952 ], [ 30.799317, -18.084741 ], [ 30.800129, -18.086664 ], [ 30.796996, -18.090498 ], [ 30.793797, -18.090631 ], [ 30.790221, -18.093111 ], [ 30.775182, -18.094038 ], [ 30.770206, -18.096825 ], [ 30.765129, -18.103995 ], [ 30.761405, -18.105477 ], [ 30.761713, -18.126016 ], [ 30.756555, -18.133961 ], [ 30.7562, -18.138815 ], [ 30.753662, -18.142008 ], [ 30.752532, -18.146343 ], [ 30.75476, -18.148458 ], [ 30.751498, -18.152963 ], [ 30.746554, -18.154321 ], [ 30.757356, -18.161337 ], [ 30.757417, -18.167919 ], [ 30.762647, -18.16761 ], [ 30.764808, -18.170343 ], [ 30.764579, -18.172263 ], [ 30.759729, -18.176871 ], [ 30.754293, -18.187431 ], [ 30.749365, -18.190634 ], [ 30.747691, -18.195242 ], [ 30.748864, -18.198756 ], [ 30.743634, -18.205192 ], [ 30.73664, -18.207887 ], [ 30.727728, -18.21714 ], [ 30.721835, -18.220379 ], [ 30.717485, -18.228282 ], [ 30.711605, -18.230094 ], [ 30.700729, -18.23641 ], [ 30.697904, -18.236552 ], [ 30.69696, -18.240904 ], [ 30.697261, -18.247007 ], [ 30.69955, -18.250213 ], [ 30.701154, -18.25813 ], [ 30.697877, -18.260839 ], [ 30.695344, -18.266676 ], [ 30.699023, -18.267111 ], [ 30.695686, -18.271765 ], [ 30.699267, -18.279631 ], [ 30.699164, -18.287453 ], [ 30.704859, -18.29026 ], [ 30.708886, -18.295393 ], [ 30.709151, -18.306349 ], [ 30.718133, -18.308412 ], [ 30.719694, -18.314298 ], [ 30.723369, -18.315124 ], [ 30.722084, -18.319412 ], [ 30.722857, -18.322941 ], [ 30.725303, -18.323753 ], [ 30.7273, -18.327688 ], [ 30.734235, -18.329727 ], [ 30.734204, -18.332073 ], [ 30.740342, -18.332537 ], [ 30.740296, -18.336057 ], [ 30.746347, -18.34317 ], [ 30.753744, -18.341301 ], [ 30.758218, -18.343701 ], [ 30.758542, -18.350355 ], [ 30.763886, -18.348853 ], [ 30.764649, -18.353165 ], [ 30.767066, -18.356322 ], [ 30.767016, -18.360233 ], [ 30.77274, -18.361083 ], [ 30.775946, -18.366597 ], [ 30.783302, -18.373729 ], [ 30.781528, -18.377766 ], [ 30.786987, -18.382604 ], [ 30.787145, -18.386019 ], [ 30.790533, -18.390141 ], [ 30.788116, -18.394181 ], [ 30.788818, -18.398555 ], [ 30.785764, -18.403454 ], [ 30.779338, -18.405937 ], [ 30.774348, -18.411489 ], [ 30.770887, -18.413069 ], [ 30.76968, -18.454171 ], [ 30.765171, -18.506009 ] ] ] } },
{ "type": "Feature", "properties": { "admin_name": "Shamva", "tiles": 8.0, "tests": 29.0, "devices": 13.0, "pop_weight": 5748.195995092392, "area_km2": 2.7274600462648531, "d_mean_tile": 9.285, "d_median_tile": 8.194, "d_mean_pop": 5.8209594006394143, "d_median_pop": 5.3863961129866507, "d_p10_pop": 2.1326014165595355, "d_p90_pop": 10.394565856906501, "u_median_pop": 0.54378215755290971, "lat_median_pop": 45.477188148171791, "pct_above_bb": 12.743600369563653, "pct_above_hi": 0.0, "divide_ratio": 4.8741249894111744, "pop_total": 183180.32532110662, "pop_covered": 5748.195995092392, "pop_coverage_pct": 3.1379985732725775, "level": "ADM2" }, "geometry": { "type": "Polygon", "coordinates": [ [ [ 31.508737, -17.500141 ], [ 31.510112, -17.496491 ], [ 31.513286, -17.494093 ], [ 31.513113, -17.489726 ], [ 31.52119, -17.486718 ], [ 31.526438, -17.481899 ], [ 31.527661, -17.472103 ], [ 31.531489, -17.468167 ], [ 31.540446, -17.469221 ], [ 31.541907, -17.467787 ], [ 31.552769, -17.46542 ], [ 31.563352, -17.464476 ], [ 31.563997, -17.460831 ], [ 31.569612, -17.458629 ], [ 31.571554, -17.458516 ], [ 31.573127, -17.460274 ], [ 31.584262, -17.459511 ], [ 31.585895, -17.451814 ], [ 31.588102, -17.45108 ], [ 31.590108, -17.454364 ], [ 31.592288, -17.451967 ], [ 31.596352, -17.452953 ], [ 31.602452, -17.447254 ], [ 31.604857, -17.447343 ], [ 31.60578, -17.443253 ], [ 31.610726, -17.441338 ], [ 31.61335, -17.432359 ], [ 31.617798, -17.433962 ], [ 31.62304, -17.432956 ], [ 31.613863, -17.416537 ], [ 31.622837, -17.411295 ], [ 31.626652, -17.405599 ], [ 31.633836, -17.400516 ], [ 31.635591, -17.392067 ], [ 31.640931, -17.386545 ], [ 31.644285, -17.385218 ], [ 31.649341, -17.385973 ], [ 31.656459, -17.374425 ], [ 31.662424, -17.373439 ], [ 31.667042, -17.368776 ], [ 31.672697, -17.36875 ], [ 31.680918, -17.362186 ], [ 31.682072, -17.358809 ], [ 31.688833, -17.350442 ], [ 31.689402, -17.346656 ], [ 31.692553, -17.341846 ], [ 31.696799, -17.340383 ], [ 31.700929, -17.335937 ], [ 31.703639, -17.330134 ], [ 31.708249, -17.32866 ], [ 31.715957, -17.321992 ], [ 31.721008, -17.315229 ], [ 31.737358, -17.302544 ], [ 31.743027, -17.295233 ], [ 31.751354, -17.288095 ], [ 31.754173, -17.280543 ], [ 31.75123, -17.272721 ], [ 31.748169, -17.269135 ], [ 31.749411, -17.258461 ], [ 31.743765, -17.247601 ], [ 31.741373, -17.236471 ], [ 31.722731, -17.216033 ], [ 31.728032, -17.202135 ], [ 31.733116, -17.197491 ], [ 31.74024, -17.195353 ], [ 31.744885, -17.195536 ], [ 31.749811, -17.198981 ], [ 31.757792, -17.198252 ], [ 31.761944, -17.195305 ], [ 31.762131, -17.189512 ], [ 31.764843, -17.186456 ], [ 31.772018, -17.184352 ], [ 31.77955, -17.185886 ], [ 31.782636, -17.185226 ], [ 31.788184, -17.178862 ], [ 31.798516, -17.177849 ], [ 31.803976, -17.172314 ], [ 31.811293, -17.16799 ], [ 31.84805, -17.15103 ], [ 31.841002, -17.142813 ], [ 31.832537, -17.136249 ], [ 31.835068, -17.131351 ], [ 31.833412, -17.123142 ], [ 31.838977, -17.118288 ], [ 31.849118, -17.103174 ], [ 31.855144, -17.089492 ], [ 31.853339, -17.085984 ], [ 31.853812, -17.082229 ], [ 31.866878, -17.070726 ], [ 31.87111, -17.068947 ], [ 31.875263, -17.069982 ], [ 31.880884, -17.064349 ], [ 31.886524, -17.061396 ], [ 31.896887, -17.052711 ], [ 31.909919, -17.038256 ], [ 31.91071, -17.032361 ], [ 31.906351, -17.022413 ], [ 31.903929, -17.020864 ], [ 31.894512, -17.020662 ], [ 31.891941, -17.018478 ], [ 31.891649, -17.015778 ], [ 31.896128, -17.010665 ], [ 31.894817, -17.000862 ], [ 31.900059, -17.000362 ], [ 31.907655, -17.002077 ], [ 31.912742, -17.001001 ], [ 31.912244, -16.988244 ], [ 31.914901, -16.977876 ], [ 31.909623, -16.972688 ], [ 31.924516, -16.965123 ], [ 31.931817, -16.96374 ], [ 31.938373, -16.960469 ], [ 31.942472, -16.956643 ], [ 31.940986, -16.953417 ], [ 31.944736, -16.946105 ], [ 31.944153, -16.938694 ], [ 31.95129, -16.920984 ], [ 31.954286, -16.917079 ], [ 31.960691, -16.916066 ], [ 31.973413, -16.922212 ], [ 31.980801, -16.921171 ], [ 31.992472, -16.913525 ], [ 31.999207, -16.911268 ], [ 32.004784, -16.905197 ], [ 32.003754, -16.901235 ], [ 32.009518, -16.891853 ], [ 32.009827, -16.8883 ], [ 32.0085, -16.884619 ], [ 32.004147, -16.879967 ], [ 32.003045, -16.862648 ], [ 32.000695, -16.856043 ], [ 32.003312, -16.847882 ], [ 32.007626, -16.842971 ], [ 32.002843, -16.840461 ], [ 32.000203, -16.836794 ], [ 31.998065, -16.8379 ], [ 31.994471, -16.835747 ], [ 31.979892, -16.833961 ], [ 31.971697, -16.838617 ], [ 31.96454, -16.835602 ], [ 31.962524, -16.833071 ], [ 31.957033, -16.833311 ], [ 31.941887, -16.828241 ], [ 31.928237, -16.829489 ], [ 31.922923, -16.826902 ], [ 31.919057, -16.828636 ], [ 31.918157, -16.826772 ], [ 31.913251, -16.82594 ], [ 31.905391, -16.829294 ], [ 31.901112, -16.823859 ], [ 31.896805, -16.827721 ], [ 31.894249, -16.828131 ], [ 31.891001, -16.825025 ], [ 31.887476, -16.825808 ], [ 31.884264, -16.824233 ], [ 31.883142, -16.828495 ], [ 31.881075, -16.828894 ], [ 31.879694, -16.827276 ], [ 31.880274, -16.820792 ], [ 31.873785, -16.818583 ], [ 31.871111, -16.819114 ], [ 31.871614, -16.824984 ], [ 31.867946, -16.824714 ], [ 31.865062, -16.821601 ], [ 31.859054, -16.820556 ], [ 31.858804, -16.825549 ], [ 31.842069, -16.830744 ], [ 31.839011, -16.830576 ], [ 31.838729, -16.83411 ], [ 31.829023, -16.831736 ], [ 31.824873, -16.826532 ], [ 31.82353, -16.826563 ], [ 31.809544, -16.839692 ], [ 31.808888, -16.843001 ], [ 31.804321, -16.840983 ], [ 31.80138, -16.84587 ], [ 31.7956, -16.844113 ], [ 31.795985, -16.850223 ], [ 31.791785, -16.848197 ], [ 31.789476, -16.848718 ], [ 31.780845, -16.861141 ], [ 31.775863, -16.857014 ], [ 31.775573, -16.855021 ], [ 31.777612, -16.853329 ], [ 31.776618, -16.852644 ], [ 31.770516, -16.852894 ], [ 31.768027, -16.856241 ], [ 31.760096, -16.851235 ], [ 31.757532, -16.851291 ], [ 31.755572, -16.853333 ], [ 31.756459, -16.852721 ], [ 31.756449, -16.854207 ], [ 31.753834, -16.855137 ], [ 31.750288, -16.86039 ], [ 31.750569, -16.861912 ], [ 31.75589, -16.864974 ], [ 31.751616, -16.87036 ], [ 31.754536, -16.875121 ], [ 31.754217, -16.877247 ], [ 31.748629, -16.878014 ], [ 31.74589, -16.876824 ], [ 31.742144, -16.878039 ], [ 31.741156, -16.881241 ], [ 31.738316, -16.880846 ], [ 31.73708, -16.883486 ], [ 31.730515, -16.880106 ], [ 31.728825, -16.883549 ], [ 31.724035, -16.885468 ], [ 31.719083, -16.885574 ], [ 31.71609, -16.888817 ], [ 31.711913, -16.886635 ], [ 31.70712, -16.886965 ], [ 31.702192, -16.893317 ], [ 31.703145, -16.898975 ], [ 31.697242, -16.898647 ], [ 31.695852, -16.89981 ], [ 31.689226, -16.898816 ], [ 31.692428, -16.904881 ], [ 31.686083, -16.911148 ], [ 31.681696, -16.910105 ], [ 31.682934, -16.907467 ], [ 31.68207, -16.905783 ], [ 31.672943, -16.909041 ], [ 31.669947, -16.906946 ], [ 31.669317, -16.910366 ], [ 31.667561, -16.910971 ], [ 31.663189, -16.91061 ], [ 31.661234, -16.907585 ], [ 31.660933, -16.909975 ], [ 31.655832, -16.908608 ], [ 31.655057, -16.910895 ], [ 31.652679, -16.910036 ], [ 31.646241, -16.912216 ], [ 31.643737, -16.911019 ], [ 31.642397, -16.912918 ], [ 31.620001, -16.922905 ], [ 31.593067, -16.908706 ], [ 31.613016, -16.856039 ], [ 31.567596, -16.890006 ], [ 31.551019, -16.913968 ], [ 31.534872, -16.898174 ], [ 31.534304, -16.893756 ], [ 31.527272, -16.88493 ], [ 31.522522, -16.883436 ], [ 31.500659, -16.848351 ], [ 31.501142, -16.849729 ], [ 31.498794, -16.851062 ], [ 31.403053, -16.840362 ], [ 31.370363, -16.981247 ], [ 31.379477, -17.006812 ], [ 31.3517, -17.035874 ], [ 31.345823, -17.036217 ], [ 31.344387, -17.043421 ], [ 31.345722, -17.046718 ], [ 31.354101, -17.056126 ], [ 31.365244, -17.062533 ], [ 31.369905, -17.060866 ], [ 31.373022, -17.063521 ], [ 31.374818, -17.061435 ], [ 31.375476, -17.063937 ], [ 31.379817, -17.063056 ], [ 31.38185, -17.064783 ], [ 31.383252, -17.060983 ], [ 31.38572, -17.060084 ], [ 31.390336, -17.063277 ], [ 31.391587, -17.060923 ], [ 31.393365, -17.060807 ], [ 31.395102, -17.064766 ], [ 31.399186, -17.066509 ], [ 31.403851, -17.064446 ], [ 31.405486, -17.064987 ], [ 31.405852, -17.06959 ], [ 31.40762, -17.070526 ], [ 31.406647, -17.072225 ], [ 31.408814, -17.074217 ], [ 31.410186, -17.07357 ], [ 31.414541, -17.075579 ], [ 31.416835, -17.078492 ], [ 31.419162, -17.078116 ], [ 31.420641, -17.08089 ], [ 31.424053, -17.081181 ], [ 31.424699, -17.085261 ], [ 31.426748, -17.085278 ], [ 31.427263, -17.0887 ], [ 31.430141, -17.087806 ], [ 31.434396, -17.093098 ], [ 31.409514, -17.124432 ], [ 31.439315, -17.136935 ], [ 31.421825, -17.177444 ], [ 31.47448, -17.176698 ], [ 31.473477, -17.203732 ], [ 31.495374, -17.204671 ], [ 31.495067, -17.27183 ], [ 31.4936, -17.271337 ], [ 31.494143, -17.267417 ], [ 31.483368, -17.274203 ], [ 31.47469, -17.274137 ], [ 31.470576, -17.272296 ], [ 31.460639, -17.323941 ], [ 31.432079, -17.327042 ], [ 31.40874, -17.381257 ], [ 31.412497, -17.381423 ], [ 31.412604, -17.384768 ], [ 31.414693, -17.384651 ], [ 31.415969, -17.382256 ], [ 31.41875, -17.382547 ], [ 31.422205, -17.38525 ], [ 31.422365, -17.383114 ], [ 31.424867, -17.383402 ], [ 31.424545, -17.373372 ], [ 31.430727, -17.367409 ], [ 31.428527, -17.364315 ], [ 31.429418, -17.35844 ], [ 31.425246, -17.357444 ], [ 31.425258, -17.355973 ], [ 31.431398, -17.35455 ], [ 31.431419, -17.352097 ], [ 31.436019, -17.351643 ], [ 31.442105, -17.356595 ], [ 31.458945, -17.358197 ], [ 31.463014, -17.360191 ], [ 31.469653, -17.360241 ], [ 31.470065, -17.358383 ], [ 31.47353, -17.375125 ], [ 31.451758, -17.381091 ], [ 31.458359, -17.404811 ], [ 31.478177, -17.399764 ], [ 31.480332, -17.407804 ], [ 31.468726, -17.413176 ], [ 31.472521, -17.424304 ], [ 31.46604, -17.432405 ], [ 31.461178, -17.446269 ], [ 31.473223, -17.453857 ], [ 31.468981, -17.475883 ], [ 31.461146, -17.494668 ], [ 31.458518, -17.50914 ], [ 31.508737, -17.500141 ] ] ] } },
{ "type": "Feature", "properties": { "admin_name": "Shurugwi", "tiles": 7.0, "tests": 29.0, "devices": 7.0, "pop_weight": 1404.5625095367432, "area_km2": 2.3198217830636167, "d_mean_tile": 12.825571428571427, "d_median_tile": 6.87, "d_mean_pop": 5.1140080240846855, "d_median_pop": 1.7167532412069348, "d_p10_pop": 0.406, "d_p90_pop": 17.020815977199305, "u_median_pop": 0.96864841160536053, "lat_median_pop": 27.449636627195257, "pct_above_bb": 14.282612263767817, "pct_above_hi": 0.50134936431809152, "divide_ratio": 41.923192062067251, "pop_total": 109822.64752993769, "pop_covered": 1404.5625095367432, "pop_coverage_pct": 1.2789370326861396, "level": "ADM2" }, "geometry": { "type": "Polygon", "coordinates": [ [ [ 30.157772, -19.474689 ], [ 30.144388, -19.483088 ], [ 30.105771, -19.481546 ], [ 30.080283, -19.463714 ], [ 30.043373, -19.457951 ], [ 30.033646, -19.485765 ], [ 30.017817, -19.514354 ], [ 29.994135, -19.506664 ], [ 29.953711, -19.526364 ], [ 29.937928, -19.547477 ], [ 29.906307, -19.547023 ], [ 29.855953, -19.550349 ], [ 29.828557, -19.610737 ], [ 29.832406, -19.636712 ], [ 29.816857, -19.672344 ], [ 29.821511, -19.685893 ], [ 29.810973, -19.688964 ], [ 29.808106, -19.692259 ], [ 29.812442, -19.699564 ], [ 29.816966, -19.699947 ], [ 29.816203, -19.701105 ], [ 29.819003, -19.705314 ], [ 29.818555, -19.708888 ], [ 29.815236, -19.711369 ], [ 29.813521, -19.720341 ], [ 29.826009, -19.722242 ], [ 29.833144, -19.721701 ], [ 29.834601, -19.722647 ], [ 29.833873, -19.725725 ], [ 29.83729, -19.736243 ], [ 29.847002, -19.7371 ], [ 29.85173, -19.745832 ], [ 29.859526, -19.749521 ], [ 29.854116, -19.756126 ], [ 29.85524, -19.76263 ], [ 29.851768, -19.764812 ], [ 29.853832, -19.774202 ], [ 29.850105, -19.776465 ], [ 29.84742, -19.786111 ], [ 29.843695, -19.788936 ], [ 29.84201, -19.793279 ], [ 29.8421, -19.794965 ], [ 29.845833, -19.794952 ], [ 29.84424, -19.801857 ], [ 29.845949, -19.805466 ], [ 29.845375, -19.812455 ], [ 29.841493, -19.8201 ], [ 29.841093, -19.828373 ], [ 29.83772, -19.835936 ], [ 29.841801, -19.838733 ], [ 29.840456, -19.843236 ], [ 29.843864, -19.848043 ], [ 29.841244, -19.851908 ], [ 29.839485, -19.860348 ], [ 29.835168, -19.864296 ], [ 29.840698, -19.868081 ], [ 29.839416, -19.87001 ], [ 29.836215, -19.869853 ], [ 29.837043, -19.887478 ], [ 29.843952, -19.889876 ], [ 29.841133, -19.893827 ], [ 29.841245, -19.896007 ], [ 29.84462, -19.894779 ], [ 29.848034, -19.89574 ], [ 29.786802, -19.923435 ], [ 29.797666, -19.944948 ], [ 29.798162, -19.952602 ], [ 29.801413, -19.954088 ], [ 29.800426, -20.003239 ], [ 29.809443, -20.000087 ], [ 29.875599, -20.005699 ], [ 29.873445, -20.061432 ], [ 29.901891, -20.071815 ], [ 29.938444, -20.007732 ], [ 29.977132, -20.000593 ], [ 29.985868, -19.973545 ], [ 30.033333, -19.939404 ], [ 30.047448, -19.934838 ], [ 30.078002, -19.943209 ], [ 30.091897, -19.943919 ], [ 30.143341, -19.958595 ], [ 30.144697, -19.96038 ], [ 30.144222, -19.96474 ], [ 30.142515, -19.968606 ], [ 30.138805, -19.970439 ], [ 30.138008, -19.974554 ], [ 30.144382, -19.986967 ], [ 30.139095, -19.992177 ], [ 30.142454, -19.99978 ], [ 30.142488, -20.005896 ], [ 30.139049, -20.010368 ], [ 30.14664, -20.015992 ], [ 30.144231, -20.019864 ], [ 30.145151, -20.024084 ], [ 30.219817, -20.016817 ], [ 30.223802, -20.012546 ], [ 30.240519, -20.008055 ], [ 30.322098, -19.999551 ], [ 30.334174, -19.992814 ], [ 30.354812, -19.997409 ], [ 30.431004, -19.990106 ], [ 30.43139, -19.986104 ], [ 30.427941, -19.984961 ], [ 30.433311, -19.962152 ], [ 30.432515, -19.961164 ], [ 30.425752, -19.962856 ], [ 30.422748, -19.961189 ], [ 30.426314, -19.952073 ], [ 30.425418, -19.943343 ], [ 30.4274, -19.941043 ], [ 30.428826, -19.942374 ], [ 30.430738, -19.93749 ], [ 30.442883, -19.939833 ], [ 30.450392, -19.929767 ], [ 30.452929, -19.932428 ], [ 30.454924, -19.932363 ], [ 30.456226, -19.930765 ], [ 30.455816, -19.924309 ], [ 30.457008, -19.921866 ], [ 30.461559, -19.919001 ], [ 30.466373, -19.908636 ], [ 30.47049, -19.903738 ], [ 30.469578, -19.900814 ], [ 30.464495, -19.902195 ], [ 30.457674, -19.894896 ], [ 30.454472, -19.895169 ], [ 30.45488, -19.893078 ], [ 30.458645, -19.890963 ], [ 30.459454, -19.886139 ], [ 30.457296, -19.88541 ], [ 30.454367, -19.886975 ], [ 30.451151, -19.884912 ], [ 30.450771, -19.883077 ], [ 30.454409, -19.877288 ], [ 30.448216, -19.869436 ], [ 30.454775, -19.867525 ], [ 30.459044, -19.863148 ], [ 30.45536, -19.85794 ], [ 30.45586, -19.854051 ], [ 30.453852, -19.849916 ], [ 30.458975, -19.845673 ], [ 30.459693, -19.83979 ], [ 30.454823, -19.835425 ], [ 30.456221, -19.832096 ], [ 30.46032, -19.83193 ], [ 30.46759, -19.835209 ], [ 30.471162, -19.832197 ], [ 30.470546, -19.828914 ], [ 30.467299, -19.825544 ], [ 30.470498, -19.819831 ], [ 30.474492, -19.818422 ], [ 30.477519, -19.815275 ], [ 30.479964, -19.806744 ], [ 30.479915, -19.802753 ], [ 30.476617, -19.797294 ], [ 30.478162, -19.782549 ], [ 30.481212, -19.775126 ], [ 30.485431, -19.771981 ], [ 30.48853, -19.767201 ], [ 30.484435, -19.765403 ], [ 30.477965, -19.754124 ], [ 30.475753, -19.75429 ], [ 30.479135, -19.749352 ], [ 30.478728, -19.745009 ], [ 30.470471, -19.741643 ], [ 30.466516, -19.742091 ], [ 30.464781, -19.73779 ], [ 30.467007, -19.735313 ], [ 30.466496, -19.732883 ], [ 30.464304, -19.731733 ], [ 30.463026, -19.727657 ], [ 30.456291, -19.725113 ], [ 30.453493, -19.721507 ], [ 30.453133, -19.717847 ], [ 30.456549, -19.711282 ], [ 30.455608, -19.704321 ], [ 30.456745, -19.699724 ], [ 30.44956, -19.698499 ], [ 30.44696, -19.696704 ], [ 30.444412, -19.690892 ], [ 30.445251, -19.68863 ], [ 30.443197, -19.682016 ], [ 30.438597, -19.678352 ], [ 30.443701, -19.671594 ], [ 30.441715, -19.665991 ], [ 30.443565, -19.661212 ], [ 30.440973, -19.654373 ], [ 30.44095, -19.643847 ], [ 30.437817, -19.640528 ], [ 30.440296, -19.61509 ], [ 30.43609, -19.607975 ], [ 30.432531, -19.589232 ], [ 30.436291, -19.584048 ], [ 30.438629, -19.573612 ], [ 30.434454, -19.5713 ], [ 30.435896, -19.56119 ], [ 30.429449, -19.555372 ], [ 30.429228, -19.549649 ], [ 30.426105, -19.547504 ], [ 30.42819, -19.545465 ], [ 30.427253, -19.538503 ], [ 30.429813, -19.534252 ], [ 30.428175, -19.529606 ], [ 30.430145, -19.526854 ], [ 30.435799, -19.525389 ], [ 30.433985, -19.522948 ], [ 30.441549, -19.521291 ], [ 30.445032, -19.518284 ], [ 30.444533, -19.513039 ], [ 30.441393, -19.509412 ], [ 30.438786, -19.508823 ], [ 30.437684, -19.504948 ], [ 30.440074, -19.500847 ], [ 30.439294, -19.495048 ], [ 30.436466, -19.490046 ], [ 30.441583, -19.478816 ], [ 30.440833, -19.471087 ], [ 30.444475, -19.461215 ], [ 30.445164, -19.454333 ], [ 30.443776, -19.450179 ], [ 30.44757, -19.449129 ], [ 30.45054, -19.445036 ], [ 30.45304, -19.433769 ], [ 30.451076, -19.429331 ], [ 30.453766, -19.424409 ], [ 30.444113, -19.41533 ], [ 30.408107, -19.451177 ], [ 30.373121, -19.476955 ], [ 30.338094, -19.498497 ], [ 30.318191, -19.503449 ], [ 30.290595, -19.471999 ], [ 30.246376, -19.504175 ], [ 30.209234, -19.490605 ], [ 30.157772, -19.474689 ] ], [ [ 29.927685, -19.682609 ], [ 29.947581, -19.680876 ], [ 29.962071, -19.656453 ], [ 29.969753, -19.651592 ], [ 29.966397, -19.644067 ], [ 29.999961, -19.6124 ], [ 29.998377, -19.607033 ], [ 30.03173, -19.601315 ], [ 30.031226, -19.643531 ], [ 30.039372, -19.642456 ], [ 30.039487, -19.64855 ], [ 30.031571, -19.648684 ], [ 30.030995, -19.671978 ], [ 30.016038, -19.680899 ], [ 30.029992, -19.683594 ], [ 30.034395, -19.693954 ], [ 30.048097, -19.701617 ], [ 30.057226, -19.694611 ], [ 30.052465, -19.70851 ], [ 30.046798, -19.71115 ], [ 30.045732, -19.71634 ], [ 30.039733, -19.724447 ], [ 30.035304, -19.72666 ], [ 30.030366, -19.743121 ], [ 30.024962, -19.750523 ], [ 30.014462, -19.785052 ], [ 30.001838, -19.785499 ], [ 30.010147, -19.772932 ], [ 30.00812, -19.770504 ], [ 30.001245, -19.773668 ], [ 29.994134, -19.784104 ], [ 29.975273, -19.782192 ], [ 29.976316, -19.738336 ], [ 29.966693, -19.733454 ], [ 29.964505, -19.722235 ], [ 29.952235, -19.721499 ], [ 29.952093, -19.692759 ], [ 29.927724, -19.691519 ], [ 29.927685, -19.682609 ] ] ] } },
{ "type": "Feature", "properties": { "admin_name": "Shurugwi Town", "tiles": 1.0, "tests": 1.0, "devices": 1.0, "pop_weight": 570.7872314453125, "area_km2": 0.33151412037097605, "d_mean_tile": 47.082, "d_median_tile": 47.082, "d_mean_pop": 47.082, "d_median_pop": 47.082, "d_p10_pop": 47.082, "d_p90_pop": 47.082, "u_median_pop": 18.024, "lat_median_pop": 19.0, "pct_above_bb": 100.0, "pct_above_hi": 100.0, "divide_ratio": 1.0, "pop_total": 24942.269812928527, "pop_covered": 570.7872314453125, "pop_coverage_pct": 2.2884333932970757, "level": "ADM2" }, "geometry": { "type": "Polygon", "coordinates": [ [ [ 29.927685, -19.682609 ], [ 29.927724, -19.691519 ], [ 29.952093, -19.692759 ], [ 29.952235, -19.721499 ], [ 29.964505, -19.722235 ], [ 29.966693, -19.733454 ], [ 29.976316, -19.738336 ], [ 29.975273, -19.782192 ], [ 29.994134, -19.784104 ], [ 30.001245, -19.773668 ], [ 30.00812, -19.770504 ], [ 30.010147, -19.772932 ], [ 30.001838, -19.785499 ], [ 30.014462, -19.785052 ], [ 30.024962, -19.750523 ], [ 30.030366, -19.743121 ], [ 30.035304, -19.72666 ], [ 30.039733, -19.724447 ], [ 30.045732, -19.71634 ], [ 30.046798, -19.71115 ], [ 30.052465, -19.70851 ], [ 30.057226, -19.694611 ], [ 30.048097, -19.701617 ], [ 30.034395, -19.693954 ], [ 30.029992, -19.683594 ], [ 30.016038, -19.680899 ], [ 30.030995, -19.671978 ], [ 30.031571, -19.648684 ], [ 30.039487, -19.64855 ], [ 30.039372, -19.642456 ], [ 30.031226, -19.643531 ], [ 30.03173, -19.601315 ], [ 29.998377, -19.607033 ], [ 29.999961, -19.6124 ], [ 29.966397, -19.644067 ], [ 29.969753, -19.651592 ], [ 29.962071, -19.656453 ], [ 29.947581, -19.680876 ], [ 29.927685, -19.682609 ] ] ] } },
{ "type": "Feature", "properties": { "admin_name": "Tsholotsho", "tiles": 26.0, "tests": 124.0, "devices": 42.0, "pop_weight": 5683.4245567321777, "area_km2": 8.6170686040717754, "d_mean_tile": 88.262461538461523, "d_median_tile": 74.2375, "d_mean_pop": 112.20541100644253, "d_median_pop": 113.61673271001312, "d_p10_pop": 36.360718132749618, "d_p90_pop": 132.7793866096905, "u_median_pop": 42.037195635861735, "lat_median_pop": 26.0, "pct_above_bb": 97.974975826959067, "pct_above_hi": 96.611259530172049, "divide_ratio": 3.6517261877206399, "pop_total": 128124.54596319071, "pop_covered": 5683.4245567321777, "pop_coverage_pct": 4.4358592758369548, "level": "ADM2" }, "geometry": { "type": "Polygon", "coordinates": [ [ [ 28.134667, -20.086171 ], [ 28.131786, -20.075355 ], [ 28.127877, -20.068455 ], [ 28.10388, -20.050143 ], [ 28.086377, -20.041872 ], [ 28.051227, -19.997794 ], [ 28.041237, -19.990017 ], [ 28.035006, -19.981586 ], [ 28.033095, -19.980194 ], [ 28.025145, -19.980684 ], [ 28.023478, -19.976027 ], [ 28.008254, -19.971295 ], [ 28.004251, -19.974862 ], [ 27.992368, -19.964743 ], [ 27.991878, -19.961119 ], [ 27.995057, -19.956167 ], [ 27.993732, -19.95388 ], [ 27.988407, -19.952684 ], [ 27.981998, -19.954555 ], [ 27.975193, -19.947921 ], [ 27.97144, -19.949799 ], [ 27.967867, -19.947829 ], [ 27.968731, -19.937439 ], [ 27.958277, -19.926384 ], [ 27.959139, -19.91733 ], [ 27.954831, -19.911175 ], [ 27.95221, -19.897783 ], [ 27.9459, -19.892958 ], [ 27.934831, -19.893397 ], [ 27.931755, -19.892285 ], [ 27.923709, -19.884236 ], [ 27.923425, -19.869982 ], [ 27.921285, -19.863282 ], [ 27.908515, -19.850089 ], [ 27.908195, -19.84686 ], [ 27.914035, -19.842234 ], [ 27.913961, -19.839871 ], [ 27.90707, -19.83528 ], [ 27.905372, -19.821731 ], [ 27.901648, -19.816372 ], [ 27.902089, -19.809679 ], [ 27.900677, -19.808573 ], [ 27.893031, -19.809098 ], [ 27.887217, -19.806481 ], [ 27.882886, -19.808275 ], [ 27.878644, -19.807946 ], [ 27.869681, -19.802165 ], [ 27.864931, -19.804983 ], [ 27.857692, -19.80543 ], [ 27.856042, -19.801881 ], [ 27.858059, -19.796376 ], [ 27.852159, -19.795095 ], [ 27.852419, -19.792182 ], [ 27.855678, -19.788492 ], [ 27.853941, -19.786045 ], [ 27.848634, -19.781538 ], [ 27.84139, -19.783636 ], [ 27.839819, -19.781742 ], [ 27.841499, -19.777497 ], [ 27.840435, -19.773238 ], [ 27.828803, -19.770597 ], [ 27.826316, -19.768541 ], [ 27.825848, -19.760738 ], [ 27.828028, -19.756416 ], [ 27.827506, -19.75058 ], [ 27.825083, -19.749097 ], [ 27.818165, -19.748668 ], [ 27.813498, -19.744473 ], [ 27.807461, -19.732975 ], [ 27.80044, -19.73558 ], [ 27.798113, -19.730736 ], [ 27.792749, -19.729736 ], [ 27.785841, -19.721763 ], [ 27.785156, -19.717988 ], [ 27.787769, -19.711762 ], [ 27.777391, -19.70714 ], [ 27.778284, -19.695824 ], [ 27.774654, -19.693272 ], [ 27.773363, -19.689906 ], [ 27.765409, -19.686036 ], [ 27.761699, -19.681104 ], [ 27.772129, -19.664569 ], [ 27.775465, -19.645305 ], [ 27.778074, -19.640475 ], [ 27.778188, -19.628912 ], [ 27.779762, -19.622938 ], [ 27.782713, -19.619583 ], [ 27.790682, -19.615424 ], [ 27.792506, -19.612641 ], [ 27.791041, -19.609767 ], [ 27.777731, -19.604397 ], [ 27.774715, -19.599138 ], [ 27.775419, -19.594303 ], [ 27.784023, -19.579073 ], [ 27.780586, -19.569303 ], [ 27.782865, -19.557171 ], [ 27.781484, -19.555691 ], [ 27.775686, -19.556822 ], [ 27.772056, -19.555254 ], [ 27.768442, -19.548526 ], [ 27.761961, -19.545965 ], [ 27.759811, -19.54071 ], [ 27.759155, -19.527092 ], [ 27.764614, -19.523172 ], [ 27.774156, -19.511392 ], [ 27.779613, -19.508127 ], [ 27.773061, -19.500071 ], [ 27.769552, -19.494382 ], [ 27.758968, -19.497083 ], [ 27.755523, -19.496177 ], [ 27.749404, -19.487369 ], [ 27.739434, -19.484944 ], [ 27.73173, -19.4736 ], [ 27.723952, -19.472553 ], [ 27.721299, -19.470122 ], [ 27.72112, -19.461854 ], [ 27.724618, -19.454878 ], [ 27.723759, -19.451311 ], [ 27.715461, -19.44086 ], [ 27.715708, -19.432103 ], [ 27.717927, -19.429022 ], [ 27.722968, -19.430071 ], [ 27.726556, -19.429258 ], [ 27.727237, -19.426428 ], [ 27.715783, -19.421409 ], [ 27.714925, -19.417113 ], [ 27.71748, -19.410464 ], [ 27.717475, -19.40414 ], [ 27.721148, -19.403246 ], [ 27.727984, -19.405511 ], [ 27.72935, -19.403562 ], [ 27.727895, -19.400726 ], [ 27.706444, -19.391175 ], [ 27.699186, -19.39418 ], [ 27.693973, -19.392401 ], [ 27.693544, -19.390372 ], [ 27.702848, -19.380881 ], [ 27.699768, -19.376424 ], [ 27.693704, -19.377643 ], [ 27.690557, -19.383483 ], [ 27.686802, -19.385432 ], [ 27.68193, -19.384217 ], [ 27.679107, -19.378382 ], [ 27.675604, -19.375707 ], [ 27.66433, -19.377416 ], [ 27.662366, -19.375715 ], [ 27.662022, -19.373039 ], [ 27.665521, -19.367849 ], [ 27.664922, -19.365499 ], [ 27.658004, -19.364771 ], [ 27.654925, -19.360078 ], [ 27.655522, -19.357077 ], [ 27.656888, -19.356753 ], [ 27.666028, -19.357966 ], [ 27.669528, -19.355775 ], [ 27.670636, -19.352694 ], [ 27.668925, -19.349531 ], [ 27.664996, -19.347587 ], [ 27.658843, -19.340213 ], [ 27.661145, -19.33405 ], [ 27.663876, -19.333724 ], [ 27.665843, -19.337534 ], [ 27.672252, -19.341829 ], [ 27.675068, -19.342475 ], [ 27.677799, -19.340204 ], [ 27.678055, -19.337042 ], [ 27.675062, -19.333558 ], [ 27.668832, -19.335181 ], [ 27.667037, -19.334452 ], [ 27.668998, -19.327723 ], [ 27.674803, -19.328532 ], [ 27.677789, -19.3248 ], [ 27.676248, -19.319936 ], [ 27.671128, -19.323101 ], [ 27.669247, -19.318561 ], [ 27.670356, -19.315481 ], [ 27.674903, -19.313698 ], [ 27.682488, -19.3184 ], [ 27.684874, -19.315413 ], [ 27.682271, -19.310693 ], [ 27.682783, -19.300705 ], [ 27.684802, -19.298245 ], [ 27.689042, -19.297353 ], [ 27.686434, -19.291407 ], [ 27.688617, -19.284041 ], [ 27.695266, -19.285943 ], [ 27.700299, -19.278621 ], [ 27.701381, -19.274387 ], [ 27.701969, -19.269469 ], [ 27.697514, -19.259943 ], [ 27.697799, -19.255315 ], [ 27.703565, -19.2511 ], [ 27.707674, -19.250795 ], [ 27.710287, -19.256568 ], [ 27.722304, -19.254497 ], [ 27.728246, -19.25563 ], [ 27.738467, -19.260505 ], [ 27.741038, -19.25688 ], [ 27.741624, -19.251672 ], [ 27.734611, -19.249387 ], [ 27.732439, -19.240142 ], [ 27.724798, -19.233232 ], [ 27.723082, -19.223552 ], [ 27.71409, -19.220695 ], [ 27.713011, -19.217663 ], [ 27.715572, -19.211435 ], [ 27.713419, -19.206383 ], [ 27.706055, -19.201471 ], [ 27.702947, -19.186301 ], [ 27.70322, -19.178926 ], [ 27.69923, -19.170844 ], [ 27.702865, -19.166926 ], [ 27.702242, -19.163458 ], [ 27.696603, -19.161311 ], [ 27.696596, -19.159431 ], [ 27.704778, -19.151592 ], [ 27.704078, -19.130051 ], [ 27.696305, -19.126424 ], [ 27.697359, -19.123962 ], [ 27.69642, -19.117458 ], [ 27.683284, -19.104205 ], [ 27.683121, -19.101459 ], [ 27.686154, -19.099423 ], [ 27.692243, -19.100701 ], [ 27.694093, -19.106623 ], [ 27.696217, -19.105458 ], [ 27.698771, -19.097785 ], [ 27.701364, -19.099655 ], [ 27.703336, -19.098491 ], [ 27.70301, -19.093287 ], [ 27.708711, -19.091983 ], [ 27.587546, -19.094053 ], [ 27.468296, -19.098084 ], [ 27.466536, -19.098121 ], [ 27.445283, -19.125796 ], [ 27.447568, -19.131045 ], [ 27.445445, -19.134398 ], [ 27.445476, -19.141689 ], [ 27.442855, -19.146479 ], [ 27.444133, -19.151255 ], [ 27.449176, -19.154584 ], [ 27.452594, -19.160188 ], [ 27.456545, -19.172602 ], [ 27.456568, -19.177979 ], [ 27.454945, -19.180854 ], [ 27.455593, -19.185393 ], [ 27.459511, -19.19004 ], [ 27.459919, -19.197315 ], [ 27.45465, -19.200203 ], [ 27.453527, -19.202358 ], [ 27.454965, -19.214902 ], [ 27.453214, -19.217179 ], [ 27.449439, -19.216952 ], [ 27.440234, -19.21149 ], [ 27.418356, -19.213479 ], [ 27.40819, -19.219011 ], [ 27.398413, -19.227409 ], [ 27.390631, -19.22875 ], [ 27.374892, -19.224978 ], [ 27.358382, -19.216307 ], [ 27.35703, -19.224795 ], [ 27.353887, -19.225044 ], [ 27.349495, -19.228045 ], [ 27.341311, -19.225918 ], [ 27.32383, -19.226927 ], [ 27.321825, -19.229444 ], [ 27.309144, -19.236411 ], [ 27.306756, -19.236776 ], [ 27.306241, -19.233432 ], [ 27.302978, -19.235831 ], [ 27.299959, -19.23548 ], [ 27.29745, -19.238116 ], [ 27.291295, -19.240764 ], [ 27.280075, -19.250595 ], [ 27.278698, -19.252892 ], [ 27.279942, -19.254924 ], [ 27.278849, -19.262662 ], [ 27.272635, -19.26214 ], [ 27.267666, -19.263521 ], [ 27.242811, -19.281186 ], [ 27.243267, -19.283477 ], [ 27.233629, -19.293383 ], [ 27.233892, -19.301615 ], [ 27.231286, -19.308914 ], [ 27.234546, -19.312007 ], [ 27.234287, -19.313741 ], [ 27.230766, -19.314235 ], [ 27.225877, -19.317703 ], [ 27.211667, -19.319314 ], [ 27.204627, -19.323397 ], [ 27.19035, -19.318877 ], [ 27.180056, -19.317327 ], [ 27.165323, -19.317943 ], [ 27.15372, -19.314474 ], [ 27.141659, -19.316202 ], [ 27.134554, -19.314712 ], [ 27.132142, -19.317682 ], [ 27.126534, -19.3196 ], [ 27.119305, -19.319535 ], [ 27.112134, -19.317239 ], [ 27.109004, -19.319838 ], [ 27.106529, -19.318413 ], [ 27.101703, -19.318966 ], [ 27.098964, -19.321316 ], [ 27.088337, -19.324961 ], [ 27.074188, -19.324704 ], [ 27.067671, -19.322407 ], [ 27.06754, -19.324574 ], [ 27.065518, -19.326121 ], [ 27.061022, -19.322464 ], [ 27.030513, -19.328625 ], [ 27.017341, -19.329788 ], [ 27.008863, -19.332626 ], [ 26.999997, -19.331735 ], [ 26.991256, -19.327481 ], [ 26.99042, -19.329065 ], [ 26.993289, -19.332321 ], [ 26.983561, -19.333631 ], [ 26.977351, -19.336351 ], [ 26.965311, -19.333875 ], [ 26.959749, -19.337211 ], [ 26.949558, -19.338342 ], [ 26.946411, -19.336931 ], [ 26.942055, -19.338157 ], [ 26.939092, -19.336658 ], [ 26.934456, -19.34061 ], [ 26.928899, -19.340339 ], [ 26.924069, -19.348689 ], [ 26.908398, -19.36441 ], [ 26.908395, -19.36749 ], [ 26.895031, -19.381717 ], [ 26.894283, -19.385938 ], [ 26.887133, -19.395505 ], [ 26.88777, -19.402806 ], [ 26.883675, -19.413618 ], [ 26.875507, -19.42073 ], [ 26.87244, -19.425649 ], [ 26.872431, -19.431014 ], [ 26.868902, -19.434879 ], [ 26.871395, -19.440159 ], [ 26.870464, -19.443148 ], [ 26.872126, -19.447196 ], [ 26.863774, -19.452636 ], [ 26.863862, -19.455802 ], [ 26.847558, -19.499652 ], [ 26.848191, -19.503377 ], [ 26.82349, -19.568766 ], [ 26.823486, -19.571881 ], [ 26.808661, -19.606128 ], [ 26.806173, -19.624814 ], [ 26.785571, -19.671511 ], [ 26.778136, -19.698756 ], [ 26.758328, -19.75246 ], [ 26.743504, -19.766455 ], [ 26.744322, -19.769571 ], [ 26.718675, -19.856744 ], [ 26.698033, -19.887474 ], [ 26.703022, -19.890064 ], [ 26.733421, -19.883304 ], [ 26.749275, -19.861791 ], [ 26.754017, -19.860523 ], [ 26.756764, -19.858097 ], [ 26.781491, -19.85546 ], [ 26.788615, -19.850058 ], [ 26.79975, -19.84627 ], [ 26.805728, -19.841571 ], [ 26.815901, -19.83731 ], [ 26.84021, -19.831659 ], [ 26.852458, -19.826094 ], [ 26.861094, -19.820034 ], [ 26.884083, -19.819376 ], [ 26.896183, -19.815635 ], [ 26.899683, -19.816453 ], [ 26.904394, -19.813203 ], [ 26.914799, -19.813039 ], [ 26.924744, -19.810836 ], [ 26.947101, -19.813867 ], [ 26.953161, -19.810203 ], [ 26.965051, -19.808133 ], [ 26.975683, -19.808099 ], [ 26.982189, -19.814367 ], [ 26.995866, -19.817499 ], [ 27.001773, -19.814561 ], [ 27.02359, -19.810798 ], [ 27.037489, -19.811136 ], [ 27.049085, -19.808486 ], [ 27.064698, -19.814275 ], [ 27.075337, -19.80828 ], [ 27.094644, -19.804758 ], [ 27.108081, -19.805441 ], [ 27.12438, -19.797789 ], [ 27.136401, -19.79575 ], [ 27.159413, -19.804489 ], [ 27.164602, -19.805357 ], [ 27.17645, -19.803671 ], [ 27.181272, -19.80568 ], [ 27.183599, -19.812343 ], [ 27.190927, -19.813894 ], [ 27.194297, -19.816745 ], [ 27.204306, -19.815179 ], [ 27.211026, -19.811942 ], [ 27.220477, -19.81166 ], [ 27.2316, -19.813217 ], [ 27.241765, -19.818521 ], [ 27.265163, -19.822946 ], [ 27.267431, -19.822704 ], [ 27.268806, -19.820514 ], [ 27.271361, -19.812194 ], [ 27.289454, -19.804873 ], [ 27.29336, -19.802243 ], [ 27.297335, -19.795596 ], [ 27.305822, -19.793016 ], [ 27.338308, -19.800511 ], [ 27.346306, -19.799736 ], [ 27.353056, -19.796863 ], [ 27.356638, -19.797172 ], [ 27.362841, -19.802576 ], [ 27.370106, -19.803993 ], [ 27.377809, -19.799732 ], [ 27.385036, -19.799149 ], [ 27.397475, -19.80867 ], [ 27.406543, -19.81247 ], [ 27.409169, -19.816068 ], [ 27.423168, -19.822286 ], [ 27.431565, -19.831559 ], [ 27.438669, -19.834479 ], [ 27.447978, -19.845985 ], [ 27.461076, -19.845481 ], [ 27.476564, -19.851196 ], [ 27.503162, -19.856011 ], [ 27.517083, -19.854746 ], [ 27.525624, -19.859978 ], [ 27.52855, -19.864403 ], [ 27.538541, -19.870193 ], [ 27.540854, -19.881871 ], [ 27.54856, -19.888135 ], [ 27.558538, -19.889903 ], [ 27.564354, -19.896364 ], [ 27.565474, -19.90307 ], [ 27.564379, -19.916968 ], [ 27.566065, -19.926779 ], [ 27.573027, -19.938412 ], [ 27.575857, -19.954132 ], [ 27.586704, -19.96983 ], [ 27.590284, -19.979509 ], [ 27.594459, -19.980896 ], [ 27.609876, -19.998063 ], [ 27.622096, -20.002638 ], [ 27.634041, -20.011543 ], [ 27.644279, -20.01498 ], [ 27.648941, -20.020824 ], [ 27.652128, -20.032038 ], [ 27.661692, -20.042322 ], [ 27.682811, -20.050637 ], [ 27.689095, -20.061688 ], [ 27.695559, -20.065582 ], [ 27.699487, -20.071206 ], [ 27.709434, -20.074638 ], [ 27.71866, -20.082818 ], [ 27.726164, -20.086651 ], [ 27.728237, -20.092541 ], [ 27.731737, -20.097041 ], [ 27.736851, -20.096449 ], [ 27.740744, -20.098787 ], [ 27.746066, -20.105678 ], [ 27.746016, -20.109727 ], [ 27.752204, -20.113423 ], [ 27.753207, -20.12024 ], [ 27.75702, -20.124628 ], [ 27.75882, -20.134504 ], [ 27.766642, -20.130409 ], [ 27.780136, -20.144331 ], [ 27.785721, -20.147257 ], [ 27.793012, -20.146847 ], [ 27.795803, -20.148936 ], [ 27.805072, -20.151378 ], [ 27.81251, -20.171414 ], [ 27.816483, -20.172591 ], [ 27.818684, -20.174889 ], [ 27.823476, -20.173987 ], [ 27.830365, -20.175244 ], [ 27.837227, -20.171074 ], [ 27.848617, -20.178592 ], [ 27.853775, -20.17776 ], [ 27.857082, -20.180265 ], [ 27.86107, -20.176997 ], [ 27.864669, -20.179641 ], [ 27.86833, -20.186597 ], [ 27.880125, -20.183612 ], [ 27.883355, -20.186325 ], [ 27.886376, -20.186048 ], [ 27.890273, -20.188203 ], [ 27.897168, -20.184151 ], [ 27.944193, -20.058882 ], [ 27.992644, -20.122506 ], [ 28.033441, -20.102624 ], [ 28.091941, -20.097352 ], [ 28.134667, -20.086171 ] ] ] } },
{ "type": "Feature", "properties": { "admin_name": "Umguza", "tiles": 23.0, "tests": 121.0, "devices": 38.0, "pop_weight": 7205.1480315629315, "area_km2": 7.5971012594229519, "d_mean_tile": 40.246695652173912, "d_median_tile": 39.32, "d_mean_pop": 22.334491101356331, "d_median_pop": 21.097725137650215, "d_p10_pop": 0.41914230027738669, "d_p90_pop": 46.214268960358424, "u_median_pop": 1.9521947834588116, "lat_median_pop": 25.03331507570994, "pct_above_bb": 57.951452038727481, "pct_above_hi": 35.447897812278825, "divide_ratio": 110.25913855455296, "pop_total": 125179.99985381098, "pop_covered": 5307.4821685258221, "pop_coverage_pct": 4.2398803121297819, "level": "ADM2" }, "geometry": { "type": "Polygon", "coordinates": [ [ [ 27.939866, -19.407369 ], [ 27.816403, -19.493491 ], [ 27.808718, -19.488387 ], [ 27.798733, -19.491485 ], [ 27.795432, -19.494279 ], [ 27.789723, -19.493037 ], [ 27.785878, -19.497871 ], [ 27.780235, -19.501568 ], [ 27.775398, -19.499176 ], [ 27.773061, -19.500071 ], [ 27.779613, -19.508127 ], [ 27.774156, -19.511392 ], [ 27.764614, -19.523172 ], [ 27.759155, -19.527092 ], [ 27.759811, -19.54071 ], [ 27.761961, -19.545965 ], [ 27.768442, -19.548526 ], [ 27.772056, -19.555254 ], [ 27.775686, -19.556822 ], [ 27.781484, -19.555691 ], [ 27.782865, -19.557171 ], [ 27.780586, -19.569303 ], [ 27.784023, -19.579073 ], [ 27.775419, -19.594303 ], [ 27.774715, -19.599138 ], [ 27.777731, -19.604397 ], [ 27.791041, -19.609767 ], [ 27.792506, -19.612641 ], [ 27.790682, -19.615424 ], [ 27.782713, -19.619583 ], [ 27.779762, -19.622938 ], [ 27.778188, -19.628912 ], [ 27.778074, -19.640475 ], [ 27.775465, -19.645305 ], [ 27.772129, -19.664569 ], [ 27.761699, -19.681104 ], [ 27.765409, -19.686036 ], [ 27.773363, -19.689906 ], [ 27.774654, -19.693272 ], [ 27.778284, -19.695824 ], [ 27.777391, -19.70714 ], [ 27.787769, -19.711762 ], [ 27.785156, -19.717988 ], [ 27.785841, -19.721763 ], [ 27.792749, -19.729736 ], [ 27.798113, -19.730736 ], [ 27.80044, -19.73558 ], [ 27.807461, -19.732975 ], [ 27.813498, -19.744473 ], [ 27.818165, -19.748668 ], [ 27.825083, -19.749097 ], [ 27.827506, -19.75058 ], [ 27.828028, -19.756416 ], [ 27.825848, -19.760738 ], [ 27.826316, -19.768541 ], [ 27.828803, -19.770597 ], [ 27.840435, -19.773238 ], [ 27.841499, -19.777497 ], [ 27.839819, -19.781742 ], [ 27.84139, -19.783636 ], [ 27.848634, -19.781538 ], [ 27.853941, -19.786045 ], [ 27.855678, -19.788492 ], [ 27.852419, -19.792182 ], [ 27.852159, -19.795095 ], [ 27.858059, -19.796376 ], [ 27.856042, -19.801881 ], [ 27.857692, -19.80543 ], [ 27.864931, -19.804983 ], [ 27.869681, -19.802165 ], [ 27.878644, -19.807946 ], [ 27.882886, -19.808275 ], [ 27.887217, -19.806481 ], [ 27.893031, -19.809098 ], [ 27.900677, -19.808573 ], [ 27.902089, -19.809679 ], [ 27.901648, -19.816372 ], [ 27.905372, -19.821731 ], [ 27.90707, -19.83528 ], [ 27.913961, -19.839871 ], [ 27.914035, -19.842234 ], [ 27.908195, -19.84686 ], [ 27.908515, -19.850089 ], [ 27.921285, -19.863282 ], [ 27.923425, -19.869982 ], [ 27.923709, -19.884236 ], [ 27.931755, -19.892285 ], [ 27.934831, -19.893397 ], [ 27.9459, -19.892958 ], [ 27.95221, -19.897783 ], [ 27.954831, -19.911175 ], [ 27.959139, -19.91733 ], [ 27.958277, -19.926384 ], [ 27.968731, -19.937439 ], [ 27.967867, -19.947829 ], [ 27.97144, -19.949799 ], [ 27.975193, -19.947921 ], [ 27.981998, -19.954555 ], [ 27.988407, -19.952684 ], [ 27.993732, -19.95388 ], [ 27.995057, -19.956167 ], [ 27.991878, -19.961119 ], [ 27.992368, -19.964743 ], [ 28.004251, -19.974862 ], [ 28.008254, -19.971295 ], [ 28.023478, -19.976027 ], [ 28.025145, -19.980684 ], [ 28.033095, -19.980194 ], [ 28.035006, -19.981586 ], [ 28.041237, -19.990017 ], [ 28.051227, -19.997794 ], [ 28.086377, -20.041872 ], [ 28.10388, -20.050143 ], [ 28.127877, -20.068455 ], [ 28.131786, -20.075355 ], [ 28.134667, -20.086171 ], [ 28.137155, -20.086094 ], [ 28.141015, -20.100592 ], [ 28.148866, -20.111537 ], [ 28.154554, -20.110359 ], [ 28.161329, -20.114877 ], [ 28.166186, -20.11329 ], [ 28.179947, -20.118496 ], [ 28.185679, -20.118836 ], [ 28.191071, -20.122542 ], [ 28.192328, -20.130754 ], [ 28.190069, -20.139911 ], [ 28.199205, -20.145716 ], [ 28.214665, -20.1761 ], [ 28.221402, -20.182637 ], [ 28.222404, -20.187643 ], [ 28.232985, -20.191844 ], [ 28.235271, -20.194031 ], [ 28.237105, -20.204502 ], [ 28.249726, -20.214613 ], [ 28.251045, -20.226368 ], [ 28.271027, -20.237113 ], [ 28.2742, -20.239973 ], [ 28.274203, -20.245672 ], [ 28.276212, -20.247739 ], [ 28.290675, -20.253993 ], [ 28.302927, -20.271807 ], [ 28.306614, -20.282364 ], [ 28.314414, -20.272569 ], [ 28.331587, -20.354618 ], [ 28.34343, -20.36194 ], [ 28.35608, -20.33455 ], [ 28.359641, -20.330595 ], [ 28.366094, -20.314927 ], [ 28.380379, -20.29447 ], [ 28.389597, -20.289681 ], [ 28.413105, -20.295332 ], [ 28.429696, -20.293148 ], [ 28.438449, -20.282031 ], [ 28.458771, -20.265376 ], [ 28.461662, -20.259747 ], [ 28.469742, -20.249594 ], [ 28.472032, -20.248915 ], [ 28.481054, -20.236655 ], [ 28.496569, -20.235452 ], [ 28.51311, -20.200938 ], [ 28.499942, -20.189292 ], [ 28.492732, -20.19018 ], [ 28.488236, -20.188824 ], [ 28.483339, -20.191395 ], [ 28.480982, -20.190795 ], [ 28.49144, -20.170739 ], [ 28.431497, -20.157736 ], [ 28.430915, -20.159858 ], [ 28.432514, -20.161394 ], [ 28.437815, -20.162525 ], [ 28.436913, -20.167127 ], [ 28.44006, -20.170406 ], [ 28.442547, -20.177742 ], [ 28.397756, -20.170218 ], [ 28.387415, -20.153895 ], [ 28.428139, -20.153621 ], [ 28.415375, -20.132491 ], [ 28.396673, -20.134589 ], [ 28.404116, -20.118745 ], [ 28.41514, -20.11845 ], [ 28.408708, -20.01803 ], [ 28.420264, -20.026044 ], [ 28.431199, -20.030176 ], [ 28.445838, -20.040628 ], [ 28.458904, -20.055145 ], [ 28.468702, -20.070582 ], [ 28.513024, -20.059239 ], [ 28.512647, -20.04297 ], [ 28.530765, -20.030471 ], [ 28.533576, -20.031546 ], [ 28.536548, -20.035782 ], [ 28.538873, -20.035812 ], [ 28.541566, -20.041082 ], [ 28.547701, -20.044435 ], [ 28.54851, -20.046126 ], [ 28.546931, -20.049322 ], [ 28.553713, -20.056504 ], [ 28.554159, -20.044337 ], [ 28.573762, -20.028094 ], [ 28.60724, -19.961475 ], [ 28.643598, -20.004159 ], [ 28.671169, -20.016309 ], [ 28.667992, -20.024039 ], [ 28.661785, -20.027965 ], [ 28.650639, -20.049132 ], [ 28.649844, -20.058121 ], [ 28.643576, -20.068652 ], [ 28.667915, -20.067606 ], [ 28.660988, -20.084179 ], [ 28.662001, -20.085034 ], [ 28.660447, -20.08898 ], [ 28.656631, -20.089304 ], [ 28.65748, -20.100105 ], [ 28.6512, -20.113271 ], [ 28.652434, -20.113966 ], [ 28.655419, -20.111528 ], [ 28.659218, -20.111621 ], [ 28.669006, -20.11351 ], [ 28.675338, -20.113156 ], [ 28.676542, -20.114334 ], [ 28.651256, -20.152951 ], [ 28.663924, -20.163323 ], [ 28.663262, -20.16527 ], [ 28.664465, -20.166353 ], [ 28.669356, -20.169044 ], [ 28.675176, -20.168228 ], [ 28.670327, -20.17234 ], [ 28.676954, -20.176339 ], [ 28.674385, -20.179983 ], [ 28.67563, -20.181978 ], [ 28.696496, -20.19099 ], [ 28.696783, -20.202477 ], [ 28.69317, -20.202053 ], [ 28.690722, -20.208006 ], [ 28.685844, -20.21413 ], [ 28.684567, -20.220809 ], [ 28.673586, -20.215219 ], [ 28.672339, -20.219862 ], [ 28.663153, -20.221873 ], [ 28.66507, -20.233308 ], [ 28.662494, -20.236403 ], [ 28.650554, -20.226605 ], [ 28.64091, -20.226421 ], [ 28.638015, -20.229884 ], [ 28.635007, -20.228757 ], [ 28.627121, -20.230566 ], [ 28.62704, -20.232057 ], [ 28.608349, -20.230732 ], [ 28.60532, -20.227443 ], [ 28.633109, -20.25882 ], [ 28.657029, -20.282424 ], [ 28.66905, -20.298265 ], [ 28.722426, -20.265284 ], [ 28.723225, -20.263591 ], [ 28.713877, -20.252735 ], [ 28.74242, -20.220773 ], [ 28.752799, -20.214875 ], [ 28.765507, -20.179541 ], [ 28.781218, -20.142877 ], [ 28.76783, -20.140369 ], [ 28.770783, -20.137002 ], [ 28.774489, -20.138814 ], [ 28.776717, -20.134653 ], [ 28.77332, -20.133368 ], [ 28.778675, -20.125492 ], [ 28.791706, -20.121937 ], [ 28.79331, -20.130946 ], [ 28.860192, -20.075998 ], [ 28.816007, -20.044663 ], [ 28.895621, -20.039868 ], [ 28.961837, -19.972818 ], [ 28.983322, -19.956797 ], [ 28.952479, -19.902226 ], [ 28.870543, -19.910354 ], [ 28.871594, -19.915567 ], [ 28.821275, -19.927196 ], [ 28.814665, -19.967827 ], [ 28.788035, -19.972574 ], [ 28.780538, -19.999645 ], [ 28.77681, -19.99946 ], [ 28.754546, -19.97203 ], [ 28.742439, -19.97516 ], [ 28.728462, -19.981856 ], [ 28.717654, -19.994013 ], [ 28.702927, -19.99877 ], [ 28.671813, -19.955598 ], [ 28.655784, -19.963346 ], [ 28.650014, -19.945724 ], [ 28.647034, -19.946957 ], [ 28.636233, -19.934795 ], [ 28.638333, -19.933811 ], [ 28.639592, -19.927397 ], [ 28.64324, -19.926535 ], [ 28.642729, -19.92459 ], [ 28.634953, -19.923052 ], [ 28.626586, -19.926722 ], [ 28.623597, -19.924464 ], [ 28.626288, -19.92051 ], [ 28.624795, -19.914295 ], [ 28.621209, -19.913448 ], [ 28.621209, -19.909776 ], [ 28.612544, -19.910904 ], [ 28.611647, -19.907232 ], [ 28.620612, -19.903279 ], [ 28.62151, -19.901021 ], [ 28.617924, -19.901583 ], [ 28.617625, -19.897347 ], [ 28.611949, -19.898476 ], [ 28.606573, -19.892827 ], [ 28.609861, -19.888872 ], [ 28.611056, -19.884635 ], [ 28.609563, -19.880399 ], [ 28.600004, -19.878136 ], [ 28.597015, -19.881525 ], [ 28.594627, -19.874745 ], [ 28.59881, -19.873053 ], [ 28.598215, -19.868815 ], [ 28.592836, -19.869097 ], [ 28.585073, -19.859491 ], [ 28.589258, -19.855537 ], [ 28.578506, -19.847906 ], [ 28.574159, -19.850096 ], [ 28.571637, -19.847903 ], [ 28.568352, -19.84762 ], [ 28.567328, -19.83371 ], [ 28.54974, -19.832615 ], [ 28.526487, -19.803958 ], [ 28.55133, -19.723027 ], [ 28.534916, -19.715222 ], [ 28.537306, -19.715156 ], [ 28.500103, -19.678487 ], [ 28.493142, -19.666575 ], [ 28.492938, -19.654857 ], [ 28.50007, -19.646586 ], [ 28.536194, -19.590727 ], [ 28.498762, -19.569172 ], [ 28.401645, -19.508693 ], [ 28.288372, -19.458347 ], [ 28.071934, -19.357937 ], [ 28.066341, -19.466737 ], [ 27.939866, -19.407369 ] ] ] } },
{ "type": "Feature", "properties": { "admin_name": "Umzingwane", "tiles": 8.0, "tests": 81.0, "devices": 13.0, "pop_weight": 377.02851104736328, "area_km2": 2.6309127380776443, "d_mean_tile": 35.04525, "d_median_tile": 26.8055, "d_mean_pop": 51.855596094541674, "d_median_pop": 49.47494443645634, "d_p10_pop": 7.3434841732408396, "d_p90_pop": 103.80201647423911, "u_median_pop": 3.9473336055461989, "lat_median_pop": 24.232479910605807, "pct_above_bb": 74.837481396662881, "pct_above_hi": 72.126181664891703, "divide_ratio": 14.135254332335412, "pop_total": 79082.724168713001, "pop_covered": 377.02851104736328, "pop_coverage_pct": 0.4767520530059392, "level": "ADM2" }, "geometry": { "type": "Polygon", "coordinates": [ [ [ 29.158744, -20.557363 ], [ 29.152967, -20.555711 ], [ 29.136686, -20.533169 ], [ 29.126995, -20.525027 ], [ 29.129845, -20.513613 ], [ 29.126114, -20.500956 ], [ 29.126119, -20.49952 ], [ 29.128342, -20.499039 ], [ 29.124874, -20.48868 ], [ 29.127464, -20.482881 ], [ 29.123638, -20.476703 ], [ 29.126795, -20.474339 ], [ 29.127937, -20.471081 ], [ 29.128176, -20.460187 ], [ 29.132748, -20.459213 ], [ 29.1348, -20.45597 ], [ 29.127949, -20.439938 ], [ 29.127353, -20.42901 ], [ 29.129965, -20.424352 ], [ 29.125928, -20.422719 ], [ 29.122377, -20.424024 ], [ 29.121004, -20.421518 ], [ 29.121752, -20.410994 ], [ 29.176989, -20.405686 ], [ 29.231707, -20.378032 ], [ 29.193636, -20.320136 ], [ 29.199535, -20.287149 ], [ 29.187101, -20.266181 ], [ 29.193832, -20.224888 ], [ 29.210171, -20.191449 ], [ 29.15796, -20.191214 ], [ 29.088704, -20.148473 ], [ 29.089236, -20.108141 ], [ 29.056597, -20.101034 ], [ 29.040167, -20.003015 ], [ 29.019923, -20.006303 ], [ 29.014741, -19.974409 ], [ 28.983322, -19.956797 ], [ 28.961837, -19.972818 ], [ 28.895621, -20.039868 ], [ 28.816007, -20.044663 ], [ 28.860192, -20.075998 ], [ 28.79331, -20.130946 ], [ 28.791706, -20.121937 ], [ 28.778675, -20.125492 ], [ 28.77332, -20.133368 ], [ 28.776717, -20.134653 ], [ 28.774489, -20.138814 ], [ 28.770783, -20.137002 ], [ 28.76783, -20.140369 ], [ 28.781218, -20.142877 ], [ 28.765507, -20.179541 ], [ 28.752799, -20.214875 ], [ 28.74242, -20.220773 ], [ 28.713877, -20.252735 ], [ 28.723225, -20.263591 ], [ 28.722426, -20.265284 ], [ 28.66905, -20.298265 ], [ 28.678091, -20.311721 ], [ 28.713345, -20.331282 ], [ 28.717822, -20.359762 ], [ 28.750587, -20.350431 ], [ 28.750961, -20.351481 ], [ 28.76476, -20.348519 ], [ 28.770766, -20.345601 ], [ 28.780291, -20.370233 ], [ 28.785233, -20.384709 ], [ 28.766027, -20.443511 ], [ 28.782162, -20.459498 ], [ 28.778832, -20.474146 ], [ 28.772849, -20.488341 ], [ 28.735609, -20.505317 ], [ 28.733964, -20.481471 ], [ 28.710658, -20.477859 ], [ 28.657898, -20.473066 ], [ 28.67925, -20.495831 ], [ 28.677925, -20.497058 ], [ 28.678661, -20.500997 ], [ 28.681556, -20.50725 ], [ 28.680536, -20.515197 ], [ 28.689443, -20.532217 ], [ 28.689153, -20.534452 ], [ 28.691694, -20.537342 ], [ 28.692031, -20.542138 ], [ 28.699699, -20.547072 ], [ 28.702266, -20.553322 ], [ 28.717123, -20.568032 ], [ 28.717932, -20.57227 ], [ 28.724528, -20.578624 ], [ 28.72547, -20.582741 ], [ 28.729456, -20.586391 ], [ 28.739312, -20.602298 ], [ 28.737669, -20.608328 ], [ 28.78438, -20.622962 ], [ 28.81513, -20.659293 ], [ 28.825387, -20.659044 ], [ 28.923201, -20.6992 ], [ 28.956987, -20.597173 ], [ 28.976237, -20.611105 ], [ 29.048112, -20.60494 ], [ 29.13372, -20.588091 ], [ 29.158744, -20.557363 ] ] ] } },
{ "type": "Feature", "properties": { "admin_name": "Uzumba Maramba Pfungwe", "tiles": null, "tests": null, "devices": null, "pop_weight": null, "area_km2": null, "d_mean_tile": null, "d_median_tile": null, "d_mean_pop": null, "d_median_pop": null, "d_p10_pop": null, "d_p90_pop": null, "u_median_pop": null, "lat_median_pop": null, "pct_above_bb": null, "pct_above_hi": null, "divide_ratio": null, "pop_total": 136758.67993107194, "pop_covered": 0.0, "pop_coverage_pct": 0.0, "level": "ADM2" }, "geometry": { "type": "Polygon", "coordinates": [ [ [ 32.007626, -16.842971 ], [ 32.003312, -16.847882 ], [ 32.000695, -16.856043 ], [ 32.003045, -16.862648 ], [ 32.004147, -16.879967 ], [ 32.0085, -16.884619 ], [ 32.009827, -16.8883 ], [ 32.009518, -16.891853 ], [ 32.003754, -16.901235 ], [ 32.004784, -16.905197 ], [ 31.999207, -16.911268 ], [ 31.992472, -16.913525 ], [ 31.980801, -16.921171 ], [ 31.973413, -16.922212 ], [ 31.960691, -16.916066 ], [ 31.954286, -16.917079 ], [ 31.95129, -16.920984 ], [ 31.944153, -16.938694 ], [ 31.944736, -16.946105 ], [ 31.940986, -16.953417 ], [ 31.942472, -16.956643 ], [ 31.938373, -16.960469 ], [ 31.931817, -16.96374 ], [ 31.924516, -16.965123 ], [ 31.909623, -16.972688 ], [ 31.914901, -16.977876 ], [ 31.912244, -16.988244 ], [ 31.912742, -17.001001 ], [ 31.907655, -17.002077 ], [ 31.900059, -17.000362 ], [ 31.894817, -17.000862 ], [ 31.896128, -17.010665 ], [ 31.891649, -17.015778 ], [ 31.891941, -17.018478 ], [ 31.894512, -17.020662 ], [ 31.903929, -17.020864 ], [ 31.906351, -17.022413 ], [ 31.91071, -17.032361 ], [ 31.909919, -17.038256 ], [ 31.896887, -17.052711 ], [ 31.886524, -17.061396 ], [ 31.880884, -17.064349 ], [ 31.875263, -17.069982 ], [ 31.87111, -17.068947 ], [ 31.866878, -17.070726 ], [ 31.853812, -17.082229 ], [ 31.853339, -17.085984 ], [ 31.855144, -17.089492 ], [ 31.849118, -17.103174 ], [ 31.838977, -17.118288 ], [ 31.833412, -17.123142 ], [ 31.835068, -17.131351 ], [ 31.832537, -17.136249 ], [ 31.841002, -17.142813 ], [ 31.84805, -17.15103 ], [ 31.811293, -17.16799 ], [ 31.803976, -17.172314 ], [ 31.798516, -17.177849 ], [ 31.788184, -17.178862 ], [ 31.782636, -17.185226 ], [ 31.77955, -17.185886 ], [ 31.772018, -17.184352 ], [ 31.764843, -17.186456 ], [ 31.762131, -17.189512 ], [ 31.761944, -17.195305 ], [ 31.757792, -17.198252 ], [ 31.749811, -17.198981 ], [ 31.744885, -17.195536 ], [ 31.74024, -17.195353 ], [ 31.733116, -17.197491 ], [ 31.728032, -17.202135 ], [ 31.722731, -17.216033 ], [ 31.741373, -17.236471 ], [ 31.743765, -17.247601 ], [ 31.749411, -17.258461 ], [ 31.748169, -17.269135 ], [ 31.75123, -17.272721 ], [ 31.754173, -17.280543 ], [ 31.751354, -17.288095 ], [ 31.743027, -17.295233 ], [ 31.737358, -17.302544 ], [ 31.721008, -17.315229 ], [ 31.715957, -17.321992 ], [ 31.708249, -17.32866 ], [ 31.703639, -17.330134 ], [ 31.700929, -17.335937 ], [ 31.696799, -17.340383 ], [ 31.692553, -17.341846 ], [ 31.689402, -17.346656 ], [ 31.688833, -17.350442 ], [ 31.682072, -17.358809 ], [ 31.680918, -17.362186 ], [ 31.672697, -17.36875 ], [ 31.66588, -17.383345 ], [ 31.672455, -17.387867 ], [ 31.677002, -17.39448 ], [ 31.682242, -17.397546 ], [ 31.684309, -17.401429 ], [ 31.701236, -17.413597 ], [ 31.7002, -17.417673 ], [ 31.705623, -17.42074 ], [ 31.710212, -17.427177 ], [ 31.716325, -17.431537 ], [ 31.727025, -17.450769 ], [ 31.730247, -17.453647 ], [ 31.72965, -17.457269 ], [ 31.733054, -17.462593 ], [ 31.737236, -17.459375 ], [ 31.746958, -17.462296 ], [ 31.751312, -17.472445 ], [ 31.756306, -17.472472 ], [ 31.759627, -17.474086 ], [ 31.768021, -17.481479 ], [ 31.777761, -17.486323 ], [ 31.790918, -17.495762 ], [ 31.795238, -17.497061 ], [ 31.798795, -17.496228 ], [ 31.803153, -17.489966 ], [ 31.814903, -17.492686 ], [ 31.817017, -17.491524 ], [ 31.829187, -17.492455 ], [ 31.824631, -17.477823 ], [ 31.852256, -17.432473 ], [ 31.856126, -17.439543 ], [ 31.866067, -17.440941 ], [ 31.876067, -17.439644 ], [ 31.894358, -17.430339 ], [ 31.907639, -17.427463 ], [ 31.906811, -17.42584 ], [ 31.908199, -17.424857 ], [ 31.915414, -17.424945 ], [ 31.925694, -17.428836 ], [ 31.928868, -17.426866 ], [ 31.934617, -17.429284 ], [ 31.94012, -17.428722 ], [ 31.944146, -17.429914 ], [ 31.945081, -17.432016 ], [ 31.94799, -17.432262 ], [ 31.94841, -17.433505 ], [ 31.950189, -17.431941 ], [ 31.956356, -17.432235 ], [ 31.959341, -17.43094 ], [ 31.968805, -17.433784 ], [ 31.975658, -17.430026 ], [ 31.983327, -17.420965 ], [ 31.993588, -17.417351 ], [ 31.995761, -17.415299 ], [ 32.002332, -17.416571 ], [ 32.005185, -17.419247 ], [ 32.011727, -17.417776 ], [ 32.017926, -17.419457 ], [ 32.021885, -17.418677 ], [ 32.024448, -17.416302 ], [ 32.026062, -17.417235 ], [ 32.029087, -17.415293 ], [ 32.032974, -17.4151 ], [ 32.041527, -17.409581 ], [ 32.048713, -17.410958 ], [ 32.057372, -17.405507 ], [ 32.053805, -17.392805 ], [ 32.053862, -17.37889 ], [ 32.047458, -17.37289 ], [ 32.046509, -17.370045 ], [ 32.047931, -17.361759 ], [ 32.063346, -17.344065 ], [ 32.067942, -17.346058 ], [ 32.069594, -17.34384 ], [ 32.072829, -17.34651 ], [ 32.075488, -17.345596 ], [ 32.081515, -17.339956 ], [ 32.083869, -17.333188 ], [ 32.080897, -17.327 ], [ 32.069369, -17.313448 ], [ 32.066851, -17.307181 ], [ 32.064479, -17.306485 ], [ 32.062461, -17.303654 ], [ 32.059077, -17.294981 ], [ 32.039398, -17.275157 ], [ 32.038307, -17.267187 ], [ 32.039444, -17.26029 ], [ 32.036484, -17.255126 ], [ 32.036979, -17.246813 ], [ 32.037651, -17.243936 ], [ 32.040512, -17.242412 ], [ 32.041012, -17.234945 ], [ 32.02956, -17.221241 ], [ 32.028976, -17.21597 ], [ 32.035305, -17.199263 ], [ 32.03614, -17.190479 ], [ 32.040371, -17.184678 ], [ 32.0461, -17.171915 ], [ 32.049068, -17.161359 ], [ 32.053752, -17.155636 ], [ 32.05897, -17.144783 ], [ 32.061419, -17.135364 ], [ 32.068663, -17.121697 ], [ 32.075381, -17.113856 ], [ 32.07537, -17.108125 ], [ 32.081164, -17.091971 ], [ 32.087495, -17.087697 ], [ 32.084471, -17.075331 ], [ 32.088182, -17.061288 ], [ 32.090013, -17.060077 ], [ 32.091867, -17.040766 ], [ 32.095274, -17.039494 ], [ 32.099168, -17.040295 ], [ 32.10835, -17.039012 ], [ 32.119779, -17.042031 ], [ 32.122166, -17.039386 ], [ 32.132878, -17.042591 ], [ 32.154938, -17.039868 ], [ 32.166484, -17.034808 ], [ 32.172893, -17.033824 ], [ 32.177078, -17.03176 ], [ 32.179634, -17.028589 ], [ 32.189079, -17.024605 ], [ 32.212138, -16.998613 ], [ 32.222132, -16.990897 ], [ 32.223761, -16.985446 ], [ 32.238054, -16.977811 ], [ 32.239164, -16.973625 ], [ 32.242998, -16.972774 ], [ 32.247156, -16.969427 ], [ 32.254266, -16.968393 ], [ 32.254758, -16.964871 ], [ 32.258127, -16.963314 ], [ 32.257375, -16.961634 ], [ 32.260053, -16.956246 ], [ 32.269642, -16.954193 ], [ 32.289669, -16.946666 ], [ 32.295998, -16.945825 ], [ 32.297841, -16.944419 ], [ 32.300674, -16.936196 ], [ 32.317871, -16.932814 ], [ 32.321105, -16.930693 ], [ 32.331146, -16.91515 ], [ 32.334666, -16.90204 ], [ 32.342169, -16.901168 ], [ 32.344187, -16.895456 ], [ 32.353136, -16.895904 ], [ 32.358954, -16.893604 ], [ 32.360297, -16.891201 ], [ 32.358305, -16.887177 ], [ 32.370866, -16.878022 ], [ 32.375348, -16.869981 ], [ 32.383226, -16.870004 ], [ 32.388868, -16.865667 ], [ 32.391103, -16.86142 ], [ 32.393338, -16.848794 ], [ 32.396428, -16.845771 ], [ 32.403734, -16.846374 ], [ 32.413773, -16.839657 ], [ 32.419525, -16.839395 ], [ 32.432266, -16.832497 ], [ 32.452525, -16.825625 ], [ 32.464084, -16.817962 ], [ 32.469882, -16.810902 ], [ 32.490786, -16.793717 ], [ 32.522149, -16.77558 ], [ 32.527127, -16.769742 ], [ 32.528512, -16.763927 ], [ 32.534963, -16.753483 ], [ 32.536168, -16.746382 ], [ 32.5393, -16.73983 ], [ 32.550069, -16.727737 ], [ 32.545159, -16.72201 ], [ 32.53354, -16.721028 ], [ 32.527467, -16.719016 ], [ 32.5165, -16.708381 ], [ 32.509984, -16.704576 ], [ 32.501112, -16.702 ], [ 32.487284, -16.703844 ], [ 32.481947, -16.698891 ], [ 32.478357, -16.699461 ], [ 32.474215, -16.70238 ], [ 32.471145, -16.702296 ], [ 32.463424, -16.697115 ], [ 32.460174, -16.696944 ], [ 32.44131, -16.705287 ], [ 32.426399, -16.704917 ], [ 32.420376, -16.706193 ], [ 32.407967, -16.713199 ], [ 32.396875, -16.71264 ], [ 32.390043, -16.718846 ], [ 32.370885, -16.715937 ], [ 32.361117, -16.726372 ], [ 32.353068, -16.729408 ], [ 32.339354, -16.742785 ], [ 32.332728, -16.74227 ], [ 32.326694, -16.744435 ], [ 32.314372, -16.743264 ], [ 32.297447, -16.747021 ], [ 32.285069, -16.747946 ], [ 32.272332, -16.747302 ], [ 32.255559, -16.767041 ], [ 32.247896, -16.772181 ], [ 32.23435, -16.773576 ], [ 32.232152, -16.779051 ], [ 32.228067, -16.783914 ], [ 32.225889, -16.783314 ], [ 32.216109, -16.772404 ], [ 32.200491, -16.766881 ], [ 32.180755, -16.773667 ], [ 32.177116, -16.777323 ], [ 32.162948, -16.778614 ], [ 32.1535, -16.788803 ], [ 32.14535, -16.788599 ], [ 32.1377, -16.791114 ], [ 32.131081, -16.7891 ], [ 32.125023, -16.789343 ], [ 32.110124, -16.794457 ], [ 32.104337, -16.799802 ], [ 32.103693, -16.806087 ], [ 32.098432, -16.805567 ], [ 32.092619, -16.809816 ], [ 32.090151, -16.809769 ], [ 32.077117, -16.803127 ], [ 32.071803, -16.802791 ], [ 32.064341, -16.804869 ], [ 32.051589, -16.803509 ], [ 32.039913, -16.811632 ], [ 32.041878, -16.82165 ], [ 32.040432, -16.82692 ], [ 32.03318, -16.828878 ], [ 32.030151, -16.833773 ], [ 32.022033, -16.835335 ], [ 32.007626, -16.842971 ] ] ] } },
{ "type": "Feature", "properties": { "admin_name": "Victoria Falls", "tiles": 22.0, "tests": 300.0, "devices": 49.0, "pop_weight": 25768.341854095459, "area_km2": 7.4468298423304597, "d_mean_tile": 90.292318181818189, "d_median_tile": 82.242, "d_mean_pop": 83.250601718589337, "d_median_pop": 67.374575204911949, "d_p10_pop": 0.67881746519722297, "d_p90_pop": 207.0651476899981, "u_median_pop": 26.53595571386105, "lat_median_pop": 29.0, "pct_above_bb": 83.463508039515204, "pct_above_hi": 76.06956456559098, "divide_ratio": 305.03803792060296, "pop_total": 39042.975453019142, "pop_covered": 25768.341854095459, "pop_coverage_pct": 65.999943792969361, "level": "ADM2" }, "geometry": { "type": "Polygon", "coordinates": [ [ [ 25.847166, -17.940897 ], [ 25.852722, -17.936115 ], [ 25.853213, -17.926851 ], [ 25.849228, -17.916851 ], [ 25.851229, -17.905851 ], [ 25.841229, -17.893851 ], [ 25.820243, -17.890789 ], [ 25.820302, -17.897713 ], [ 25.817262, -17.909232 ], [ 25.809539, -17.925243 ], [ 25.80997, -17.973727 ], [ 25.813443, -17.968808 ], [ 25.83022, -17.959604 ], [ 25.836758, -17.948233 ], [ 25.847166, -17.940897 ] ] ] } },
{ "type": "Feature", "properties": { "admin_name": "Zaka", "tiles": 7.0, "tests": 16.0, "devices": 7.0, "pop_weight": 3155.0400466918945, "area_km2": 2.2991850679084505, "d_mean_tile": 20.260285714285715, "d_median_tile": 1.96, "d_mean_pop": 5.6412614387299609, "d_median_pop": 1.9518880322248793, "d_p10_pop": 1.5081890059088952, "d_p90_pop": 3.6376780239756528, "u_median_pop": 15.69631735386699, "lat_median_pop": 186.90533459449512, "pct_above_bb": 2.8103467176291179, "pct_above_hi": 2.8103467176291179, "divide_ratio": 2.4119510285008623, "pop_total": 219791.18842932579, "pop_covered": 3185.5514793395996, "pop_coverage_pct": 1.4493535896976684, "level": "ADM2" }, "geometry": { "type": "Polygon", "coordinates": [ [ [ 31.40317, -20.002503 ], [ 31.394614, -20.019249 ], [ 31.366607, -20.028355 ], [ 31.368342, -20.034754 ], [ 31.322655, -20.054753 ], [ 31.312817, -20.048277 ], [ 31.309929, -20.065697 ], [ 31.322967, -20.110078 ], [ 31.323204, -20.134448 ], [ 31.256605, -20.11703 ], [ 31.256937, -20.177406 ], [ 31.251734, -20.179269 ], [ 31.230177, -20.19267 ], [ 31.205411, -20.210504 ], [ 31.173633, -20.229963 ], [ 31.170699, -20.230358 ], [ 31.167288, -20.232875 ], [ 31.166823, -20.235602 ], [ 31.163574, -20.235773 ], [ 31.158559, -20.241872 ], [ 31.142317, -20.254484 ], [ 31.138399, -20.261676 ], [ 31.13578, -20.260712 ], [ 31.133427, -20.262687 ], [ 31.133607, -20.266519 ], [ 31.127262, -20.269217 ], [ 31.123781, -20.277477 ], [ 31.121071, -20.277873 ], [ 31.11375, -20.28673 ], [ 31.112312, -20.293735 ], [ 31.114069, -20.297584 ], [ 31.113093, -20.303743 ], [ 31.107627, -20.308152 ], [ 31.109354, -20.314553 ], [ 31.104585, -20.317267 ], [ 31.102639, -20.315263 ], [ 31.101413, -20.315886 ], [ 31.101001, -20.323273 ], [ 31.097634, -20.327375 ], [ 31.10271, -20.332242 ], [ 31.102983, -20.335038 ], [ 31.100175, -20.339149 ], [ 31.104411, -20.344117 ], [ 31.105397, -20.351612 ], [ 31.111584, -20.35975 ], [ 31.116749, -20.373421 ], [ 31.120152, -20.376805 ], [ 31.121368, -20.382401 ], [ 31.119068, -20.384611 ], [ 31.119564, -20.387357 ], [ 31.126444, -20.388002 ], [ 31.13126, -20.386377 ], [ 31.13287, -20.38907 ], [ 31.136732, -20.389131 ], [ 31.139206, -20.384279 ], [ 31.149005, -20.380816 ], [ 31.184439, -20.372805 ], [ 31.190721, -20.387695 ], [ 31.191256, -20.39867 ], [ 31.196287, -20.401001 ], [ 31.199127, -20.406967 ], [ 31.19957, -20.40939 ], [ 31.196766, -20.412024 ], [ 31.196924, -20.416353 ], [ 31.202166, -20.425435 ], [ 31.205715, -20.440005 ], [ 31.215075, -20.460593 ], [ 31.213833, -20.465762 ], [ 31.216457, -20.468563 ], [ 31.221904, -20.487303 ], [ 31.225535, -20.490527 ], [ 31.23964, -20.493712 ], [ 31.243987, -20.496601 ], [ 31.247958, -20.517199 ], [ 31.253572, -20.528126 ], [ 31.258798, -20.549879 ], [ 31.265591, -20.569781 ], [ 31.268968, -20.58506 ], [ 31.268824, -20.601377 ], [ 31.26622, -20.605068 ], [ 31.260612, -20.608957 ], [ 31.243377, -20.615972 ], [ 31.237517, -20.61975 ], [ 31.181066, -20.6421 ], [ 31.176961, -20.645322 ], [ 31.180427, -20.649921 ], [ 31.18043, -20.653869 ], [ 31.166993, -20.663822 ], [ 31.165525, -20.666878 ], [ 31.171323, -20.671102 ], [ 31.172492, -20.673585 ], [ 31.169171, -20.682997 ], [ 31.191378, -20.693354 ], [ 31.201071, -20.692974 ], [ 31.226022, -20.686507 ], [ 31.231563, -20.687762 ], [ 31.237666, -20.718169 ], [ 31.238347, -20.740603 ], [ 31.240909, -20.745404 ], [ 31.241532, -20.752458 ], [ 31.243445, -20.753498 ], [ 31.24969, -20.75156 ], [ 31.249503, -20.74988 ], [ 31.288393, -20.689598 ], [ 31.327963, -20.663426 ], [ 31.382832, -20.644443 ], [ 31.406791, -20.647908 ], [ 31.458094, -20.679115 ], [ 31.514933, -20.65343 ], [ 31.604206, -20.627238 ], [ 31.602057, -20.625503 ], [ 31.611593, -20.621366 ], [ 31.614202, -20.62453 ], [ 31.633195, -20.602742 ], [ 31.687887, -20.602616 ], [ 31.717776, -20.652078 ], [ 31.724636, -20.643236 ], [ 31.749891, -20.63279 ], [ 31.750795, -20.633509 ], [ 31.780089, -20.623235 ], [ 31.778486, -20.615217 ], [ 31.780743, -20.614544 ], [ 31.781973, -20.61685 ], [ 31.783194, -20.61454 ], [ 31.778988, -20.607746 ], [ 31.78167, -20.593713 ], [ 31.783407, -20.592193 ], [ 31.780823, -20.589287 ], [ 31.782299, -20.586187 ], [ 31.775006, -20.582556 ], [ 31.770267, -20.578787 ], [ 31.752614, -20.570685 ], [ 31.748929, -20.570228 ], [ 31.740093, -20.572387 ], [ 31.73991, -20.567702 ], [ 31.744096, -20.565606 ], [ 31.743859, -20.564386 ], [ 31.726771, -20.557691 ], [ 31.72587, -20.555464 ], [ 31.722166, -20.553781 ], [ 31.719725, -20.549941 ], [ 31.718134, -20.538144 ], [ 31.715649, -20.531452 ], [ 31.708794, -20.528795 ], [ 31.704624, -20.511121 ], [ 31.701209, -20.507091 ], [ 31.700742, -20.498029 ], [ 31.702802, -20.493739 ], [ 31.699764, -20.492684 ], [ 31.695487, -20.494166 ], [ 31.691732, -20.491698 ], [ 31.694341, -20.48028 ], [ 31.697894, -20.477165 ], [ 31.694927, -20.473045 ], [ 31.696901, -20.465571 ], [ 31.683181, -20.435093 ], [ 31.678357, -20.431107 ], [ 31.691615, -20.41724 ], [ 31.694326, -20.404946 ], [ 31.701673, -20.39948 ], [ 31.702548, -20.396074 ], [ 31.699445, -20.39064 ], [ 31.703502, -20.38282 ], [ 31.707081, -20.381565 ], [ 31.710743, -20.378231 ], [ 31.711167, -20.375596 ], [ 31.71541, -20.372253 ], [ 31.724793, -20.370811 ], [ 31.728539, -20.372729 ], [ 31.731632, -20.370683 ], [ 31.726931, -20.366899 ], [ 31.723679, -20.366956 ], [ 31.721964, -20.365453 ], [ 31.723086, -20.354801 ], [ 31.715761, -20.353634 ], [ 31.708311, -20.349846 ], [ 31.697316, -20.340985 ], [ 31.688451, -20.337699 ], [ 31.6865, -20.335357 ], [ 31.679643, -20.333914 ], [ 31.676629, -20.327335 ], [ 31.67332, -20.330851 ], [ 31.671546, -20.327393 ], [ 31.672138, -20.323322 ], [ 31.667174, -20.319644 ], [ 31.663628, -20.319255 ], [ 31.662564, -20.322712 ], [ 31.660384, -20.323326 ], [ 31.658139, -20.319255 ], [ 31.653115, -20.315186 ], [ 31.65613, -20.30816 ], [ 31.653412, -20.307211 ], [ 31.65235, -20.303755 ], [ 31.647858, -20.303366 ], [ 31.638169, -20.298851 ], [ 31.636042, -20.295895 ], [ 31.635807, -20.288709 ], [ 31.621332, -20.28815 ], [ 31.614656, -20.286199 ], [ 31.610341, -20.28737 ], [ 31.609517, -20.283299 ], [ 31.611946, -20.269359 ], [ 31.619327, -20.242929 ], [ 31.606216, -20.237235 ], [ 31.605489, -20.229588 ], [ 31.603099, -20.225553 ], [ 31.591763, -20.218847 ], [ 31.590859, -20.209441 ], [ 31.592364, -20.205983 ], [ 31.590615, -20.201178 ], [ 31.593775, -20.184929 ], [ 31.591076, -20.174393 ], [ 31.595622, -20.167081 ], [ 31.593115, -20.159603 ], [ 31.589604, -20.156804 ], [ 31.580906, -20.154129 ], [ 31.576888, -20.149268 ], [ 31.571389, -20.150389 ], [ 31.559368, -20.13833 ], [ 31.544687, -20.12829 ], [ 31.538015, -20.125441 ], [ 31.5384, -20.123219 ], [ 31.533962, -20.116676 ], [ 31.535219, -20.112762 ], [ 31.540203, -20.108737 ], [ 31.538835, -20.101402 ], [ 31.527683, -20.087266 ], [ 31.521555, -20.090076 ], [ 31.517687, -20.083682 ], [ 31.512082, -20.081895 ], [ 31.503922, -20.083957 ], [ 31.501072, -20.082772 ], [ 31.494218, -20.085911 ], [ 31.485523, -20.078188 ], [ 31.480372, -20.076019 ], [ 31.475848, -20.078742 ], [ 31.470687, -20.077635 ], [ 31.470561, -20.067435 ], [ 31.467892, -20.064438 ], [ 31.467927, -20.060826 ], [ 31.456544, -20.0508 ], [ 31.438298, -20.022323 ], [ 31.421973, -20.036413 ], [ 31.40317, -20.002503 ] ] ] } },
{ "type": "Feature", "properties": { "admin_name": "Zvimba", "tiles": 46.0, "tests": 156.0, "devices": 56.0, "pop_weight": 49890.425255395472, "area_km2": 15.600130357020767, "d_mean_tile": 40.651, "d_median_tile": 34.912, "d_mean_pop": 39.49026917416397, "d_median_pop": 30.786953248883311, "d_p10_pop": 0.52560910285479245, "d_p90_pop": 75.861839032841843, "u_median_pop": 6.4670157069067828, "lat_median_pop": 22.200264767435232, "pct_above_bb": 70.318654781322891, "pct_above_hi": 53.036116980001133, "divide_ratio": 144.33128844383776, "pop_total": 390319.98978754797, "pop_covered": 40217.55941066891, "pop_coverage_pct": 10.30374063920206, "level": "ADM2" }, "geometry": { "type": "Polygon", "coordinates": [ [ [ 30.831251, -17.920913 ], [ 30.837448, -17.92971 ], [ 30.841066, -17.945112 ], [ 30.844161, -17.944491 ], [ 30.843919, -17.932025 ], [ 30.84724, -17.929029 ], [ 30.844716, -17.92442 ], [ 30.858006, -17.926793 ], [ 30.861822, -17.92379 ], [ 30.863652, -17.925327 ], [ 30.862816, -17.927694 ], [ 30.870713, -17.934655 ], [ 30.873307, -17.931642 ], [ 30.881993, -17.935346 ], [ 30.894512, -17.94903 ], [ 30.88687, -17.936407 ], [ 30.925863, -17.916951 ], [ 30.936574, -17.911892 ], [ 30.877435, -17.875476 ], [ 30.881051, -17.874051 ], [ 30.885804, -17.867727 ], [ 30.896806, -17.869121 ], [ 30.899143, -17.865684 ], [ 30.890121, -17.826414 ], [ 30.883235, -17.811102 ], [ 30.895943, -17.801073 ], [ 30.889348, -17.796004 ], [ 30.890249, -17.780506 ], [ 30.905215, -17.77722 ], [ 30.918504, -17.779436 ], [ 30.908586, -17.764288 ], [ 30.948627, -17.757097 ], [ 30.950817, -17.7094 ], [ 30.962546, -17.713913 ], [ 30.957908, -17.669288 ], [ 30.955355, -17.660522 ], [ 30.930487, -17.662114 ], [ 30.928526, -17.700606 ], [ 30.912715, -17.687182 ], [ 30.897949, -17.67877 ], [ 30.867131, -17.664502 ], [ 30.844608, -17.650496 ], [ 30.83749, -17.662732 ], [ 30.789851, -17.63997 ], [ 30.760072, -17.604298 ], [ 30.785424, -17.557696 ], [ 30.728486, -17.552612 ], [ 30.691246, -17.559636 ], [ 30.644761, -17.551931 ], [ 30.611492, -17.551942 ], [ 30.612364, -17.518322 ], [ 30.617002, -17.502157 ], [ 30.621296, -17.47627 ], [ 30.619524, -17.454958 ], [ 30.63235, -17.406342 ], [ 30.621439, -17.368098 ], [ 30.617735, -17.362845 ], [ 30.657759, -17.279131 ], [ 30.66848, -17.251237 ], [ 30.671445, -17.240975 ], [ 30.655141, -17.236198 ], [ 30.681957, -17.217722 ], [ 30.718309, -17.155799 ], [ 30.738875, -17.061296 ], [ 30.692114, -17.050813 ], [ 30.669305, -17.063164 ], [ 30.663021, -17.036175 ], [ 30.640591, -17.048091 ], [ 30.636534, -17.027432 ], [ 30.63345, -17.025094 ], [ 30.619011, -17.029797 ], [ 30.611402, -17.029254 ], [ 30.59836, -17.031266 ], [ 30.580819, -17.042496 ], [ 30.576918, -17.051812 ], [ 30.546257, -17.052422 ], [ 30.544578, -17.049903 ], [ 30.544979, -17.04017 ], [ 30.542162, -17.02164 ], [ 30.539423, -17.015062 ], [ 30.53684, -17.013017 ], [ 30.538875, -17.009758 ], [ 30.538315, -17.005896 ], [ 30.540359, -17.001769 ], [ 30.536899, -16.998006 ], [ 30.542047, -16.988222 ], [ 30.550749, -16.986267 ], [ 30.552362, -16.981509 ], [ 30.550209, -16.979308 ], [ 30.548685, -16.97267 ], [ 30.535009, -16.96817 ], [ 30.532381, -16.968503 ], [ 30.529571, -16.966465 ], [ 30.52998, -16.964349 ], [ 30.53372, -16.962947 ], [ 30.533884, -16.96137 ], [ 30.532705, -16.960069 ], [ 30.527553, -16.959514 ], [ 30.526951, -16.942743 ], [ 30.52083, -16.937086 ], [ 30.52211, -16.931697 ], [ 30.518762, -16.922222 ], [ 30.523445, -16.918094 ], [ 30.522949, -16.908189 ], [ 30.524998, -16.89716 ], [ 30.525274, -16.884536 ], [ 30.520775, -16.872732 ], [ 30.517969, -16.870413 ], [ 30.520363, -16.869429 ], [ 30.520836, -16.866849 ], [ 30.523084, -16.865434 ], [ 30.520428, -16.862985 ], [ 30.520307, -16.860114 ], [ 30.524101, -16.85326 ], [ 30.521334, -16.847067 ], [ 30.518053, -16.847326 ], [ 30.509772, -16.841516 ], [ 30.511309, -16.836795 ], [ 30.51014, -16.834489 ], [ 30.505155, -16.835205 ], [ 30.503117, -16.833694 ], [ 30.503664, -16.831224 ], [ 30.505721, -16.831249 ], [ 30.503745, -16.817114 ], [ 30.501618, -16.815014 ], [ 30.497615, -16.815262 ], [ 30.496408, -16.813468 ], [ 30.497124, -16.805771 ], [ 30.489148, -16.802274 ], [ 30.485486, -16.811845 ], [ 30.479472, -16.819532 ], [ 30.472252, -16.819237 ], [ 30.463446, -16.826334 ], [ 30.464773, -16.833644 ], [ 30.461761, -16.843939 ], [ 30.454658, -16.843309 ], [ 30.440402, -16.847546 ], [ 30.43517, -16.846371 ], [ 30.430074, -16.84329 ], [ 30.427028, -16.844832 ], [ 30.424657, -16.849073 ], [ 30.425239, -16.860965 ], [ 30.422151, -16.866994 ], [ 30.423644, -16.881038 ], [ 30.417378, -16.87817 ], [ 30.410947, -16.880239 ], [ 30.404078, -16.87972 ], [ 30.395483, -16.894335 ], [ 30.384377, -16.897702 ], [ 30.37602, -16.905696 ], [ 30.374544, -16.9132 ], [ 30.371461, -16.918557 ], [ 30.365005, -16.92298 ], [ 30.361449, -16.928665 ], [ 30.361634, -16.933381 ], [ 30.37045, -16.93785 ], [ 30.369599, -16.941207 ], [ 30.364051, -16.947884 ], [ 30.364146, -16.950018 ], [ 30.366456, -16.952174 ], [ 30.371133, -16.950875 ], [ 30.373922, -16.951689 ], [ 30.375772, -16.964715 ], [ 30.365302, -16.962364 ], [ 30.357484, -16.963068 ], [ 30.346131, -16.967214 ], [ 30.341767, -16.971995 ], [ 30.343593, -16.976054 ], [ 30.338872, -16.981504 ], [ 30.338186, -16.991485 ], [ 30.344543, -16.996827 ], [ 30.344987, -16.998963 ], [ 30.344274, -17.000304 ], [ 30.338354, -16.999901 ], [ 30.333811, -17.003859 ], [ 30.332874, -17.008142 ], [ 30.337917, -17.038643 ], [ 30.336475, -17.059687 ], [ 30.330288, -17.070937 ], [ 30.333704, -17.079705 ], [ 30.33301, -17.084682 ], [ 30.329247, -17.08979 ], [ 30.330492, -17.097417 ], [ 30.327742, -17.099975 ], [ 30.315622, -17.104089 ], [ 30.314434, -17.10664 ], [ 30.309645, -17.11002 ], [ 30.310991, -17.114523 ], [ 30.309097, -17.11962 ], [ 30.305746, -17.122415 ], [ 30.3007, -17.123136 ], [ 30.296989, -17.125932 ], [ 30.295577, -17.131836 ], [ 30.295888, -17.144555 ], [ 30.294227, -17.148486 ], [ 30.281385, -17.153064 ], [ 30.272872, -17.157967 ], [ 30.272063, -17.163985 ], [ 30.274854, -17.16848 ], [ 30.27309, -17.175889 ], [ 30.274673, -17.179351 ], [ 30.274339, -17.184094 ], [ 30.270151, -17.188279 ], [ 30.267067, -17.196161 ], [ 30.266278, -17.205646 ], [ 30.260767, -17.209954 ], [ 30.255392, -17.217383 ], [ 30.254458, -17.222362 ], [ 30.254852, -17.228719 ], [ 30.263151, -17.248022 ], [ 30.259026, -17.253326 ], [ 30.255118, -17.252798 ], [ 30.254969, -17.258306 ], [ 30.257721, -17.263625 ], [ 30.264996, -17.266879 ], [ 30.267264, -17.277057 ], [ 30.261728, -17.279573 ], [ 30.256811, -17.277424 ], [ 30.254112, -17.277742 ], [ 30.245991, -17.283736 ], [ 30.238836, -17.29238 ], [ 30.238175, -17.300707 ], [ 30.24037, -17.304851 ], [ 30.233962, -17.311501 ], [ 30.226505, -17.323803 ], [ 30.220746, -17.326198 ], [ 30.215787, -17.339404 ], [ 30.216981, -17.345082 ], [ 30.213693, -17.34968 ], [ 30.218066, -17.355753 ], [ 30.22249, -17.368747 ], [ 30.216382, -17.373974 ], [ 30.207666, -17.390615 ], [ 30.210408, -17.396421 ], [ 30.206964, -17.399494 ], [ 30.205013, -17.409767 ], [ 30.208539, -17.418344 ], [ 30.209936, -17.424548 ], [ 30.204705, -17.434521 ], [ 30.205944, -17.443479 ], [ 30.205187, -17.444575 ], [ 30.197346, -17.445176 ], [ 30.197556, -17.452189 ], [ 30.200917, -17.465124 ], [ 30.204542, -17.467306 ], [ 30.207864, -17.467285 ], [ 30.210634, -17.470872 ], [ 30.211112, -17.477387 ], [ 30.215356, -17.485404 ], [ 30.216859, -17.493852 ], [ 30.21545, -17.498853 ], [ 30.216529, -17.503743 ], [ 30.218389, -17.506453 ], [ 30.225929, -17.51104 ], [ 30.226232, -17.514578 ], [ 30.228803, -17.517965 ], [ 30.227973, -17.521644 ], [ 30.223182, -17.527114 ], [ 30.226495, -17.536349 ], [ 30.225118, -17.54396 ], [ 30.227586, -17.554017 ], [ 30.228067, -17.563948 ], [ 30.220199, -17.577327 ], [ 30.220969, -17.587523 ], [ 30.21309, -17.600227 ], [ 30.010414, -17.63511 ], [ 30.010435, -17.639738 ], [ 29.988648, -17.655671 ], [ 29.980879, -17.667893 ], [ 29.962386, -17.704753 ], [ 29.956302, -17.711458 ], [ 29.954532, -17.726349 ], [ 29.951006, -17.730699 ], [ 29.951784, -17.741478 ], [ 29.947132, -17.753969 ], [ 29.948406, -17.765462 ], [ 29.944212, -17.767581 ], [ 29.937412, -17.77575 ], [ 29.931333, -17.788442 ], [ 29.927754, -17.792906 ], [ 29.919356, -17.796046 ], [ 29.899831, -17.811065 ], [ 29.888021, -17.815393 ], [ 29.88409, -17.818431 ], [ 29.877981, -17.825002 ], [ 29.863266, -17.849151 ], [ 29.841723, -17.853261 ], [ 29.836203, -17.852361 ], [ 29.83404, -17.857145 ], [ 29.834849, -17.860386 ], [ 29.838246, -17.863806 ], [ 29.851004, -17.867762 ], [ 29.870771, -17.881798 ], [ 29.882044, -17.882517 ], [ 29.890196, -17.879624 ], [ 29.902955, -17.883196 ], [ 29.904717, -17.882418 ], [ 29.904706, -17.879502 ], [ 29.911023, -17.874305 ], [ 29.921752, -17.872479 ], [ 29.937782, -17.865854 ], [ 29.941246, -17.865759 ], [ 29.945064, -17.869143 ], [ 29.945552, -17.864769 ], [ 29.948583, -17.861843 ], [ 29.951967, -17.862476 ], [ 29.957817, -17.866741 ], [ 29.962846, -17.864532 ], [ 29.967473, -17.859817 ], [ 29.971461, -17.863361 ], [ 29.978211, -17.860905 ], [ 29.981604, -17.86348 ], [ 29.998417, -17.862513 ], [ 30.017458, -17.865797 ], [ 30.019935, -17.864084 ], [ 30.030946, -17.864798 ], [ 30.036579, -17.87251 ], [ 30.038344, -17.870715 ], [ 30.042252, -17.870952 ], [ 30.040986, -17.866365 ], [ 30.042309, -17.864658 ], [ 30.045416, -17.864304 ], [ 30.048981, -17.867433 ], [ 30.055279, -17.866127 ], [ 30.057259, -17.871646 ], [ 30.067902, -17.869383 ], [ 30.072858, -17.872674 ], [ 30.076309, -17.870618 ], [ 30.076467, -17.866789 ], [ 30.08328, -17.861994 ], [ 30.086477, -17.862404 ], [ 30.095516, -17.858957 ], [ 30.100221, -17.859274 ], [ 30.102605, -17.85654 ], [ 30.106637, -17.863663 ], [ 30.113552, -17.862266 ], [ 30.113099, -17.860229 ], [ 30.115052, -17.860218 ], [ 30.118967, -17.86224 ], [ 30.121394, -17.867413 ], [ 30.125033, -17.867479 ], [ 30.129856, -17.872981 ], [ 30.133662, -17.870835 ], [ 30.134617, -17.866663 ], [ 30.138441, -17.868174 ], [ 30.139052, -17.866045 ], [ 30.142064, -17.864839 ], [ 30.147975, -17.858431 ], [ 30.14867, -17.855281 ], [ 30.153108, -17.855342 ], [ 30.155778, -17.856858 ], [ 30.157628, -17.854043 ], [ 30.162322, -17.852319 ], [ 30.166499, -17.853485 ], [ 30.169811, -17.856915 ], [ 30.18483, -17.854062 ], [ 30.202317, -17.854844 ], [ 30.202238, -17.856942 ], [ 30.209431, -17.857327 ], [ 30.214423, -17.860956 ], [ 30.224014, -17.861582 ], [ 30.22803, -17.865299 ], [ 30.235914, -17.862534 ], [ 30.242217, -17.862839 ], [ 30.253735, -17.869814 ], [ 30.259503, -17.86602 ], [ 30.265209, -17.868053 ], [ 30.267151, -17.864565 ], [ 30.26911, -17.8638 ], [ 30.275702, -17.866301 ], [ 30.280535, -17.87022 ], [ 30.287496, -17.868956 ], [ 30.296651, -17.873036 ], [ 30.298503, -17.870863 ], [ 30.303521, -17.872807 ], [ 30.310844, -17.866558 ], [ 30.318191, -17.864256 ], [ 30.332529, -17.865482 ], [ 30.34384, -17.869171 ], [ 30.351709, -17.86179 ], [ 30.36209, -17.858434 ], [ 30.367166, -17.854171 ], [ 30.380082, -17.848447 ], [ 30.391313, -17.840383 ], [ 30.408951, -17.822408 ], [ 30.419899, -17.847283 ], [ 30.427754, -17.832164 ], [ 30.4428, -17.827925 ], [ 30.449489, -17.83023 ], [ 30.456937, -17.828957 ], [ 30.46226, -17.832305 ], [ 30.464046, -17.835113 ], [ 30.474724, -17.832688 ], [ 30.484739, -17.833651 ], [ 30.488285, -17.835415 ], [ 30.485287, -17.841356 ], [ 30.512999, -17.844356 ], [ 30.516913, -17.867308 ], [ 30.524455, -17.875407 ], [ 30.527291, -17.875016 ], [ 30.531249, -17.869799 ], [ 30.535417, -17.858155 ], [ 30.536365, -17.847154 ], [ 30.538526, -17.843061 ], [ 30.540344, -17.844776 ], [ 30.54509, -17.858207 ], [ 30.548202, -17.860285 ], [ 30.551157, -17.858781 ], [ 30.559412, -17.858844 ], [ 30.569949, -17.870377 ], [ 30.569533, -17.866798 ], [ 30.563261, -17.856097 ], [ 30.553251, -17.845917 ], [ 30.552681, -17.83888 ], [ 30.549944, -17.835195 ], [ 30.550564, -17.831855 ], [ 30.559032, -17.826176 ], [ 30.563434, -17.828614 ], [ 30.566135, -17.827607 ], [ 30.571177, -17.829423 ], [ 30.569672, -17.834745 ], [ 30.570588, -17.836468 ], [ 30.578206, -17.83777 ], [ 30.582101, -17.841057 ], [ 30.585965, -17.840532 ], [ 30.584193, -17.844869 ], [ 30.587699, -17.847808 ], [ 30.59089, -17.843584 ], [ 30.594657, -17.847137 ], [ 30.59598, -17.851451 ], [ 30.598815, -17.850936 ], [ 30.603766, -17.857322 ], [ 30.603459, -17.851148 ], [ 30.597808, -17.83774 ], [ 30.597905, -17.833909 ], [ 30.603261, -17.826211 ], [ 30.607511, -17.825806 ], [ 30.612571, -17.82972 ], [ 30.614237, -17.828227 ], [ 30.623489, -17.830872 ], [ 30.625835, -17.833941 ], [ 30.626148, -17.840601 ], [ 30.63071, -17.846619 ], [ 30.632168, -17.851426 ], [ 30.633026, -17.845997 ], [ 30.630781, -17.839468 ], [ 30.633281, -17.829938 ], [ 30.645695, -17.834163 ], [ 30.648045, -17.837604 ], [ 30.650086, -17.834994 ], [ 30.655373, -17.834952 ], [ 30.659421, -17.841087 ], [ 30.665879, -17.842272 ], [ 30.667713, -17.845881 ], [ 30.66597, -17.853387 ], [ 30.672114, -17.84778 ], [ 30.673663, -17.847891 ], [ 30.676132, -17.850343 ], [ 30.6772, -17.854533 ], [ 30.680021, -17.852782 ], [ 30.682865, -17.853499 ], [ 30.685611, -17.857924 ], [ 30.685953, -17.852734 ], [ 30.689151, -17.84962 ], [ 30.693767, -17.846495 ], [ 30.700599, -17.846191 ], [ 30.706073, -17.85294 ], [ 30.70626, -17.859733 ], [ 30.710559, -17.864885 ], [ 30.712451, -17.874999 ], [ 30.715237, -17.869047 ], [ 30.715136, -17.857312 ], [ 30.71679, -17.854707 ], [ 30.720412, -17.856034 ], [ 30.731471, -17.852361 ], [ 30.736725, -17.863434 ], [ 30.738259, -17.86194 ], [ 30.73898, -17.855882 ], [ 30.741423, -17.855119 ], [ 30.747591, -17.864271 ], [ 30.753986, -17.868198 ], [ 30.760408, -17.865414 ], [ 30.767839, -17.878293 ], [ 30.737412, -17.904615 ], [ 30.751422, -17.921166 ], [ 30.751251, -17.923689 ], [ 30.801537, -17.943444 ], [ 30.817761, -17.919672 ], [ 30.831251, -17.920913 ] ] ] } },
{ "type": "Feature", "properties": { "admin_name": "Zvishavane", "tiles": 5.0, "tests": 7.0, "devices": 5.0, "pop_weight": 1019.6862258911133, "area_km2": 1.645255100530989, "d_mean_tile": 21.4454, "d_median_tile": 1.434, "d_mean_pop": 15.180130713802162, "d_median_pop": 0.43957636099223729, "d_p10_pop": 0.362, "d_p90_pop": 83.441043832230335, "u_median_pop": 2.468187513376642, "lat_median_pop": 33.583531944831996, "pct_above_bb": 14.415324035581786, "pct_above_hi": 14.415324035581786, "divide_ratio": 230.50012108350921, "pop_total": 95665.90849885944, "pop_covered": 1019.6862258911133, "pop_coverage_pct": 1.0658825509437047, "level": "ADM2" }, "geometry": { "type": "Polygon", "coordinates": [ [ [ 30.145151, -20.024084 ], [ 30.144231, -20.019864 ], [ 30.14664, -20.015992 ], [ 30.139049, -20.010368 ], [ 30.142488, -20.005896 ], [ 30.142454, -19.99978 ], [ 30.139095, -19.992177 ], [ 30.144382, -19.986967 ], [ 30.138008, -19.974554 ], [ 30.138805, -19.970439 ], [ 30.142515, -19.968606 ], [ 30.144222, -19.96474 ], [ 30.144697, -19.96038 ], [ 30.143341, -19.958595 ], [ 30.091897, -19.943919 ], [ 30.078002, -19.943209 ], [ 30.047448, -19.934838 ], [ 30.033333, -19.939404 ], [ 29.985868, -19.973545 ], [ 29.977132, -20.000593 ], [ 29.938444, -20.007732 ], [ 29.901891, -20.071815 ], [ 29.873445, -20.061432 ], [ 29.840814, -20.105978 ], [ 29.815963, -20.159153 ], [ 29.792143, -20.215531 ], [ 29.79219, -20.239173 ], [ 29.78743, -20.248711 ], [ 29.778176, -20.284641 ], [ 29.756368, -20.334921 ], [ 29.768401, -20.333744 ], [ 29.783634, -20.351827 ], [ 29.788923, -20.351821 ], [ 29.793425, -20.356542 ], [ 29.796785, -20.35744 ], [ 29.801935, -20.365929 ], [ 29.809015, -20.367127 ], [ 29.814768, -20.364928 ], [ 29.819724, -20.365357 ], [ 29.821904, -20.374366 ], [ 29.826035, -20.378906 ], [ 29.834241, -20.378579 ], [ 29.845216, -20.380874 ], [ 29.85745, -20.387192 ], [ 29.873483, -20.400215 ], [ 29.878971, -20.410928 ], [ 29.895484, -20.414925 ], [ 29.902921, -20.418877 ], [ 29.913222, -20.417567 ], [ 29.92001, -20.418547 ], [ 29.923465, -20.429429 ], [ 29.928524, -20.432796 ], [ 29.931362, -20.430767 ], [ 29.934992, -20.431203 ], [ 29.942009, -20.436429 ], [ 29.947983, -20.438339 ], [ 29.959292, -20.435012 ], [ 29.963605, -20.435867 ], [ 29.975381, -20.449008 ], [ 29.997636, -20.458267 ], [ 29.995338, -20.394659 ], [ 30.11553, -20.490701 ], [ 30.137348, -20.509532 ], [ 30.132588, -20.532111 ], [ 30.136019, -20.533551 ], [ 30.1391, -20.537432 ], [ 30.145193, -20.535828 ], [ 30.152826, -20.537253 ], [ 30.163259, -20.532664 ], [ 30.177048, -20.51889 ], [ 30.179499, -20.520069 ], [ 30.181462, -20.52666 ], [ 30.184334, -20.53107 ], [ 30.186646, -20.532117 ], [ 30.192877, -20.531302 ], [ 30.200579, -20.526919 ], [ 30.203379, -20.527304 ], [ 30.205626, -20.539898 ], [ 30.21067, -20.543112 ], [ 30.230417, -20.541912 ], [ 30.250374, -20.549879 ], [ 30.253552, -20.547861 ], [ 30.25531, -20.54838 ], [ 30.271744, -20.562783 ], [ 30.275191, -20.563359 ], [ 30.27616, -20.559979 ], [ 30.279376, -20.556849 ], [ 30.297673, -20.562501 ], [ 30.307327, -20.568537 ], [ 30.310663, -20.575533 ], [ 30.336256, -20.575182 ], [ 30.344465, -20.572153 ], [ 30.367429, -20.568899 ], [ 30.389193, -20.57962 ], [ 30.397583, -20.5786 ], [ 30.415316, -20.588975 ], [ 30.417213, -20.58686 ], [ 30.414425, -20.582498 ], [ 30.415056, -20.580979 ], [ 30.420119, -20.576515 ], [ 30.428702, -20.574621 ], [ 30.430608, -20.575539 ], [ 30.43179, -20.580869 ], [ 30.436593, -20.586101 ], [ 30.441005, -20.595833 ], [ 30.440881, -20.60585 ], [ 30.443627, -20.612512 ], [ 30.447444, -20.61655 ], [ 30.445113, -20.622744 ], [ 30.447022, -20.624983 ], [ 30.448985, -20.624882 ], [ 30.451446, -20.623696 ], [ 30.4538, -20.617322 ], [ 30.44947, -20.609209 ], [ 30.451226, -20.596288 ], [ 30.450557, -20.58954 ], [ 30.449327, -20.582735 ], [ 30.444871, -20.57575 ], [ 30.445031, -20.571936 ], [ 30.448102, -20.56568 ], [ 30.452539, -20.562882 ], [ 30.460258, -20.562899 ], [ 30.460958, -20.556645 ], [ 30.443755, -20.52803 ], [ 30.420981, -20.499283 ], [ 30.412325, -20.491214 ], [ 30.410973, -20.487767 ], [ 30.414116, -20.481322 ], [ 30.413483, -20.477746 ], [ 30.394133, -20.457387 ], [ 30.390209, -20.456362 ], [ 30.375556, -20.441101 ], [ 30.371743, -20.438945 ], [ 30.368091, -20.431052 ], [ 30.364343, -20.427405 ], [ 30.360152, -20.416112 ], [ 30.357953, -20.415462 ], [ 30.352435, -20.419942 ], [ 30.345203, -20.423052 ], [ 30.339073, -20.418119 ], [ 30.322729, -20.396378 ], [ 30.318323, -20.387615 ], [ 30.320143, -20.371348 ], [ 30.313843, -20.364932 ], [ 30.2868, -20.356569 ], [ 30.281904, -20.357026 ], [ 30.273935, -20.353751 ], [ 30.261473, -20.353559 ], [ 30.258036, -20.352263 ], [ 30.243559, -20.334781 ], [ 30.243609, -20.321955 ], [ 30.260201, -20.283503 ], [ 30.261339, -20.276366 ], [ 30.267142, -20.271983 ], [ 30.269188, -20.265123 ], [ 30.268114, -20.262718 ], [ 30.274795, -20.256938 ], [ 30.275102, -20.251157 ], [ 30.279542, -20.242548 ], [ 30.277337, -20.23743 ], [ 30.278636, -20.231631 ], [ 30.27778, -20.229045 ], [ 30.197767, -20.171677 ], [ 30.158546, -20.206539 ], [ 30.156455, -20.207257 ], [ 30.155343, -20.201954 ], [ 30.153552, -20.200383 ], [ 30.147922, -20.198769 ], [ 30.152694, -20.190275 ], [ 30.160039, -20.187748 ], [ 30.160648, -20.175885 ], [ 30.163975, -20.169468 ], [ 30.166708, -20.15504 ], [ 30.16193, -20.135202 ], [ 30.158166, -20.126689 ], [ 30.16177, -20.122437 ], [ 30.166628, -20.121098 ], [ 30.168295, -20.118794 ], [ 30.171935, -20.108228 ], [ 30.175896, -20.103778 ], [ 30.176747, -20.100141 ], [ 30.179821, -20.098867 ], [ 30.185263, -20.099454 ], [ 30.187455, -20.098047 ], [ 30.187432, -20.094212 ], [ 30.18503, -20.089064 ], [ 30.186308, -20.084412 ], [ 30.185318, -20.080642 ], [ 30.188174, -20.071706 ], [ 30.191674, -20.067291 ], [ 30.190369, -20.065291 ], [ 30.185175, -20.063534 ], [ 30.170706, -20.054462 ], [ 30.166819, -20.04358 ], [ 30.160424, -20.044028 ], [ 30.151, -20.036537 ], [ 30.144024, -20.033325 ], [ 30.1426, -20.028323 ], [ 30.145151, -20.024084 ] ], [ [ 30.006061, -20.29137 ], [ 30.039479, -20.27616 ], [ 30.058571, -20.287411 ], [ 30.065998, -20.284573 ], [ 30.06888, -20.288374 ], [ 30.068529, -20.294325 ], [ 30.08599, -20.306127 ], [ 30.083465, -20.311337 ], [ 30.101874, -20.325818 ], [ 30.098031, -20.360074 ], [ 30.098395, -20.376567 ], [ 30.092458, -20.372547 ], [ 30.091323, -20.367254 ], [ 30.087354, -20.363466 ], [ 30.086574, -20.366801 ], [ 30.08502, -20.367333 ], [ 30.079753, -20.362601 ], [ 30.071083, -20.363281 ], [ 30.063953, -20.361962 ], [ 30.062511, -20.360189 ], [ 30.062738, -20.355455 ], [ 30.058606, -20.355632 ], [ 30.051524, -20.352266 ], [ 30.052682, -20.345671 ], [ 30.048384, -20.342909 ], [ 30.048028, -20.340933 ], [ 30.04056, -20.339808 ], [ 30.038174, -20.338366 ], [ 30.03768, -20.336132 ], [ 30.033211, -20.333819 ], [ 30.037121, -20.331662 ], [ 30.036564, -20.330007 ], [ 30.032162, -20.330316 ], [ 30.026345, -20.324374 ], [ 30.024198, -20.326573 ], [ 30.018104, -20.32735 ], [ 30.018251, -20.321081 ], [ 30.016679, -20.319693 ], [ 30.008405, -20.319023 ], [ 30.004966, -20.320982 ], [ 30.002828, -20.316978 ], [ 29.991106, -20.306149 ], [ 29.994619, -20.303025 ], [ 29.995397, -20.296161 ], [ 30.006061, -20.29137 ] ] ] } },
{ "type": "Feature", "properties": { "admin_name": "Zvishavane Urban", "tiles": 12.0, "tests": 33.0, "devices": 13.0, "pop_weight": 20627.741638183594, "area_km2": 3.9468666243730324, "d_mean_tile": 51.26675, "d_median_tile": 17.6755, "d_mean_pop": 73.287279127671837, "d_median_pop": 51.953005499312567, "d_p10_pop": 3.1960453489969245, "d_p90_pop": 158.294, "u_median_pop": 38.365332771088873, "lat_median_pop": 24.0, "pct_above_bb": 81.652271134093652, "pct_above_hi": 58.19209300832788, "divide_ratio": 49.528083213738007, "pop_total": 64447.56223990427, "pop_covered": 20627.741638183594, "pop_coverage_pct": 32.007016124826251, "level": "ADM2" }, "geometry": { "type": "Polygon", "coordinates": [ [ [ 30.006061, -20.29137 ], [ 29.995397, -20.296161 ], [ 29.994619, -20.303025 ], [ 29.991106, -20.306149 ], [ 30.002828, -20.316978 ], [ 30.004966, -20.320982 ], [ 30.008405, -20.319023 ], [ 30.016679, -20.319693 ], [ 30.018251, -20.321081 ], [ 30.018104, -20.32735 ], [ 30.024198, -20.326573 ], [ 30.026345, -20.324374 ], [ 30.032162, -20.330316 ], [ 30.036564, -20.330007 ], [ 30.037121, -20.331662 ], [ 30.033211, -20.333819 ], [ 30.03768, -20.336132 ], [ 30.038174, -20.338366 ], [ 30.04056, -20.339808 ], [ 30.048028, -20.340933 ], [ 30.048384, -20.342909 ], [ 30.052682, -20.345671 ], [ 30.051524, -20.352266 ], [ 30.058606, -20.355632 ], [ 30.062738, -20.355455 ], [ 30.062511, -20.360189 ], [ 30.063953, -20.361962 ], [ 30.071083, -20.363281 ], [ 30.079753, -20.362601 ], [ 30.08502, -20.367333 ], [ 30.086574, -20.366801 ], [ 30.087354, -20.363466 ], [ 30.091323, -20.367254 ], [ 30.092458, -20.372547 ], [ 30.098395, -20.376567 ], [ 30.098031, -20.360074 ], [ 30.101874, -20.325818 ], [ 30.083465, -20.311337 ], [ 30.08599, -20.306127 ], [ 30.068529, -20.294325 ], [ 30.06888, -20.288374 ], [ 30.065998, -20.284573 ], [ 30.058571, -20.287411 ], [ 30.039479, -20.27616 ], [ 30.006061, -20.29137 ] ] ] } }
]
}
